goal_id,name,stmt,sample_idx,text,latency_s,cond,tactic,kind,rule,lead_tok,kw_valid,flagged,sorry,note
167621,preimage_ball,theorem preimage_ball (a : {a // p a}) (r : ℝ) : Subtype.val ⁻¹' (ball a.1 r) = ball a r,0,rw [set.preimage_eq],0.56,constrained,rw [set.preimage_eq],named,rw_tac,rw,True,,False,
167621,preimage_ball,theorem preimage_ball (a : {a // p a}) (r : ℝ) : Subtype.val ⁻¹' (ball a.1 r) = ball a r,1,rw [←mem_preimage],0.22,constrained,rw [←mem_preimage],named,rw_tac,rw,True,,False,
167621,preimage_ball,theorem preimage_ball (a : {a // p a}) (r : ℝ) : Subtype.val ⁻¹' (ball a.1 r) = ball a r,2,simplify,0.13,constrained,simplify,named,simp_tac,simplify,False,,False,
167621,preimage_ball,theorem preimage_ball (a : {a // p a}) (r : ℝ) : Subtype.val ⁻¹' (ball a.1 r) = ball a r,3,rw [preimage_univ],0.23,constrained,rw [preimage_univ],named,rw_tac,rw,True,,False,
167621,preimage_ball,theorem preimage_ball (a : {a // p a}) (r : ℝ) : Subtype.val ⁻¹' (ball a.1 r) = ball a r,4,rw [preimage_const],0.2,constrained,rw [preimage_const],named,rw_tac,rw,True,,False,
167621,preimage_ball,theorem preimage_ball (a : {a // p a}) (r : ℝ) : Subtype.val ⁻¹' (ball a.1 r) = ball a r,5,rw [subtype.preimage],0.2,constrained,rw [subtype.preimage],named,rw_tac,rw,True,,False,
167621,preimage_ball,theorem preimage_ball (a : {a // p a}) (r : ℝ) : Subtype.val ⁻¹' (ball a.1 r) = ball a r,6,cases a; unfold Subtype.val; rw [preimage_const]; simp; rw [ball_def],0.56,constrained,cases a; unfold Subtype.val; rw [preimage_const]; simp; rw [ball_def],named,cases_tac,cases,True,ball_def,False,
167621,preimage_ball,theorem preimage_ball (a : {a // p a}) (r : ℝ) : Subtype.val ⁻¹' (ball a.1 r) = ball a r,7,unfold Subtype.val; congr; apply Set.ball_subset_ball_of_le_radius; linarith,0.49,constrained,unfold Subtype.val; congr; apply Set.ball_subset_ball_of_le_radius; linarith,named,unfold_tac,unfold,True,Set.ball_subset_ball_of_le_radius,False,
29184,Q_idem,theorem Q_idem (q : ℕ) : (Q q : K[X] ⟶ K[X]) ≫ Q q = Q q,0,rw [idem_def],0.2,constrained,rw [idem_def],named,rw_tac,rw,True,idem_def,False,
29184,Q_idem,theorem Q_idem (q : ℕ) : (Q q : K[X] ⟶ K[X]) ≫ Q q = Q q,1,rw [category.id_comp],0.21,constrained,rw [category.id_comp],named,rw_tac,rw,True,,False,
29184,Q_idem,theorem Q_idem (q : ℕ) : (Q q : K[X] ⟶ K[X]) ≫ Q q = Q q,2,use Q_idem,0.15,constrained,use Q_idem,named,use_tac,use,True,,False,
29184,Q_idem,theorem Q_idem (q : ℕ) : (Q q : K[X] ⟶ K[X]) ≫ Q q = Q q,3,rewrite category.id_comp,0.16,constrained,rewrite category.id_comp,fallback,generic_tac,rewrite,False,,False,
29184,Q_idem,theorem Q_idem (q : ℕ) : (Q q : K[X] ⟶ K[X]) ≫ Q q = Q q,4,unfold Q,0.13,constrained,unfold Q,named,unfold_tac,unfold,True,,False,
29184,Q_idem,theorem Q_idem (q : ℕ) : (Q q : K[X] ⟶ K[X]) ≫ Q q = Q q,5,rw [category.id_comp],0.2,constrained,rw [category.id_comp],named,rw_tac,rw,True,,False,
29184,Q_idem,theorem Q_idem (q : ℕ) : (Q q : K[X] ⟶ K[X]) ≫ Q q = Q q,6,rw [Q_comp_Q],0.2,constrained,rw [Q_comp_Q],named,rw_tac,rw,True,Q_comp_Q,False,
29184,Q_idem,theorem Q_idem (q : ℕ) : (Q q : K[X] ⟶ K[X]) ≫ Q q = Q q,7,dsimp [Q],0.18,constrained,dsimp [Q],named,dsimp_tac,dsimp,True,,False,
6556,card_pow_le,"lemma card_pow_le : ∀ {n}, #(s ^ n) ≤ #s ^ n | 0 => by simp | n + 1 => by rw [pow_succ, pow_succ]; refine card_mul_le.trans (by gcongr; exact card_pow_le) @[to_additive] theorem mul_univ_of_one_mem [Fintype α] (hs : (1 : α) ∈ s) : s * univ = univ",0,induction n,0.14,constrained,induction n,named,induction_tac,induction,True,,False,
6556,card_pow_le,"lemma card_pow_le : ∀ {n}, #(s ^ n) ≤ #s ^ n | 0 => by simp | n + 1 => by rw [pow_succ, pow_succ]; refine card_mul_le.trans (by gcongr; exact card_pow_le) @[to_additive] theorem mul_univ_of_one_mem [Fintype α] (hs : (1 : α) ∈ s) : s * univ = univ",1,use Finset.card_eq_card_image_of_injective,0.3,constrained,use Finset.card_eq_card_image_of_injective,named,use_tac,use,True,Finset.card_eq_card_image_of_injective,False,
6556,card_pow_le,"lemma card_pow_le : ∀ {n}, #(s ^ n) ≤ #s ^ n | 0 => by simp | n + 1 => by rw [pow_succ, pow_succ]; refine card_mul_le.trans (by gcongr; exact card_pow_le) @[to_additive] theorem mul_univ_of_one_mem [Fintype α] (hs : (1 : α) ∈ s) : s * univ = univ",2,rw [pow_succ],0.18,constrained,rw [pow_succ],named,rw_tac,rw,True,,False,
6556,card_pow_le,"lemma card_pow_le : ∀ {n}, #(s ^ n) ≤ #s ^ n | 0 => by simp | n + 1 => by rw [pow_succ, pow_succ]; refine card_mul_le.trans (by gcongr; exact card_pow_le) @[to_additive] theorem mul_univ_of_one_mem [Fintype α] (hs : (1 : α) ∈ s) : s * univ = univ",3,rw [pow_zero],0.18,constrained,rw [pow_zero],named,rw_tac,rw,True,,False,
6556,card_pow_le,"lemma card_pow_le : ∀ {n}, #(s ^ n) ≤ #s ^ n | 0 => by simp | n + 1 => by rw [pow_succ, pow_succ]; refine card_mul_le.trans (by gcongr; exact card_pow_le) @[to_additive] theorem mul_univ_of_one_mem [Fintype α] (hs : (1 : α) ∈ s) : s * univ = univ",4,rw [mul_univ_of_one_mem],0.28,constrained,rw [mul_univ_of_one_mem],named,rw_tac,rw,True,,False,
6556,card_pow_le,"lemma card_pow_le : ∀ {n}, #(s ^ n) ≤ #s ^ n | 0 => by simp | n + 1 => by rw [pow_succ, pow_succ]; refine card_mul_le.trans (by gcongr; exact card_pow_le) @[to_additive] theorem mul_univ_of_one_mem [Fintype α] (hs : (1 : α) ∈ s) : s * univ = univ",5,rw [pow_succ],0.18,constrained,rw [pow_succ],named,rw_tac,rw,True,,False,
6556,card_pow_le,"lemma card_pow_le : ∀ {n}, #(s ^ n) ≤ #s ^ n | 0 => by simp | n + 1 => by rw [pow_succ, pow_succ]; refine card_mul_le.trans (by gcongr; exact card_pow_le) @[to_additive] theorem mul_univ_of_one_mem [Fintype α] (hs : (1 : α) ∈ s) : s * univ = univ",6,rw [←mul_eq_univ_iff],0.28,constrained,rw [←mul_eq_univ_iff],named,rw_tac,rw,True,mul_eq_univ_iff,False,
6556,card_pow_le,"lemma card_pow_le : ∀ {n}, #(s ^ n) ≤ #s ^ n | 0 => by simp | n + 1 => by rw [pow_succ, pow_succ]; refine card_mul_le.trans (by gcongr; exact card_pow_le) @[to_additive] theorem mul_univ_of_one_mem [Fintype α] (hs : (1 : α) ∈ s) : s * univ = univ",7,rw [mul_univ_of_one_mem],0.28,constrained,rw [mul_univ_of_one_mem],named,rw_tac,rw,True,,False,
72097,addLECancellable_of_lt_top,lemma addLECancellable_of_lt_top : a < ⊤ → AddLECancellable a,0,use lt_as_le_not_le,0.2,constrained,use lt_as_le_not_le,named,use_tac,use,True,lt_as_le_not_le,False,
72097,addLECancellable_of_lt_top,lemma addLECancellable_of_lt_top : a < ⊤ → AddLECancellable a,1,"intro hlt, simp [add_le_cancel_right]",0.33,constrained,"intro hlt, simp [add_le_cancel_right]",named,intro_tac,intro,True,add_le_cancel_right,False,
72097,addLECancellable_of_lt_top,lemma addLECancellable_of_lt_top : a < ⊤ → AddLECancellable a,2,rw [AddLECancellable.def],0.22,constrained,rw [AddLECancellable.def],named,rw_tac,rw,True,,False,
72097,addLECancellable_of_lt_top,lemma addLECancellable_of_lt_top : a < ⊤ → AddLECancellable a,3,"intro hlt, refine AddLECancellable.mk _, intros b c hab, rw [← hab], apply le_trans hlt, assumption",0.7,constrained,"intro hlt, refine AddLECancellable.mk _, intros b c hab, rw [← hab], apply le_trans hlt, assumption",named,intro_tac,intro,True,,False,
72097,addLECancellable_of_lt_top,lemma addLECancellable_of_lt_top : a < ⊤ → AddLECancellable a,4,use decidable_linear_order_of_Enat.top_ne_bot,0.35,constrained,use decidable_linear_order_of_Enat.top_ne_bot,named,use_tac,use,True,,False,
72097,addLECancellable_of_lt_top,lemma addLECancellable_of_lt_top : a < ⊤ → AddLECancellable a,5,rfl tactic,0.13,constrained,rfl tactic,fallback,generic_tac,rfl,True,,False,
72097,addLECancellable_of_lt_top,lemma addLECancellable_of_lt_top : a < ⊤ → AddLECancellable a,6,cases le_or_lt a top,0.2,constrained,cases le_or_lt a top,named,cases_tac,cases,True,,False,
72097,addLECancellable_of_lt_top,lemma addLECancellable_of_lt_top : a < ⊤ → AddLECancellable a,7,rw [AddLECancellable],0.2,constrained,rw [AddLECancellable],named,rw_tac,rw,True,AddLECancellable,False,
64196,inv_whiskerRight,theorem inv_whiskerRight {G H : C ⥤ D} (α : G ⟶ H) (F : D ⥤ E) [IsIso α] : inv (whiskerRight α F) = whiskerRight (inv α) F,0,rw [inv_whisker_right],0.25,constrained,rw [inv_whisker_right],named,rw_tac,rw,True,inv_whisker_right,False,
64196,inv_whiskerRight,theorem inv_whiskerRight {G H : C ⥤ D} (α : G ⟶ H) (F : D ⥤ E) [IsIso α] : inv (whiskerRight α F) = whiskerRight (inv α) F,1,rw [inv_whiskerRight_assoc],0.28,constrained,rw [inv_whiskerRight_assoc],named,rw_tac,rw,True,inv_whiskerRight_assoc,False,
64196,inv_whiskerRight,theorem inv_whiskerRight {G H : C ⥤ D} (α : G ⟶ H) (F : D ⥤ E) [IsIso α] : inv (whiskerRight α F) = whiskerRight (inv α) F,2,change (inv (whiskerRight α F)) to (whiskerRight (inv α) F) using IsIso.inv_whiskerRight α F,0.86,constrained,change (inv (whiskerRight α F)) to (whiskerRight (inv α) F) using IsIso.inv_whiskerRight α F,named,change_tac,change,True,,False,
64196,inv_whiskerRight,theorem inv_whiskerRight {G H : C ⥤ D} (α : G ⟶ H) (F : D ⥤ E) [IsIso α] : inv (whiskerRight α F) = whiskerRight (inv α) F,3,rw [whiskerRight_inv],0.25,constrained,rw [whiskerRight_inv],named,rw_tac,rw,True,whiskerRight_inv,False,
64196,inv_whiskerRight,theorem inv_whiskerRight {G H : C ⥤ D} (α : G ⟶ H) (F : D ⥤ E) [IsIso α] : inv (whiskerRight α F) = whiskerRight (inv α) F,4,rewrite inv_comp_right,0.16,constrained,rewrite inv_comp_right,fallback,generic_tac,rewrite,False,inv_comp_right,False,
64196,inv_whiskerRight,theorem inv_whiskerRight {G H : C ⥤ D} (α : G ⟶ H) (F : D ⥤ E) [IsIso α] : inv (whiskerRight α F) = whiskerRight (inv α) F,5,rw [inv_whiskerRight],0.25,constrained,rw [inv_whiskerRight],named,rw_tac,rw,True,,False,
64196,inv_whiskerRight,theorem inv_whiskerRight {G H : C ⥤ D} (α : G ⟶ H) (F : D ⥤ E) [IsIso α] : inv (whiskerRight α F) = whiskerRight (inv α) F,6,unfold whiskerRight inv,0.18,constrained,unfold whiskerRight inv,named,unfold_tac,unfold,True,,False,
64196,inv_whiskerRight,theorem inv_whiskerRight {G H : C ⥤ D} (α : G ⟶ H) (F : D ⥤ E) [IsIso α] : inv (whiskerRight α F) = whiskerRight (inv α) F,7,rw [inv_whiskerRight'],0.25,constrained,rw [inv_whiskerRight'],named,rw_tac,rw,True,inv_whiskerRight',False,
58513,isUniversalColimit_extendCofan,"theorem isUniversalColimit_extendCofan {n : ℕ} (f : Fin (n + 1) → C) {c₁ : Cofan fun i : Fin n ↦ f i.succ} {c₂ : BinaryCofan (f 0) c₁.pt} (t₁ : IsUniversalColimit c₁) (t₂ : IsUniversalColimit c₂) [∀ {Z} (i : Z ⟶ c₂.pt), HasPullback c₂.inr i] : IsUniversalColimit (extendCofan c₁ c₂)",0,intros j h; cases h; simp only [extendCofan_coe]; apply t₁; exact h.,0.63,constrained,intros j h; cases h; simp only [extendCofan_coe]; apply t₁; exact h.,named,intro_tac,intros,True,extendCofan_coe,False,
58513,isUniversalColimit_extendCofan,"theorem isUniversalColimit_extendCofan {n : ℕ} (f : Fin (n + 1) → C) {c₁ : Cofan fun i : Fin n ↦ f i.succ} {c₂ : BinaryCofan (f 0) c₁.pt} (t₁ : IsUniversalColimit c₁) (t₂ : IsUniversalColimit c₂) [∀ {Z} (i : Z ⟶ c₂.pt), HasPullback c₂.inr i] : IsUniversalColimit (extendCofan c₁ c₂)",1,rw [IsUniversalColimit.def] at *,0.3,constrained,rw [IsUniversalColimit.def] at *,named,rw_tac,rw,True,,False,
58513,isUniversalColimit_extendCofan,"theorem isUniversalColimit_extendCofan {n : ℕ} (f : Fin (n + 1) → C) {c₁ : Cofan fun i : Fin n ↦ f i.succ} {c₂ : BinaryCofan (f 0) c₁.pt} (t₁ : IsUniversalColimit c₁) (t₂ : IsUniversalColimit c₂) [∀ {Z} (i : Z ⟶ c₂.pt), HasPullback c₂.inr i] : IsUniversalColimit (extendCofan c₁ c₂)",2,unifyGoal,0.13,constrained,unifyGoal,fallback,generic_tac,unifyGoal,False,,False,
58513,isUniversalColimit_extendCofan,"theorem isUniversalColimit_extendCofan {n : ℕ} (f : Fin (n + 1) → C) {c₁ : Cofan fun i : Fin n ↦ f i.succ} {c₂ : BinaryCofan (f 0) c₁.pt} (t₁ : IsUniversalColimit c₁) (t₂ : IsUniversalColimit c₂) [∀ {Z} (i : Z ⟶ c₂.pt), HasPullback c₂.inr i] : IsUniversalColimit (extendCofan c₁ c₂)",3,rw [isUniversalColimit.def],0.25,constrained,rw [isUniversalColimit.def],named,rw_tac,rw,True,,False,
58513,isUniversalColimit_extendCofan,"theorem isUniversalColimit_extendCofan {n : ℕ} (f : Fin (n + 1) → C) {c₁ : Cofan fun i : Fin n ↦ f i.succ} {c₂ : BinaryCofan (f 0) c₁.pt} (t₁ : IsUniversalColimit c₁) (t₂ : IsUniversalColimit c₂) [∀ {Z} (i : Z ⟶ c₂.pt), HasPullback c₂.inr i] : IsUniversalColimit (extendCofan c₁ c₂)",4,"induction t₁, t₂; intros Z hZ; apply exists_unique.intro; intros i hi; specialize (hZ i hi); induction hZ as ⟨_, _, _, h⟩; simp; unfold extendCofan; exact h; constructor; intros j hj; specialize (hj j hj);",1.57,constrained,"induction t₁, t₂; intros Z hZ; apply exists_unique.intro; intros i hi; specialize (hZ i hi); induction hZ as ⟨_, _, _, h⟩; simp; unfold extendCofan; exact h; constructor; intros j hj; specialize (hj j hj);",named,induction_tac,induction,True,as,False,
58513,isUniversalColimit_extendCofan,"theorem isUniversalColimit_extendCofan {n : ℕ} (f : Fin (n + 1) → C) {c₁ : Cofan fun i : Fin n ↦ f i.succ} {c₂ : BinaryCofan (f 0) c₁.pt} (t₁ : IsUniversalColimit c₁) (t₂ : IsUniversalColimit c₂) [∀ {Z} (i : Z ⟶ c₂.pt), HasPullback c₂.inr i] : IsUniversalColimit (extendCofan c₁ c₂)",5,"unfold IsUniversalColimit extendCofan; unfold BinaryCofan; refine ⟨_, _⟩; intros; apply t₁; apply t₂; apply hasPullback_of_extendCofan; exact h; sorry",1.16,constrained,"unfold IsUniversalColimit extendCofan; unfold BinaryCofan; refine ⟨_, _⟩; intros; apply t₁; apply t₂; apply hasPullback_of_extendCofan; exact h; sorry",named,unfold_tac,unfold,True,hasPullback_of_extendCofan,True,
58513,isUniversalColimit_extendCofan,"theorem isUniversalColimit_extendCofan {n : ℕ} (f : Fin (n + 1) → C) {c₁ : Cofan fun i : Fin n ↦ f i.succ} {c₂ : BinaryCofan (f 0) c₁.pt} (t₁ : IsUniversalColimit c₁) (t₂ : IsUniversalColimit c₂) [∀ {Z} (i : Z ⟶ c₂.pt), HasPullback c₂.inr i] : IsUniversalColimit (extendCofan c₁ c₂)",6,"induction t₁, t₂",0.22,constrained,"induction t₁, t₂",named,induction_tac,induction,True,,False,
58513,isUniversalColimit_extendCofan,"theorem isUniversalColimit_extendCofan {n : ℕ} (f : Fin (n + 1) → C) {c₁ : Cofan fun i : Fin n ↦ f i.succ} {c₂ : BinaryCofan (f 0) c₁.pt} (t₁ : IsUniversalColimit c₁) (t₂ : IsUniversalColimit c₂) [∀ {Z} (i : Z ⟶ c₂.pt), HasPullback c₂.inr i] : IsUniversalColimit (extendCofan c₁ c₂)",7,have h₁ := t₁.is_colimit,0.27,constrained,have h₁ := t₁.is_colimit,named,have_tac,have,True,is_colimit,False,
36579,iteratedDeriv_succ',theorem iteratedDeriv_succ' : iteratedDeriv (n + 1) f = iteratedDeriv n (deriv f),0,"induction n with | zero => simp | succ n ih => rw [iteratedDeriv_succ] at ih; simp [ih, deriv_comp]",0.8,constrained,"induction n with | zero => simp | succ n ih => rw [iteratedDeriv_succ] at ih; simp [ih, deriv_comp]",named,induction_tac,induction,True,,False,
36579,iteratedDeriv_succ',theorem iteratedDeriv_succ' : iteratedDeriv (n + 1) f = iteratedDeriv n (deriv f),1,induction n,0.13,constrained,induction n,named,induction_tac,induction,True,,False,
36579,iteratedDeriv_succ',theorem iteratedDeriv_succ' : iteratedDeriv (n + 1) f = iteratedDeriv n (deriv f),2,rewrite iteratedDeriv_succ; simp; unfold deriv; apply funext; intros x; induction n with [zero | succ] <;> simp *; ring.,0.9,constrained,rewrite iteratedDeriv_succ; simp; unfold deriv; apply funext; intros x; induction n with [zero | succ] <;> simp *; ring.,fallback,generic_tac,rewrite,False,,False,
36579,iteratedDeriv_succ',theorem iteratedDeriv_succ' : iteratedDeriv (n + 1) f = iteratedDeriv n (deriv f),3,"induction n with k hk, simp [*]",0.3,constrained,"induction n with k hk, simp [*]",named,induction_tac,induction,True,hk,False,
36579,iteratedDeriv_succ',theorem iteratedDeriv_succ' : iteratedDeriv (n + 1) f = iteratedDeriv n (deriv f),4,rw [iteratedDeriv.succ],0.25,constrained,rw [iteratedDeriv.succ],named,rw_tac,rw,True,,False,
36579,iteratedDeriv_succ',theorem iteratedDeriv_succ' : iteratedDeriv (n + 1) f = iteratedDeriv n (deriv f),5,"induction n; simp only [iteratedDeriv_zero, deriv_add]",0.42,constrained,"induction n; simp only [iteratedDeriv_zero, deriv_add]",named,induction_tac,induction,True,,False,
36579,iteratedDeriv_succ',theorem iteratedDeriv_succ' : iteratedDeriv (n + 1) f = iteratedDeriv n (deriv f),6,rw [iteratedDeriv],0.2,constrained,rw [iteratedDeriv],named,rw_tac,rw,True,,False,
36579,iteratedDeriv_succ',theorem iteratedDeriv_succ' : iteratedDeriv (n + 1) f = iteratedDeriv n (deriv f),7,"induction n with | zero => simp [iteratedDeriv_zero] | succ n ih => simp [iteratedDeriv_succ, ih, deriv_add']",0.83,constrained,"induction n with | zero => simp [iteratedDeriv_zero] | succ n ih => simp [iteratedDeriv_succ, ih, deriv_add']",named,induction_tac,induction,True,deriv_add',False,
26868,X_eq_iff,lemma X_eq_iff {P Q : Fin 3 → F} (hPz : P z ≠ 0) (hQz : Q z ≠ 0) : P x * Q z ^ 2 = Q x * P z ^ 2 ↔ P x / P z ^ 2 = Q x / Q z ^ 2,0,rw [←eq_div_cancel_right] at hPz hQz; rw [←eq_mul_cancel_left]; ring homothety; linarith,0.81,constrained,rw [←eq_div_cancel_right] at hPz hQz; rw [←eq_mul_cancel_left]; ring homothety; linarith,named,rw_tac,rw,True,eq_div_cancel_right;eq_mul_cancel_left,False,
26868,X_eq_iff,lemma X_eq_iff {P Q : Fin 3 → F} (hPz : P z ≠ 0) (hQz : Q z ≠ 0) : P x * Q z ^ 2 = Q x * P z ^ 2 ↔ P x / P z ^ 2 = Q x / Q z ^ 2,1,simplify [(H)⟩] at *,0.28,constrained,simplify [(H)⟩] at *,named,simp_tac,simplify,False,,False,
26868,X_eq_iff,lemma X_eq_iff {P Q : Fin 3 → F} (hPz : P z ≠ 0) (hQz : Q z ≠ 0) : P x * Q z ^ 2 = Q x * P z ^ 2 ↔ P x / P z ^ 2 = Q x / Q z ^ 2,2,rw [←div_mul_cancel hPz],0.31,constrained,rw [←div_mul_cancel hPz],named,rw_tac,rw,True,,False,
26868,X_eq_iff,lemma X_eq_iff {P Q : Fin 3 → F} (hPz : P z ≠ 0) (hQz : Q z ≠ 0) : P x * Q z ^ 2 = Q x * P z ^ 2 ↔ P x / P z ^ 2 = Q x / Q z ^ 2,3,"simplify [hPz, hQz]",0.32,constrained,"simplify [hPz, hQz]",named,simp_tac,simplify,False,,False,
26868,X_eq_iff,lemma X_eq_iff {P Q : Fin 3 → F} (hPz : P z ≠ 0) (hQz : Q z ≠ 0) : P x * Q z ^ 2 = Q x * P z ^ 2 ↔ P x / P z ^ 2 = Q x / Q z ^ 2,4,"rw [←eq_div_cancel hPz, ←eq_div_cancel hQz]",0.49,constrained,"rw [←eq_div_cancel hPz, ←eq_div_cancel hQz]",named,rw_tac,rw,True,eq_div_cancel,False,
26868,X_eq_iff,lemma X_eq_iff {P Q : Fin 3 → F} (hPz : P z ≠ 0) (hQz : Q z ≠ 0) : P x * Q z ^ 2 = Q x * P z ^ 2 ↔ P x / P z ^ 2 = Q x / Q z ^ 2,5,ring homomorphism from `Fin 3 → F` to `F`,0.44,constrained,ring homomorphism from `Fin 3 → F` to `F`,fallback,generic_tac,ring,True,Fin,False,
26868,X_eq_iff,lemma X_eq_iff {P Q : Fin 3 → F} (hPz : P z ≠ 0) (hQz : Q z ≠ 0) : P x * Q z ^ 2 = Q x * P z ^ 2 ↔ P x / P z ^ 2 = Q x / Q z ^ 2,6,rw [div_mul_cancel hPz],0.26,constrained,rw [div_mul_cancel hPz],named,rw_tac,rw,True,,False,
26868,X_eq_iff,lemma X_eq_iff {P Q : Fin 3 → F} (hPz : P z ≠ 0) (hQz : Q z ≠ 0) : P x * Q z ^ 2 = Q x * P z ^ 2 ↔ P x / P z ^ 2 = Q x / Q z ^ 2,7,rewrite pow_mul_distrib_left,0.2,constrained,rewrite pow_mul_distrib_left,fallback,generic_tac,rewrite,False,pow_mul_distrib_left,False,
142964,extended_le_one_of_le_one,theorem extended_le_one_of_le_one (hI : I ≤ 1) : extended L hf I ≤ 1,0,rw [extended_def],0.18,constrained,rw [extended_def],named,rw_tac,rw,True,extended_def,False,
142964,extended_le_one_of_le_one,theorem extended_le_one_of_le_one (hI : I ≤ 1) : extended L hf I ≤ 1,1,unfold extended at *,0.16,constrained,unfold extended at *,named,unfold_tac,unfold,True,,False,
142964,extended_le_one_of_le_one,theorem extended_le_one_of_le_one (hI : I ≤ 1) : extended L hf I ≤ 1,2,apply le_trans hI (hf I),0.27,constrained,apply le_trans hI (hf I),named,apply_tac,apply,True,,False,
142964,extended_le_one_of_le_one,theorem extended_le_one_of_le_one (hI : I ≤ 1) : extended L hf I ≤ 1,3,apply hf; assumption,0.15,constrained,apply hf; assumption,named,apply_tac,apply,True,,False,
142964,extended_le_one_of_le_one,theorem extended_le_one_of_le_one (hI : I ≤ 1) : extended L hf I ≤ 1,4,"have hI' := hI ▸ le_trans hf.extended_le I.extended_le, specialize hI' I.extended_le, rw [← hI'], exact le_antisymm hI' hf.extended_le",1.19,constrained,"have hI' := hI ▸ le_trans hf.extended_le I.extended_le, specialize hI' I.extended_le, rw [← hI'], exact le_antisymm hI' hf.extended_le",named,have_tac,have,True,I.extended_le;hI';hf.extended_le,False,
142964,extended_le_one_of_le_one,theorem extended_le_one_of_le_one (hI : I ≤ 1) : extended L hf I ≤ 1,5,unfold extended; apply hf; assumption,0.23,constrained,unfold extended; apply hf; assumption,named,unfold_tac,unfold,True,,False,
142964,extended_le_one_of_le_one,theorem extended_le_one_of_le_one (hI : I ≤ 1) : extended L hf I ≤ 1,6,rw [extended_def],0.18,constrained,rw [extended_def],named,rw_tac,rw,True,extended_def,False,
142964,extended_le_one_of_le_one,theorem extended_le_one_of_le_one (hI : I ≤ 1) : extended L hf I ≤ 1,7,rw [extended_le_one_of_le_one] at hI ⊢,0.4,constrained,rw [extended_le_one_of_le_one] at hI ⊢,named,rw_tac,rw,True,,False,
22790,succ_signVariations_X_sub_C_mul_monomial,lemma succ_signVariations_X_sub_C_mul_monomial {d c} (hc : c ≠ 0) (hη : 0 < η) : (monomial d c).signVariations + 1 ≤ ((X - C η) * monomial d c).signVariations,0,rw [mul_add_distrib],0.23,constrained,rw [mul_add_distrib],named,rw_tac,rw,True,mul_add_distrib,False,
22790,succ_signVariations_X_sub_C_mul_monomial,lemma succ_signVariations_X_sub_C_mul_monomial {d c} (hc : c ≠ 0) (hη : 0 < η) : (monomial d c).signVariations + 1 ≤ ((X - C η) * monomial d c).signVariations,1,refine sign_variation_multiplication_le_of_nonzero _ _ hc hη,0.42,constrained,refine sign_variation_multiplication_le_of_nonzero _ _ hc hη,named,refine_tac,refine,True,sign_variation_multiplication_le_of_nonzero,False,
22790,succ_signVariations_X_sub_C_mul_monomial,lemma succ_signVariations_X_sub_C_mul_monomial {d c} (hc : c ≠ 0) (hη : 0 < η) : (monomial d c).signVariations + 1 ≤ ((X - C η) * monomial d c).signVariations,2,cases (le_or_gt (degree_of_monomial d c) 0),0.45,constrained,cases (le_or_gt (degree_of_monomial d c) 0),named,cases_tac,cases,True,degree_of_monomial,False,
22790,succ_signVariations_X_sub_C_mul_monomial,lemma succ_signVariations_X_sub_C_mul_monomial {d c} (hc : c ≠ 0) (hη : 0 < η) : (monomial d c).signVariations + 1 ≤ ((X - C η) * monomial d c).signVariations,3,rw [mul_distrib],0.21,constrained,rw [mul_distrib],named,rw_tac,rw,True,mul_distrib,False,
22790,succ_signVariations_X_sub_C_mul_monomial,lemma succ_signVariations_X_sub_C_mul_monomial {d c} (hc : c ≠ 0) (hη : 0 < η) : (monomial d c).signVariations + 1 ≤ ((X - C η) * monomial d c).signVariations,4,"rewrite mul_distrib_left; unfold signVariations; unfold monomial; simp [hc, hη]; apply le_trans; apply signVariations_add_one_le_signVariations_of_nonzero_coefficient; apply mul_pos_of_pos_right; assumption; assumption; assumption; done; done; done; done; done",1.58,constrained,"rewrite mul_distrib_left; unfold signVariations; unfold monomial; simp [hc, hη]; apply le_trans; apply signVariations_add_one_le_signVariations_of_nonzero_coefficient; apply mul_pos_of_pos_right; assumption; assumption; assumption; done; done; done; done; done",fallback,generic_tac,rewrite,False,done;mul_distrib_left;mul_pos_of_pos_right;signVariations_add_one_le_signVariations_of_nonzero_coefficient,False,
22790,succ_signVariations_X_sub_C_mul_monomial,lemma succ_signVariations_X_sub_C_mul_monomial {d c} (hc : c ≠ 0) (hη : 0 < η) : (monomial d c).signVariations + 1 ≤ ((X - C η) * monomial d c).signVariations,5,rw [mul_distrib_left],0.22,constrained,rw [mul_distrib_left],named,rw_tac,rw,True,mul_distrib_left,False,
22790,succ_signVariations_X_sub_C_mul_monomial,lemma succ_signVariations_X_sub_C_mul_monomial {d c} (hc : c ≠ 0) (hη : 0 < η) : (monomial d c).signVariations + 1 ≤ ((X - C η) * monomial d c).signVariations,6,rw [mul_distrib],0.2,constrained,rw [mul_distrib],named,rw_tac,rw,True,mul_distrib,False,
22790,succ_signVariations_X_sub_C_mul_monomial,lemma succ_signVariations_X_sub_C_mul_monomial {d c} (hc : c ≠ 0) (hη : 0 < η) : (monomial d c).signVariations + 1 ≤ ((X - C η) * monomial d c).signVariations,7,rw [mul_signVariations],0.23,constrained,rw [mul_signVariations],named,rw_tac,rw,True,mul_signVariations,False,
154794,type_set_le,theorem type_set_le [LinearOrder α] [WellFoundedLT α] (s : Set α) : typeLT s ≤ typeLT α,0,"cases s, simp *",0.17,constrained,"cases s, simp *",named,cases_tac,cases,True,,False,
154794,type_set_le,theorem type_set_le [LinearOrder α] [WellFoundedLT α] (s : Set α) : typeLT s ≤ typeLT α,1,cases s,0.11,constrained,cases s,named,cases_tac,cases,True,,False,
154794,type_set_le,theorem type_set_le [LinearOrder α] [WellFoundedLT α] (s : Set α) : typeLT s ≤ typeLT α,2,rw [typeLT_def],0.21,constrained,rw [typeLT_def],named,rw_tac,rw,True,typeLT_def,False,
154794,type_set_le,theorem type_set_le [LinearOrder α] [WellFoundedLT α] (s : Set α) : typeLT s ≤ typeLT α,3,rw [typeLT],0.18,constrained,rw [typeLT],named,rw_tac,rw,True,typeLT,False,
154794,type_set_le,theorem type_set_le [LinearOrder α] [WellFoundedLT α] (s : Set α) : typeLT s ≤ typeLT α,4,refine le_trans _ (type_set_le_subset s),0.35,constrained,refine le_trans _ (type_set_le_subset s),named,refine_tac,refine,True,type_set_le_subset,False,
154794,type_set_le,theorem type_set_le [LinearOrder α] [WellFoundedLT α] (s : Set α) : typeLT s ≤ typeLT α,5,rw [typeLT_eq_card],0.23,constrained,rw [typeLT_eq_card],named,rw_tac,rw,True,typeLT_eq_card,False,
154794,type_set_le,theorem type_set_le [LinearOrder α] [WellFoundedLT α] (s : Set α) : typeLT s ≤ typeLT α,6,rw [typeLT_eq_card],0.23,constrained,rw [typeLT_eq_card],named,rw_tac,rw,True,typeLT_eq_card,False,
154794,type_set_le,theorem type_set_le [LinearOrder α] [WellFoundedLT α] (s : Set α) : typeLT s ≤ typeLT α,7,use well_founded_induction_on (mem_of_typeLT h) (fun x hx ih => _),0.57,constrained,use well_founded_induction_on (mem_of_typeLT h) (fun x hx ih => _),named,use_tac,use,True,hx;mem_of_typeLT;well_founded_induction_on,False,
110604,condExp_stronglyMeasurable_simpleFunc_bilin,theorem condExp_stronglyMeasurable_simpleFunc_bilin [CompleteSpace E] (hm : m ≤ mΩ) (f : @SimpleFunc Ω m F) {g : Ω → E} (hg : Integrable g μ) : μ[fun ω ↦ B (f ω) (g ω) | m] =ᵐ[μ] fun ω ↦ B (f ω) (μ[g | m] ω),0,rw [condExp_def],0.21,constrained,rw [condExp_def],named,rw_tac,rw,True,condExp_def,False,
110604,condExp_stronglyMeasurable_simpleFunc_bilin,theorem condExp_stronglyMeasurable_simpleFunc_bilin [CompleteSpace E] (hm : m ≤ mΩ) (f : @SimpleFunc Ω m F) {g : Ω → E} (hg : Integrable g μ) : μ[fun ω ↦ B (f ω) (g ω) | m] =ᵐ[μ] fun ω ↦ B (f ω) (μ[g | m] ω),1,have h_integ := integrable_condExp hg hm,0.33,constrained,have h_integ := integrable_condExp hg hm,named,have_tac,have,True,h_integ,False,
110604,condExp_stronglyMeasurable_simpleFunc_bilin,theorem condExp_stronglyMeasurable_simpleFunc_bilin [CompleteSpace E] (hm : m ≤ mΩ) (f : @SimpleFunc Ω m F) {g : Ω → E} (hg : Integrable g μ) : μ[fun ω ↦ B (f ω) (g ω) | m] =ᵐ[μ] fun ω ↦ B (f ω) (μ[g | m] ω),2,rw [condExp_def],0.21,constrained,rw [condExp_def],named,rw_tac,rw,True,condExp_def,False,
110604,condExp_stronglyMeasurable_simpleFunc_bilin,theorem condExp_stronglyMeasurable_simpleFunc_bilin [CompleteSpace E] (hm : m ≤ mΩ) (f : @SimpleFunc Ω m F) {g : Ω → E} (hg : Integrable g μ) : μ[fun ω ↦ B (f ω) (g ω) | m] =ᵐ[μ] fun ω ↦ B (f ω) (μ[g | m] ω),3,"have hμB : ∀ ω, B (f ω) (g ω) ∈ Lp ℝ (μ.restrict m) := sorry",0.83,constrained,"have hμB : ∀ ω, B (f ω) (g ω) ∈ Lp ℝ (μ.restrict m) := sorry",named,have_tac,have,True,μB,True,
110604,condExp_stronglyMeasurable_simpleFunc_bilin,theorem condExp_stronglyMeasurable_simpleFunc_bilin [CompleteSpace E] (hm : m ≤ mΩ) (f : @SimpleFunc Ω m F) {g : Ω → E} (hg : Integrable g μ) : μ[fun ω ↦ B (f ω) (g ω) | m] =ᵐ[μ] fun ω ↦ B (f ω) (μ[g | m] ω),4,have hB_meas := measurable_B hg; specialize hm (hB_meas.comp f.measurable); specialize hB_meas (measurable_comp f.measurable (measurable_const _)); apply (condExp_congr (congr_arg₂ B (congr_fun f.measurable hm) (congr_arg₂ B,1.6,constrained,have hB_meas := measurable_B hg; specialize hm (hB_meas.comp f.measurable); specialize hB_meas (measurable_comp f.measurable (measurable_const _)); apply (condExp_congr (congr_arg₂ B (congr_fun f.measurable hm) (congr_arg₂ B,named,have_tac,have,True,condExp_congr;hB_meas;measurable_B,False,
110604,condExp_stronglyMeasurable_simpleFunc_bilin,theorem condExp_stronglyMeasurable_simpleFunc_bilin [CompleteSpace E] (hm : m ≤ mΩ) (f : @SimpleFunc Ω m F) {g : Ω → E} (hg : Integrable g μ) : μ[fun ω ↦ B (f ω) (g ω) | m] =ᵐ[μ] fun ω ↦ B (f ω) (μ[g | m] ω),5,unfold stronglyMeasurable_def bilinearForm.def measurable_simpleFunc_of_simpleFunc_simpleFunc_of_simpleFunc simpleFunc.mk simpleFunc.coeFun simpleFunc.val simpleFunc.to_fun simpleFunc.to_simpleFunc simpleFunc.to_simpleFunc_of_simpleFunc simpleFunc.to_simpleFunc_of_simpleFunc_simpleFunc simpleFunc.to_simpleFunc_of,1.58,constrained,unfold stronglyMeasurable_def bilinearForm.def measurable_simpleFunc_of_simpleFunc_simpleFunc_of_simpleFunc simpleFunc.mk simpleFunc.coeFun simpleFunc.val simpleFunc.to_fun simpleFunc.to_simpleFunc simpleFunc.to_simpleFunc_of_simpleFunc simpleFunc.to_simpleFunc_of_simpleFunc_simpleFunc simpleFunc.to_simpleFunc_of,named,unfold_tac,unfold,True,measurable_simpleFunc_of_simpleFunc_simpleFunc_of_simpleFunc;simpleFunc.to_simpleFunc;simpleFunc.to_simpleFunc_of;simpleFunc.to_simpleFunc_of_simpleFunc;simpleFunc.to_simpleFunc_of_simpleFunc_simpleFunc;stronglyMeasurable_def,False,
110604,condExp_stronglyMeasurable_simpleFunc_bilin,theorem condExp_stronglyMeasurable_simpleFunc_bilin [CompleteSpace E] (hm : m ≤ mΩ) (f : @SimpleFunc Ω m F) {g : Ω → E} (hg : Integrable g μ) : μ[fun ω ↦ B (f ω) (g ω) | m] =ᵐ[μ] fun ω ↦ B (f ω) (μ[g | m] ω),6,change goal to have `μ[fun ω ↦ B (f ω) (g ω) | m]` on one side and `fun ω ↦ B (f ω) (μ[g | m] ω)` on the other side.,1.43,constrained,change goal to have `μ[fun ω ↦ B (f ω) (g ω) | m]` on one side and `fun ω ↦ B (f ω) (μ[g | m] ω)` on the other side.,named,change_tac,change,True,goal,False,
110604,condExp_stronglyMeasurable_simpleFunc_bilin,theorem condExp_stronglyMeasurable_simpleFunc_bilin [CompleteSpace E] (hm : m ≤ mΩ) (f : @SimpleFunc Ω m F) {g : Ω → E} (hg : Integrable g μ) : μ[fun ω ↦ B (f ω) (g ω) | m] =ᵐ[μ] fun ω ↦ B (f ω) (μ[g | m] ω),7,"have hB_cont : ∀ x y, Continuous (λ z, B x (y*z)) := by sorry",0.61,constrained,"have hB_cont : ∀ x y, Continuous (λ z, B x (y*z)) := by sorry",named,have_tac,have,True,Continuous;hB_cont,True,
8331,isLeftCancelMul,protected lemma isLeftCancelMul [Mul β] [IsLeftCancelMul β] : letI,0,use IsLeftCancelMul.toIsLeftCancelHom,0.3,constrained,use IsLeftCancelMul.toIsLeftCancelHom,named,use_tac,use,True,IsLeftCancelMul.toIsLeftCancelHom,False,
8331,isLeftCancelMul,protected lemma isLeftCancelMul [Mul β] [IsLeftCancelMul β] : letI,1,apply IsLeftCancelMul.left_cancel Mul.mul,0.27,constrained,apply IsLeftCancelMul.left_cancel Mul.mul,named,apply_tac,apply,True,,False,
8331,isLeftCancelMul,protected lemma isLeftCancelMul [Mul β] [IsLeftCancelMul β] : letI,2,intro hmul_left_cancel,0.18,constrained,intro hmul_left_cancel,named,intro_tac,intro,True,hmul_left_cancel,False,
8331,isLeftCancelMul,protected lemma isLeftCancelMul [Mul β] [IsLeftCancelMul β] : letI,3,apply IsLeftCancelMul.left_cancel_mul,0.25,constrained,apply IsLeftCancelMul.left_cancel_mul,named,apply_tac,apply,True,IsLeftCancelMul.left_cancel_mul,False,
8331,isLeftCancelMul,protected lemma isLeftCancelMul [Mul β] [IsLeftCancelMul β] : letI,4,"intros x y z hxy hyz; rw [hxy, hyz]; exact mul_cancel_left _ _ _",0.64,constrained,"intros x y z hxy hyz; rw [hxy, hyz]; exact mul_cancel_left _ _ _",named,intro_tac,intros,True,hyz;mul_cancel_left,False,
8331,isLeftCancelMul,protected lemma isLeftCancelMul [Mul β] [IsLeftCancelMul β] : letI,5,"have H : ∀ a b c : β, a * b = a * c → b = c := by simp only [isLeftCancelMul]",0.8,constrained,"have H : ∀ a b c : β, a * b = a * c → b = c := by simp only [isLeftCancelMul]",named,have_tac,have,True,,False,
8331,isLeftCancelMul,protected lemma isLeftCancelMul [Mul β] [IsLeftCancelMul β] : letI,6,sorry,0.08,constrained,sorry,fallback,generic_tac,sorry,True,,True,
8331,isLeftCancelMul,protected lemma isLeftCancelMul [Mul β] [IsLeftCancelMul β] : letI,7,intro hcancel,0.13,constrained,intro hcancel,named,intro_tac,intro,True,hcancel,False,
7811,powers_one,lemma powers_one : powers (1 : M) = ⊥,0,simp,0.08,constrained,simp,named,simp_tac,simp,True,,False,
7811,powers_one,lemma powers_one : powers (1 : M) = ⊥,1,rw [powers],0.15,constrained,rw [powers],named,rw_tac,rw,True,,False,
7811,powers_one,lemma powers_one : powers (1 : M) = ⊥,2,rw [powers],0.15,constrained,rw [powers],named,rw_tac,rw,True,,False,
7811,powers_one,lemma powers_one : powers (1 : M) = ⊥,3,congr hoist_ineqs down,0.25,constrained,congr hoist_ineqs down,named,congr_tac,congr,True,hoist_ineqs,False,
7811,powers_one,lemma powers_one : powers (1 : M) = ⊥,4,congr',0.13,constrained,congr',named,congr_tac,congr',False,,False,
7811,powers_one,lemma powers_one : powers (1 : M) = ⊥,5,rw [powers_def],0.18,constrained,rw [powers_def],named,rw_tac,rw,True,powers_def,False,
7811,powers_one,lemma powers_one : powers (1 : M) = ⊥,6,unfold powers,0.1,constrained,unfold powers,named,unfold_tac,unfold,True,,False,
7811,powers_one,lemma powers_one : powers (1 : M) = ⊥,7,simp_all,0.11,constrained,simp_all,named,simp_tac,simp_all,True,,False,
24561,map_comap_eq,theorem map_comap_eq (f : R →+* S) (t : Subring S) : (t.comap f).map f = t ⊓ f.range,0,"rw [comap_map, map_range]",0.27,constrained,"rw [comap_map, map_range]",named,rw_tac,rw,True,,False,
24561,map_comap_eq,theorem map_comap_eq (f : R →+* S) (t : Subring S) : (t.comap f).map f = t ⊓ f.range,1,rw [comap_map],0.2,constrained,rw [comap_map],named,rw_tac,rw,True,,False,
24561,map_comap_eq,theorem map_comap_eq (f : R →+* S) (t : Subring S) : (t.comap f).map f = t ⊓ f.range,2,rw [← comap_map],0.22,constrained,rw [← comap_map],named,rw_tac,rw,True,,False,
24561,map_comap_eq,theorem map_comap_eq (f : R →+* S) (t : Subring S) : (t.comap f).map f = t ⊓ f.range,3,rw [comap_map],0.2,constrained,rw [comap_map],named,rw_tac,rw,True,,False,
24561,map_comap_eq,theorem map_comap_eq (f : R →+* S) (t : Subring S) : (t.comap f).map f = t ⊓ f.range,4,rw [comap_map],0.2,constrained,rw [comap_map],named,rw_tac,rw,True,,False,
24561,map_comap_eq,theorem map_comap_eq (f : R →+* S) (t : Subring S) : (t.comap f).map f = t ⊓ f.range,5,rw [comap_map],0.2,constrained,rw [comap_map],named,rw_tac,rw,True,,False,
24561,map_comap_eq,theorem map_comap_eq (f : R →+* S) (t : Subring S) : (t.comap f).map f = t ⊓ f.range,6,rw [comap_map],0.2,constrained,rw [comap_map],named,rw_tac,rw,True,,False,
24561,map_comap_eq,theorem map_comap_eq (f : R →+* S) (t : Subring S) : (t.comap f).map f = t ⊓ f.range,7,rw [comap_def],0.2,constrained,rw [comap_def],named,rw_tac,rw,True,comap_def,False,
57314,kernelIsoOfEq_hom_comp_,theorem kernelIsoOfEq_hom_comp_ι {f g : X ⟶ Y} [HasKernel f] [HasKernel g] (h : f = g) : (kernelIsoOfEq h).hom ≫ kernel.ι g = kernel.ι f,0,rw [h],0.14,constrained,rw [h],named,rw_tac,rw,True,,False,
57314,kernelIsoOfEq_hom_comp_,theorem kernelIsoOfEq_hom_comp_ι {f g : X ⟶ Y} [HasKernel f] [HasKernel g] (h : f = g) : (kernelIsoOfEq h).hom ≫ kernel.ι g = kernel.ι f,1,rw h at kernelIsoOfEq_hom_comp_ι hom ker_eq_kernel_ι,0.46,constrained,rw h at kernelIsoOfEq_hom_comp_ι hom ker_eq_kernel_ι,named,rw_tac,rw,True,ker_eq_kernel_,False,
57314,kernelIsoOfEq_hom_comp_,theorem kernelIsoOfEq_hom_comp_ι {f g : X ⟶ Y} [HasKernel f] [HasKernel g] (h : f = g) : (kernelIsoOfEq h).hom ≫ kernel.ι g = kernel.ι f,2,rw [kernelIsoOfEq_hom_comp_ι'],0.33,constrained,rw [kernelIsoOfEq_hom_comp_ι'],named,rw_tac,rw,True,ι',False,
57314,kernelIsoOfEq_hom_comp_,theorem kernelIsoOfEq_hom_comp_ι {f g : X ⟶ Y} [HasKernel f] [HasKernel g] (h : f = g) : (kernelIsoOfEq h).hom ≫ kernel.ι g = kernel.ι f,3,unify goal with ` rfl`,0.23,constrained,unify goal with ` rfl`,fallback,generic_tac,unify,False,goal,False,
57314,kernelIsoOfEq_hom_comp_,theorem kernelIsoOfEq_hom_comp_ι {f g : X ⟶ Y} [HasKernel f] [HasKernel g] (h : f = g) : (kernelIsoOfEq h).hom ≫ kernel.ι g = kernel.ι f,4,"have h' : kernelIsoOfEq h = (λ _, (ι f, hom ker_eq)) := by rw [kernelIsoOfEq]; simp; congr' 2 <;> apply kernel_iso_of_eq.kernel_iso_of_eq_kernel ker_eq ker_eq",1.34,constrained,"have h' : kernelIsoOfEq h = (λ _, (ι f, hom ker_eq)) := by rw [kernelIsoOfEq]; simp; congr' 2 <;> apply kernel_iso_of_eq.kernel_iso_of_eq_kernel ker_eq ker_eq",named,have_tac,have,True,kernel_iso_of_eq.kernel_iso_of_eq_kernel,False,
57314,kernelIsoOfEq_hom_comp_,theorem kernelIsoOfEq_hom_comp_ι {f g : X ⟶ Y} [HasKernel f] [HasKernel g] (h : f = g) : (kernelIsoOfEq h).hom ≫ kernel.ι g = kernel.ι f,5,rw [kernelIsoOfEq],0.23,constrained,rw [kernelIsoOfEq],named,rw_tac,rw,True,,False,
57314,kernelIsoOfEq_hom_comp_,theorem kernelIsoOfEq_hom_comp_ι {f g : X ⟶ Y} [HasKernel f] [HasKernel g] (h : f = g) : (kernelIsoOfEq h).hom ≫ kernel.ι g = kernel.ι f,6,rw h,0.11,constrained,rw h,named,rw_tac,rw,True,,False,
57314,kernelIsoOfEq_hom_comp_,theorem kernelIsoOfEq_hom_comp_ι {f g : X ⟶ Y} [HasKernel f] [HasKernel g] (h : f = g) : (kernelIsoOfEq h).hom ≫ kernel.ι g = kernel.ι f,7,rw [h],0.16,constrained,rw [h],named,rw_tac,rw,True,,False,
60990,unop_comp,theorem unop_comp {X Y Z : Cᵒᵖ} {f : X ⟶ Y} {g : Y ⟶ Z} : (f ≫ g).unop = g.unop ≫ f.unop,0,rewrite assoc_hom_unop_app,0.21,constrained,rewrite assoc_hom_unop_app,fallback,generic_tac,rewrite,False,assoc_hom_unop_app,False,
60990,unop_comp,theorem unop_comp {X Y Z : Cᵒᵖ} {f : X ⟶ Y} {g : Y ⟶ Z} : (f ≫ g).unop = g.unop ≫ f.unop,1,dsimp only [comp_unop],0.26,constrained,dsimp only [comp_unop],named,dsimp_tac,dsimp,True,comp_unop,False,
60990,unop_comp,theorem unop_comp {X Y Z : Cᵒᵖ} {f : X ⟶ Y} {g : Y ⟶ Z} : (f ≫ g).unop = g.unop ≫ f.unop,2,rewrite op_comp,0.13,constrained,rewrite op_comp,fallback,generic_tac,rewrite,False,,False,
60990,unop_comp,theorem unop_comp {X Y Z : Cᵒᵖ} {f : X ⟶ Y} {g : Y ⟶ Z} : (f ≫ g).unop = g.unop ≫ f.unop,3,rewrite comp_unop,0.17,constrained,rewrite comp_unop,fallback,generic_tac,rewrite,False,comp_unop,False,
60990,unop_comp,theorem unop_comp {X Y Z : Cᵒᵖ} {f : X ⟶ Y} {g : Y ⟶ Z} : (f ≫ g).unop = g.unop ≫ f.unop,4,"dsimp [unop, compose]",0.25,constrained,"dsimp [unop, compose]",named,dsimp_tac,dsimp,True,,False,
60990,unop_comp,theorem unop_comp {X Y Z : Cᵒᵖ} {f : X ⟶ Y} {g : Y ⟶ Z} : (f ≫ g).unop = g.unop ≫ f.unop,5,rw [category_theory.compose_unop],0.28,constrained,rw [category_theory.compose_unop],named,rw_tac,rw,True,category_theory.compose_unop,False,
60990,unop_comp,theorem unop_comp {X Y Z : Cᵒᵖ} {f : X ⟶ Y} {g : Y ⟶ Z} : (f ≫ g).unop = g.unop ≫ f.unop,6,change ((f ≫ g).unop) = (g.unop ≫ f.unop) using categoryTheory.op_compose X Y Z f g,0.83,constrained,change ((f ≫ g).unop) = (g.unop ≫ f.unop) using categoryTheory.op_compose X Y Z f g,named,change_tac,change,True,categoryTheory.op_compose,False,
60990,unop_comp,theorem unop_comp {X Y Z : Cᵒᵖ} {f : X ⟶ Y} {g : Y ⟶ Z} : (f ≫ g).unop = g.unop ≫ f.unop,7,rewrite assoc,0.11,constrained,rewrite assoc,fallback,generic_tac,rewrite,False,,False,
132475,image_mulSingle_Ioo_right,theorem image_mulSingle_Ioo_right (i : ι) (b : α i) : Pi.mulSingle i '' Ioo 1 b = Ioo 1 (Pi.mulSingle i b),0,rw [Pi.mulSingle_image_Ioo],0.28,constrained,rw [Pi.mulSingle_image_Ioo],named,rw_tac,rw,True,Pi.mulSingle_image_Ioo,False,
132475,image_mulSingle_Ioo_right,theorem image_mulSingle_Ioo_right (i : ι) (b : α i) : Pi.mulSingle i '' Ioo 1 b = Ioo 1 (Pi.mulSingle i b),1,rw [Pi.mulSingle_Ioo_right],0.28,constrained,rw [Pi.mulSingle_Ioo_right],named,rw_tac,rw,True,Pi.mulSingle_Ioo_right,False,
132475,image_mulSingle_Ioo_right,theorem image_mulSingle_Ioo_right (i : ι) (b : α i) : Pi.mulSingle i '' Ioo 1 b = Ioo 1 (Pi.mulSingle i b),2,rw [Pi.mulSingle_apply],0.23,constrained,rw [Pi.mulSingle_apply],named,rw_tac,rw,True,,False,
132475,image_mulSingle_Ioo_right,theorem image_mulSingle_Ioo_right (i : ι) (b : α i) : Pi.mulSingle i '' Ioo 1 b = Ioo 1 (Pi.mulSingle i b),3,casesI (Pi.mulSingle i).injective,0.3,constrained,casesI (Pi.mulSingle i).injective,named,cases_tac,casesI,False,,False,
132475,image_mulSingle_Ioo_right,theorem image_mulSingle_Ioo_right (i : ι) (b : α i) : Pi.mulSingle i '' Ioo 1 b = Ioo 1 (Pi.mulSingle i b),4,"rw [Pi.mulSingle, Ioo]",0.27,constrained,"rw [Pi.mulSingle, Ioo]",named,rw_tac,rw,True,,False,
132475,image_mulSingle_Ioo_right,theorem image_mulSingle_Ioo_right (i : ι) (b : α i) : Pi.mulSingle i '' Ioo 1 b = Ioo 1 (Pi.mulSingle i b),5,unfold Pi.mulSingle; unfold image; intro x; apply exists.intro; intros hx; rw [hx]; simp; exact hx; done,0.73,constrained,unfold Pi.mulSingle; unfold image; intro x; apply exists.intro; intros hx; rw [hx]; simp; exact hx; done,named,unfold_tac,unfold,True,done,False,
132475,image_mulSingle_Ioo_right,theorem image_mulSingle_Ioo_right (i : ι) (b : α i) : Pi.mulSingle i '' Ioo 1 b = Ioo 1 (Pi.mulSingle i b),6,rw [Pi.mulSingle],0.2,constrained,rw [Pi.mulSingle],named,rw_tac,rw,True,,False,
132475,image_mulSingle_Ioo_right,theorem image_mulSingle_Ioo_right (i : ι) (b : α i) : Pi.mulSingle i '' Ioo 1 b = Ioo 1 (Pi.mulSingle i b),7,casesI (Pi.mulSingle i b),0.28,constrained,casesI (Pi.mulSingle i b),named,cases_tac,casesI,False,,False,
157815,t1Space_iff,theorem t1Space_iff : T1Space (G ⧸ N) ↔ IsClosed (N : Set G),0,rw [T1Space_def],0.23,constrained,rw [T1Space_def],named,rw_tac,rw,True,T1Space_def,False,
157815,t1Space_iff,theorem t1Space_iff : T1Space (G ⧸ N) ↔ IsClosed (N : Set G),1,"unfold T1Space IsClosed; intros hN x hx; use (mem_of_is_closed hN), hx; unfold mem_set_quotient; intros y hy; specialize (hN y hy); apply hN; assumption",1.19,constrained,"unfold T1Space IsClosed; intros hN x hx; use (mem_of_is_closed hN), hx; unfold mem_set_quotient; intros y hy; specialize (hN y hy); apply hN; assumption",named,unfold_tac,unfold,True,T1Space;mem_of_is_closed;mem_set_quotient,False,
157815,t1Space_iff,theorem t1Space_iff : T1Space (G ⧸ N) ↔ IsClosed (N : Set G),2,rw [t1Space_def],0.22,constrained,rw [t1Space_def],named,rw_tac,rw,True,t1Space_def,False,
157815,t1Space_iff,theorem t1Space_iff : T1Space (G ⧸ N) ↔ IsClosed (N : Set G),3,"change (T1Space (G ⧸ N)) ↔ (∀ x ∈ N, ∀ y ∈ N, x ≠ y → ¬ ((x : G) = (y : G)))",1.03,constrained,"change (T1Space (G ⧸ N)) ↔ (∀ x ∈ N, ∀ y ∈ N, x ≠ y → ¬ ((x : G) = (y : G)))",named,change_tac,change,True,T1Space,False,
157815,t1Space_iff,theorem t1Space_iff : T1Space (G ⧸ N) ↔ IsClosed (N : Set G),4,rw [T1Space_def],0.23,constrained,rw [T1Space_def],named,rw_tac,rw,True,T1Space_def,False,
157815,t1Space_iff,theorem t1Space_iff : T1Space (G ⧸ N) ↔ IsClosed (N : Set G),5,rw [t1Space_def],0.23,constrained,rw [t1Space_def],named,rw_tac,rw,True,t1Space_def,False,
157815,t1Space_iff,theorem t1Space_iff : T1Space (G ⧸ N) ↔ IsClosed (N : Set G),6,rw [t1Space_def],0.23,constrained,rw [t1Space_def],named,rw_tac,rw,True,t1Space_def,False,
157815,t1Space_iff,theorem t1Space_iff : T1Space (G ⧸ N) ↔ IsClosed (N : Set G),7,rw [T1Space_def],0.23,constrained,rw [T1Space_def],named,rw_tac,rw,True,T1Space_def,False,
6956,prod_comp_prodMap,theorem prod_comp_prodMap (f : P →ₙ* M) (g : P →ₙ* N) (f' : M →ₙ* M') (g' : N →ₙ* N') : (f'.prodMap g').comp (f.prod g) = (f'.comp f).prod (g'.comp g),0,rw [prod_map_comp],0.21,constrained,rw [prod_map_comp],named,rw_tac,rw,True,prod_map_comp,False,
6956,prod_comp_prodMap,theorem prod_comp_prodMap (f : P →ₙ* M) (g : P →ₙ* N) (f' : M →ₙ* M') (g' : N →ₙ* N') : (f'.prodMap g').comp (f.prod g) = (f'.comp f).prod (g'.comp g),1,rewrite assoc_prodMap_comp_assoc_mapComp_prod_mapComp,0.33,constrained,rewrite assoc_prodMap_comp_assoc_mapComp_prod_mapComp,fallback,generic_tac,rewrite,False,assoc_prodMap_comp_assoc_mapComp_prod_mapComp,False,
6956,prod_comp_prodMap,theorem prod_comp_prodMap (f : P →ₙ* M) (g : P →ₙ* N) (f' : M →ₙ* M') (g' : N →ₙ* N') : (f'.prodMap g').comp (f.prod g) = (f'.comp f).prod (g'.comp g),2,refine prod_map_comp Prod.map Prod.map _ _ _ _,0.38,constrained,refine prod_map_comp Prod.map Prod.map _ _ _ _,named,refine_tac,refine,True,prod_map_comp,False,
6956,prod_comp_prodMap,theorem prod_comp_prodMap (f : P →ₙ* M) (g : P →ₙ* N) (f' : M →ₙ* M') (g' : N →ₙ* N') : (f'.prodMap g').comp (f.prod g) = (f'.comp f).prod (g'.comp g),3,rw [prod_map_comp],0.21,constrained,rw [prod_map_comp],named,rw_tac,rw,True,prod_map_comp,False,
6956,prod_comp_prodMap,theorem prod_comp_prodMap (f : P →ₙ* M) (g : P →ₙ* N) (f' : M →ₙ* M') (g' : N →ₙ* N') : (f'.prodMap g').comp (f.prod g) = (f'.comp f).prod (g'.comp g),4,refine Prod.map _ _ <;> rw [Prod.comp_apply],0.43,constrained,refine Prod.map _ _ <;> rw [Prod.comp_apply],named,refine_tac,refine,True,,False,
6956,prod_comp_prodMap,theorem prod_comp_prodMap (f : P →ₙ* M) (g : P →ₙ* N) (f' : M →ₙ* M') (g' : N →ₙ* N') : (f'.prodMap g').comp (f.prod g) = (f'.comp f).prod (g'.comp g),5,rw [prodCompProdMap],0.23,constrained,rw [prodCompProdMap],named,rw_tac,rw,True,prodCompProdMap,False,
6956,prod_comp_prodMap,theorem prod_comp_prodMap (f : P →ₙ* M) (g : P →ₙ* N) (f' : M →ₙ* M') (g' : N →ₙ* N') : (f'.prodMap g').comp (f.prod g) = (f'.comp f).prod (g'.comp g),6,rewrite prod_comp_prodMap_assoc,0.2,constrained,rewrite prod_comp_prodMap_assoc,fallback,generic_tac,rewrite,False,prod_comp_prodMap_assoc,False,
6956,prod_comp_prodMap,theorem prod_comp_prodMap (f : P →ₙ* M) (g : P →ₙ* N) (f' : M →ₙ* M') (g' : N →ₙ* N') : (f'.prodMap g').comp (f.prod g) = (f'.comp f).prod (g'.comp g),7,rw [Prod.map_def],0.21,constrained,rw [Prod.map_def],named,rw_tac,rw,True,,False,
147127,isHomogeneous_one,theorem isHomogeneous_one : IsHomogeneous (1 : MvPolynomial σ R) 0,0,ring_hom_ext,0.13,constrained,ring_hom_ext,fallback,generic_tac,ring_hom_ext,False,,False,
147127,isHomogeneous_one,theorem isHomogeneous_one : IsHomogeneous (1 : MvPolynomial σ R) 0,1,rw [IsHomogeneous.def],0.23,constrained,rw [IsHomogeneous.def],named,rw_tac,rw,True,,False,
147127,isHomogeneous_one,theorem isHomogeneous_one : IsHomogeneous (1 : MvPolynomial σ R) 0,2,rw [IsHomogeneous.def] at *,0.28,constrained,rw [IsHomogeneous.def] at *,named,rw_tac,rw,True,,False,
147127,isHomogeneous_one,theorem isHomogeneous_one : IsHomogeneous (1 : MvPolynomial σ R) 0,3,refl,0.11,constrained,refl,fallback,generic_tac,refl,False,,False,
147127,isHomogeneous_one,theorem isHomogeneous_one : IsHomogeneous (1 : MvPolynomial σ R) 0,4,tacticunfold IsHomogeneous.one_zero_homogeneous,0.3,constrained,tacticunfold IsHomogeneous.one_zero_homogeneous,fallback,generic_tac,tacticunfold,False,IsHomogeneous.one_zero_homogeneous,False,
147127,isHomogeneous_one,theorem isHomogeneous_one : IsHomogeneous (1 : MvPolynomial σ R) 0,5,simp_all,0.11,constrained,simp_all,named,simp_tac,simp_all,True,,False,
147127,isHomogeneous_one,theorem isHomogeneous_one : IsHomogeneous (1 : MvPolynomial σ R) 0,6,rw [IsHomogeneous.def],0.23,constrained,rw [IsHomogeneous.def],named,rw_tac,rw,True,,False,
147127,isHomogeneous_one,theorem isHomogeneous_one : IsHomogeneous (1 : MvPolynomial σ R) 0,7,refine is_homogeneous_const _ _; rw one_eq_zero,0.38,constrained,refine is_homogeneous_const _ _; rw one_eq_zero,named,refine_tac,refine,True,is_homogeneous_const,False,
52124,geom_series_mul_one_add,"theorem geom_series_mul_one_add (x : R) (h : ‖x‖ < 1) : (1 + x) * ∑' i : ℕ, x ^ i = 2 * ∑' i : ℕ, x ^ i - 1",0,rw [sum_shift_index],0.23,constrained,rw [sum_shift_index],named,rw_tac,rw,True,sum_shift_index,False,
52124,geom_series_mul_one_add,"theorem geom_series_mul_one_add (x : R) (h : ‖x‖ < 1) : (1 + x) * ∑' i : ℕ, x ^ i = 2 * ∑' i : ℕ, x ^ i - 1",1,apply add_mul_cancel_left zero_le_one; simp,0.31,constrained,apply add_mul_cancel_left zero_le_one; simp,named,apply_tac,apply,True,add_mul_cancel_left,False,
52124,geom_series_mul_one_add,"theorem geom_series_mul_one_add (x : R) (h : ‖x‖ < 1) : (1 + x) * ∑' i : ℕ, x ^ i = 2 * ∑' i : ℕ, x ^ i - 1",2,rw [mul_add_distrib],0.24,constrained,rw [mul_add_distrib],named,rw_tac,rw,True,mul_add_distrib,False,
52124,geom_series_mul_one_add,"theorem geom_series_mul_one_add (x : R) (h : ‖x‖ < 1) : (1 + x) * ∑' i : ℕ, x ^ i = 2 * ∑' i : ℕ, x ^ i - 1",3,rw [←add_sub_cancel' (sum_range_zero_le h)],0.4,constrained,rw [←add_sub_cancel' (sum_range_zero_le h)],named,rw_tac,rw,True,add_sub_cancel';sum_range_zero_le,False,
52124,geom_series_mul_one_add,"theorem geom_series_mul_one_add (x : R) (h : ‖x‖ < 1) : (1 + x) * ∑' i : ℕ, x ^ i = 2 * ∑' i : ℕ, x ^ i - 1",4,rw [add_comm],0.18,constrained,rw [add_comm],named,rw_tac,rw,True,,False,
52124,geom_series_mul_one_add,"theorem geom_series_mul_one_add (x : R) (h : ‖x‖ < 1) : (1 + x) * ∑' i : ℕ, x ^ i = 2 * ∑' i : ℕ, x ^ i - 1",5,rw [← add_sub_cancel],0.23,constrained,rw [← add_sub_cancel],named,rw_tac,rw,True,,False,
52124,geom_series_mul_one_add,"theorem geom_series_mul_one_add (x : R) (h : ‖x‖ < 1) : (1 + x) * ∑' i : ℕ, x ^ i = 2 * ∑' i : ℕ, x ^ i - 1",6,rw [←nat_sum_div_two],0.25,constrained,rw [←nat_sum_div_two],named,rw_tac,rw,True,nat_sum_div_two,False,
52124,geom_series_mul_one_add,"theorem geom_series_mul_one_add (x : R) (h : ‖x‖ < 1) : (1 + x) * ∑' i : ℕ, x ^ i = 2 * ∑' i : ℕ, x ^ i - 1",7,ring,0.09,constrained,ring,named,ring_tac,ring,True,,False,
170363,UpperSemicontinuousAt,theorem UpperSemicontinuousAt.add {f g : α → γ} (hf : UpperSemicontinuousAt f x) (hg : UpperSemicontinuousAt g x) : UpperSemicontinuousAt (fun z => f z + g z) x,0,"have hf' : ∀ ε > 0, ∃ δ > 0, ∀ y, |y - x| < δ → |f y - f x| < ε / 2 := hf; have hg' : ∀ ε > 0, ∃ δ > 0, ∀ y, |",1.59,constrained,"have hf' : ∀ ε > 0, ∃ δ > 0, ∀ y, |y - x| < δ → |f y - f x| < ε / 2 := hf; have hg' : ∀ ε > 0, ∃ δ > 0, ∀ y, |",named,have_tac,have,True,,False,
170363,UpperSemicontinuousAt,theorem UpperSemicontinuousAt.add {f g : α → γ} (hf : UpperSemicontinuousAt f x) (hg : UpperSemicontinuousAt g x) : UpperSemicontinuousAt (fun z => f z + g z) x,1,apply UpperSemicontinuousAt.sum hf hg,0.32,constrained,apply UpperSemicontinuousAt.sum hf hg,named,apply_tac,apply,True,,False,
170363,UpperSemicontinuousAt,theorem UpperSemicontinuousAt.add {f g : α → γ} (hf : UpperSemicontinuousAt f x) (hg : UpperSemicontinuousAt g x) : UpperSemicontinuousAt (fun z => f z + g z) x,2,apply UpperSemicontinuousAt.of_le; intros ε hε; refine' exists (min (ε / 2) (ε / 2)); intros δ hδ; simp [add_le_add_right]; apply hf; assumption; apply hg; assumption,1.36,constrained,apply UpperSemicontinuousAt.of_le; intros ε hε; refine' exists (min (ε / 2) (ε / 2)); intros δ hδ; simp [add_le_add_right]; apply hf; assumption; apply hg; assumption,named,apply_tac,apply,True,add_le_add_right,False,
170363,UpperSemicontinuousAt,theorem UpperSemicontinuousAt.add {f g : α → γ} (hf : UpperSemicontinuousAt f x) (hg : UpperSemicontinuousAt g x) : UpperSemicontinuousAt (fun z => f z + g z) x,3,unfold UpperSemicontinuousAt at *,0.3,constrained,unfold UpperSemicontinuousAt at *,named,unfold_tac,unfold,True,,False,
170363,UpperSemicontinuousAt,theorem UpperSemicontinuousAt.add {f g : α → γ} (hf : UpperSemicontinuousAt f x) (hg : UpperSemicontinuousAt g x) : UpperSemicontinuousAt (fun z => f z + g z) x,4,rw [UpperSemicontinuousAt],0.29,constrained,rw [UpperSemicontinuousAt],named,rw_tac,rw,True,,False,
170363,UpperSemicontinuousAt,theorem UpperSemicontinuousAt.add {f g : α → γ} (hf : UpperSemicontinuousAt f x) (hg : UpperSemicontinuousAt g x) : UpperSemicontinuousAt (fun z => f z + g z) x,5,rw [UpperSemicontinuousAt.def],0.33,constrained,rw [UpperSemicontinuousAt.def],named,rw_tac,rw,True,,False,
170363,UpperSemicontinuousAt,theorem UpperSemicontinuousAt.add {f g : α → γ} (hf : UpperSemicontinuousAt f x) (hg : UpperSemicontinuousAt g x) : UpperSemicontinuousAt (fun z => f z + g z) x,6,"use hf, hg",0.16,constrained,"use hf, hg",named,use_tac,use,True,,False,
170363,UpperSemicontinuousAt,theorem UpperSemicontinuousAt.add {f g : α → γ} (hf : UpperSemicontinuousAt f x) (hg : UpperSemicontinuousAt g x) : UpperSemicontinuousAt (fun z => f z + g z) x,7,rw [UpperSemicontinuousAt],0.3,constrained,rw [UpperSemicontinuousAt],named,rw_tac,rw,True,,False,
142853,CommRingCat,lemma CommRingCat.finrank_eq_of_isPushout {R S T P : CommRingCat.{u}} {f : R ⟶ S} {g : R ⟶ T} {inl : S ⟶ P} {inr : T ⟶ P} (h : CategoryTheory.IsPushout f g inl inr) (hf : f.hom.Flat) (hfin : f.hom.Finite) (x : PrimeSpectrum T) : inr.hom.finrank x = f.hom.finrank (PrimeSpectrum.comap g.hom x),0,rw [CategoryTheory.IsPushout.pushout_coe],0.36,constrained,rw [CategoryTheory.IsPushout.pushout_coe],named,rw_tac,rw,True,CategoryTheory.IsPushout.pushout_coe,False,
142853,CommRingCat,lemma CommRingCat.finrank_eq_of_isPushout {R S T P : CommRingCat.{u}} {f : R ⟶ S} {g : R ⟶ T} {inl : S ⟶ P} {inr : T ⟶ P} (h : CategoryTheory.IsPushout f g inl inr) (hf : f.hom.Flat) (hfin : f.hom.Finite) (x : PrimeSpectrum T) : inr.hom.finrank x = f.hom.finrank (PrimeSpectrum.comap g.hom x),1,rw [CategoryTheory.IsPushout.pushout],0.3,constrained,rw [CategoryTheory.IsPushout.pushout],named,rw_tac,rw,True,,False,
142853,CommRingCat,lemma CommRingCat.finrank_eq_of_isPushout {R S T P : CommRingCat.{u}} {f : R ⟶ S} {g : R ⟶ T} {inl : S ⟶ P} {inr : T ⟶ P} (h : CategoryTheory.IsPushout f g inl inr) (hf : f.hom.Flat) (hfin : f.hom.Finite) (x : PrimeSpectrum T) : inr.hom.finrank x = f.hom.finrank (PrimeSpectrum.comap g.hom x),2,rw [CategoryTheory.IsPushout.pushout_map],0.33,constrained,rw [CategoryTheory.IsPushout.pushout_map],named,rw_tac,rw,True,CategoryTheory.IsPushout.pushout_map,False,
142853,CommRingCat,lemma CommRingCat.finrank_eq_of_isPushout {R S T P : CommRingCat.{u}} {f : R ⟶ S} {g : R ⟶ T} {inl : S ⟶ P} {inr : T ⟶ P} (h : CategoryTheory.IsPushout f g inl inr) (hf : f.hom.Flat) (hfin : f.hom.Finite) (x : PrimeSpectrum T) : inr.hom.finrank x = f.hom.finrank (PrimeSpectrum.comap g.hom x),3,use h,0.11,constrained,use h,named,use_tac,use,True,,False,
142853,CommRingCat,lemma CommRingCat.finrank_eq_of_isPushout {R S T P : CommRingCat.{u}} {f : R ⟶ S} {g : R ⟶ T} {inl : S ⟶ P} {inr : T ⟶ P} (h : CategoryTheory.IsPushout f g inl inr) (hf : f.hom.Flat) (hfin : f.hom.Finite) (x : PrimeSpectrum T) : inr.hom.finrank x = f.hom.finrank (PrimeSpectrum.comap g.hom x),4,have h' := CategoryTheory.IsPushout.of_pushout (CategoryTheory.IsPushout.to_pushout h hf hfin x),0.71,constrained,have h' := CategoryTheory.IsPushout.of_pushout (CategoryTheory.IsPushout.to_pushout h hf hfin x),named,have_tac,have,True,CategoryTheory.IsPushout.of_pushout;CategoryTheory.IsPushout.to_pushout,False,
142853,CommRingCat,lemma CommRingCat.finrank_eq_of_isPushout {R S T P : CommRingCat.{u}} {f : R ⟶ S} {g : R ⟶ T} {inl : S ⟶ P} {inr : T ⟶ P} (h : CategoryTheory.IsPushout f g inl inr) (hf : f.hom.Flat) (hfin : f.hom.Finite) (x : PrimeSpectrum T) : inr.hom.finrank x = f.hom.finrank (PrimeSpectrum.comap g.hom x),5,rw [CategoryTheory.IsPushout.iso],0.27,constrained,rw [CategoryTheory.IsPushout.iso],named,rw_tac,rw,True,,False,
142853,CommRingCat,lemma CommRingCat.finrank_eq_of_isPushout {R S T P : CommRingCat.{u}} {f : R ⟶ S} {g : R ⟶ T} {inl : S ⟶ P} {inr : T ⟶ P} (h : CategoryTheory.IsPushout f g inl inr) (hf : f.hom.Flat) (hfin : f.hom.Finite) (x : PrimeSpectrum T) : inr.hom.finrank x = f.hom.finrank (PrimeSpectrum.comap g.hom x),6,rw [CategoryTheory.IsPushout.prime_spectrum_finrank],0.37,constrained,rw [CategoryTheory.IsPushout.prime_spectrum_finrank],named,rw_tac,rw,True,CategoryTheory.IsPushout.prime_spectrum_finrank,False,
142853,CommRingCat,lemma CommRingCat.finrank_eq_of_isPushout {R S T P : CommRingCat.{u}} {f : R ⟶ S} {g : R ⟶ T} {inl : S ⟶ P} {inr : T ⟶ P} (h : CategoryTheory.IsPushout f g inl inr) (hf : f.hom.Flat) (hfin : f.hom.Finite) (x : PrimeSpectrum T) : inr.hom.finrank x = f.hom.finrank (PrimeSpectrum.comap g.hom x),7,apply IsPushout.of_flat_finrank hf hfin x (PrimeSpectrum.comap g.hom x),0.59,constrained,apply IsPushout.of_flat_finrank hf hfin x (PrimeSpectrum.comap g.hom x),named,apply_tac,apply,True,IsPushout.of_flat_finrank,False,
109974,tprod_tprod,"theorem tprod_tprod (l : List δ) (μ : ∀ i, Measure (X i)) [∀ i, SigmaFinite (μ i)] (s : ∀ i, Set (X i)) : Measure.tprod l μ (Set.tprod l s) = (l.map fun i => (μ i) (s i)).prod",0,rw [Measure.tprod_def],0.23,constrained,rw [Measure.tprod_def],named,rw_tac,rw,True,Measure.tprod_def,False,
109974,tprod_tprod,"theorem tprod_tprod (l : List δ) (μ : ∀ i, Measure (X i)) [∀ i, SigmaFinite (μ i)] (s : ∀ i, Set (X i)) : Measure.tprod l μ (Set.tprod l s) = (l.map fun i => (μ i) (s i)).prod",1,"induction l with [] | cons x xs ih generalizing s, unfold Measure.tprod Set.tprod, apply finset.prod_add_distrib, rw ih, simp Only [finset.prod_map], simp Only [finset.prod_zero', finset.prod_mul_distrib]",1.41,constrained,"induction l with [] | cons x xs ih generalizing s, unfold Measure.tprod Set.tprod, apply finset.prod_add_distrib, rw ih, simp Only [finset.prod_map], simp Only [finset.prod_zero', finset.prod_mul_distrib]",named,induction_tac,induction,True,Only;finset.prod_add_distrib;finset.prod_zero';generalizing;xs,False,
109974,tprod_tprod,"theorem tprod_tprod (l : List δ) (μ : ∀ i, Measure (X i)) [∀ i, SigmaFinite (μ i)] (s : ∀ i, Set (X i)) : Measure.tprod l μ (Set.tprod l s) = (l.map fun i => (μ i) (s i)).prod",2,rw [Measure.tprod_def],0.22,constrained,rw [Measure.tprod_def],named,rw_tac,rw,True,Measure.tprod_def,False,
109974,tprod_tprod,"theorem tprod_tprod (l : List δ) (μ : ∀ i, Measure (X i)) [∀ i, SigmaFinite (μ i)] (s : ∀ i, Set (X i)) : Measure.tprod l μ (Set.tprod l s) = (l.map fun i => (μ i) (s i)).prod",3,induction l with [] | cons hd tl ih; simp *,0.37,constrained,induction l with [] | cons hd tl ih; simp *,named,induction_tac,induction,True,hd;tl,False,
109974,tprod_tprod,"theorem tprod_tprod (l : List δ) (μ : ∀ i, Measure (X i)) [∀ i, SigmaFinite (μ i)] (s : ∀ i, Set (X i)) : Measure.tprod l μ (Set.tprod l s) = (l.map fun i => (μ i) (s i)).prod",4,rewrite Measure.tprod_set_prod; sorry,0.25,constrained,rewrite Measure.tprod_set_prod; sorry,fallback,generic_tac,rewrite,False,Measure.tprod_set_prod,True,
109974,tprod_tprod,"theorem tprod_tprod (l : List δ) (μ : ∀ i, Measure (X i)) [∀ i, SigmaFinite (μ i)] (s : ∀ i, Set (X i)) : Measure.tprod l μ (Set.tprod l s) = (l.map fun i => (μ i) (s i)).prod",5,rw [Measure.tprod_setprod],0.24,constrained,rw [Measure.tprod_setprod],named,rw_tac,rw,True,Measure.tprod_setprod,False,
109974,tprod_tprod,"theorem tprod_tprod (l : List δ) (μ : ∀ i, Measure (X i)) [∀ i, SigmaFinite (μ i)] (s : ∀ i, Set (X i)) : Measure.tprod l μ (Set.tprod l s) = (l.map fun i => (μ i) (s i)).prod",6,rw [Measure.tprod_setprod],0.24,constrained,rw [Measure.tprod_setprod],named,rw_tac,rw,True,Measure.tprod_setprod,False,
109974,tprod_tprod,"theorem tprod_tprod (l : List δ) (μ : ∀ i, Measure (X i)) [∀ i, SigmaFinite (μ i)] (s : ∀ i, Set (X i)) : Measure.tprod l μ (Set.tprod l s) = (l.map fun i => (μ i) (s i)).prod",7,rw [tprod_setprod],0.22,constrained,rw [tprod_setprod],named,rw_tac,rw,True,tprod_setprod,False,
57787,isIso_fst_of_isIso,lemma isIso_fst_of_isIso (h : IsPullback fst snd f g) (inst : IsIso g,0,use h.isIso_g,0.17,constrained,use h.isIso_g,named,use_tac,use,True,h.isIso_g,False,
57787,isIso_fst_of_isIso,lemma isIso_fst_of_isIso (h : IsPullback fst snd f g) (inst : IsIso g,1,cases h; unfold IsPullback.isPullback; simp *; apply inst; intros x hx y hy; rw [←fst_comp_g]; apply IsIso.inv_unique; intros z hz; rw [←snd_comp_h]; apply IsIso.inv_unique; intros w hw; cases w; simp *;,1.56,constrained,cases h; unfold IsPullback.isPullback; simp *; apply inst; intros x hx y hy; rw [←fst_comp_g]; apply IsIso.inv_unique; intros z hz; rw [←snd_comp_h]; apply IsIso.inv_unique; intros w hw; cases w; simp *;,named,cases_tac,cases,True,fst_comp_g;snd_comp_h,False,
57787,isIso_fst_of_isIso,lemma isIso_fst_of_isIso (h : IsPullback fst snd f g) (inst : IsIso g,2,apply h.fst_iso,0.18,constrained,apply h.fst_iso,named,apply_tac,apply,True,h.fst_iso,False,
57787,isIso_fst_of_isIso,lemma isIso_fst_of_isIso (h : IsPullback fst snd f g) (inst : IsIso g,3,rw [IsIso_def],0.19,constrained,rw [IsIso_def],named,rw_tac,rw,True,IsIso_def,False,
57787,isIso_fst_of_isIso,lemma isIso_fst_of_isIso (h : IsPullback fst snd f g) (inst : IsIso g,4,cases h; intros x hx; apply (inv inst); exact hx.,0.42,constrained,cases h; intros x hx; apply (inv inst); exact hx.,named,cases_tac,cases,True,,False,
57787,isIso_fst_of_isIso,lemma isIso_fst_of_isIso (h : IsPullback fst snd f g) (inst : IsIso g,5,apply h.2.right,0.18,constrained,apply h.2.right,named,apply_tac,apply,True,,False,
57787,isIso_fst_of_isIso,lemma isIso_fst_of_isIso (h : IsPullback fst snd f g) (inst : IsIso g,6,apply h.1; assumption,0.2,constrained,apply h.1; assumption,named,apply_tac,apply,True,h.1,False,
57787,isIso_fst_of_isIso,lemma isIso_fst_of_isIso (h : IsPullback fst snd f g) (inst : IsIso g,7,rw [IsIso.fst],0.23,constrained,rw [IsIso.fst],named,rw_tac,rw,True,,False,
117757,sum_restrict_disjointed_spanningSets,theorem sum_restrict_disjointed_spanningSets (μ ν : Measure α) [SigmaFinite ν] : sum (fun n ↦ μ.restrict (disjointed (spanningSets ν) n)) = μ,0,"induction n; simp [sum_range, restrict_sum]; congr' 1; unfold disjointed; simp [spanningSets]; intros h; specialize @measure_union_disjoint h; simp [add_zero]",1.09,constrained,"induction n; simp [sum_range, restrict_sum]; congr' 1; unfold disjointed; simp [spanningSets]; intros h; specialize @measure_union_disjoint h; simp [add_zero]",named,induction_tac,induction,True,measure_union_disjoint,False,
117757,sum_restrict_disjointed_spanningSets,theorem sum_restrict_disjointed_spanningSets (μ ν : Measure α) [SigmaFinite ν] : sum (fun n ↦ μ.restrict (disjointed (spanningSets ν) n)) = μ,1,unfold sigma_finite_measure.support spannungsets disjointed measure.restrict,0.4,constrained,unfold sigma_finite_measure.support spannungsets disjointed measure.restrict,named,unfold_tac,unfold,True,spannungsets,False,
117757,sum_restrict_disjointed_spanningSets,theorem sum_restrict_disjointed_spanningSets (μ ν : Measure α) [SigmaFinite ν] : sum (fun n ↦ μ.restrict (disjointed (spanningSets ν) n)) = μ,2,induction n using Nat.rec_on with n ih; rw [sum_zero]; simp [*]; induction h using Disjointed.ind; simp [*],0.78,constrained,induction n using Nat.rec_on with n ih; rw [sum_zero]; simp [*]; induction h using Disjointed.ind; simp [*],named,induction_tac,induction,True,Nat.rec_on,False,
117757,sum_restrict_disjointed_spanningSets,theorem sum_restrict_disjointed_spanningSets (μ ν : Measure α) [SigmaFinite ν] : sum (fun n ↦ μ.restrict (disjointed (spanningSets ν) n)) = μ,3,rw [sum_sigma_finite_measure],0.25,constrained,rw [sum_sigma_finite_measure],named,rw_tac,rw,True,sum_sigma_finite_measure,False,
117757,sum_restrict_disjointed_spanningSets,theorem sum_restrict_disjointed_spanningSets (μ ν : Measure α) [SigmaFinite ν] : sum (fun n ↦ μ.restrict (disjointed (spanningSets ν) n)) = μ,4,induction μ using Measure.induction_on₂ with _ _ n s₁ s₂ ih₁ ih₂; simp only [Measure.restrict_add]; congr' 1; rw [ih₁]; rw [ih₂],1.15,constrained,induction μ using Measure.induction_on₂ with _ _ n s₁ s₂ ih₁ ih₂; simp only [Measure.restrict_add]; congr' 1; rw [ih₁]; rw [ih₂],named,induction_tac,induction,True,,False,
117757,sum_restrict_disjointed_spanningSets,theorem sum_restrict_disjointed_spanningSets (μ ν : Measure α) [SigmaFinite ν] : sum (fun n ↦ μ.restrict (disjointed (spanningSets ν) n)) = μ,5,rw [sum_restricted_to_finset],0.28,constrained,rw [sum_restricted_to_finset],named,rw_tac,rw,True,sum_restricted_to_finset,False,
117757,sum_restrict_disjointed_spanningSets,theorem sum_restrict_disjointed_spanningSets (μ ν : Measure α) [SigmaFinite ν] : sum (fun n ↦ μ.restrict (disjointed (spanningSets ν) n)) = μ,6,split_on_measure_sum_finset,0.21,constrained,split_on_measure_sum_finset,fallback,generic_tac,split_on_measure_sum_finset,False,,False,
117757,sum_restrict_disjointed_spanningSets,theorem sum_restrict_disjointed_spanningSets (μ ν : Measure α) [SigmaFinite ν] : sum (fun n ↦ μ.restrict (disjointed (spanningSets ν) n)) = μ,7,apply measure.sum_disjointed_measure Restrict.is_measurable_spanningSets,0.42,constrained,apply measure.sum_disjointed_measure Restrict.is_measurable_spanningSets,named,apply_tac,apply,True,Restrict.is_measurable_spanningSets;measure.sum_disjointed_measure,False,
154472,nfp_lt_ord_of_isRegular,"theorem nfp_lt_ord_of_isRegular {f : Ordinal → Ordinal} {c} (hc : IsRegular c) (hc' : c ≠ ℵ₀) (hf : ∀ i < c.ord, f i < c.ord) {a} : a < c.ord → nfp f a < c.ord",0,"use hc, hc', hf, by induction a",0.3,constrained,"use hc, hc', hf, by induction a",named,use_tac,use,True,,False,
154472,nfp_lt_ord_of_isRegular,"theorem nfp_lt_ord_of_isRegular {f : Ordinal → Ordinal} {c} (hc : IsRegular c) (hc' : c ≠ ℵ₀) (hf : ∀ i < c.ord, f i < c.ord) {a} : a < c.ord → nfp f a < c.ord",1,induction hc using IsRegular.induct; cases hc'; intros hfhf ha; unfold nfp at *; simp [hf]; apply min.lt_left; linarith; apply hf; assumption; trivial,1.07,constrained,induction hc using IsRegular.induct; cases hc'; intros hfhf ha; unfold nfp at *; simp [hf]; apply min.lt_left; linarith; apply hf; assumption; trivial,named,induction_tac,induction,True,min.lt_left,False,
154472,nfp_lt_ord_of_isRegular,"theorem nfp_lt_ord_of_isRegular {f : Ordinal → Ordinal} {c} (hc : IsRegular c) (hc' : c ≠ ℵ₀) (hf : ∀ i < c.ord, f i < c.ord) {a} : a < c.ord → nfp f a < c.ord",2,cases hc'.some_non_zero_cardinal; simp [hf],0.37,constrained,cases hc'.some_non_zero_cardinal; simp [hf],named,cases_tac,cases,True,hc'.some_non_zero_cardinal,False,
154472,nfp_lt_ord_of_isRegular,"theorem nfp_lt_ord_of_isRegular {f : Ordinal → Ordinal} {c} (hc : IsRegular c) (hc' : c ≠ ℵ₀) (hf : ∀ i < c.ord, f i < c.ord) {a} : a < c.ord → nfp f a < c.ord",3,induction a using Ordinal.rec_on with _ IH ih; simp only [IH]; apply hf; assumption,0.59,constrained,induction a using Ordinal.rec_on with _ IH ih; simp only [IH]; apply hf; assumption,named,induction_tac,induction,True,IH;Ordinal.rec_on,False,
154472,nfp_lt_ord_of_isRegular,"theorem nfp_lt_ord_of_isRegular {f : Ordinal → Ordinal} {c} (hc : IsRegular c) (hc' : c ≠ ℵ₀) (hf : ∀ i < c.ord, f i < c.ord) {a} : a < c.ord → nfp f a < c.ord",4,"have hnf : nfp f a = a, from nthSmallestFixpoint f a hc hc' hf; simp [hnf]",0.76,constrained,"have hnf : nfp f a = a, from nthSmallestFixpoint f a hc hc' hf; simp [hnf]",named,have_tac,have,True,hnf;nthSmallestFixpoint,False,
154472,nfp_lt_ord_of_isRegular,"theorem nfp_lt_ord_of_isRegular {f : Ordinal → Ordinal} {c} (hc : IsRegular c) (hc' : c ≠ ℵ₀) (hf : ∀ i < c.ord, f i < c.ord) {a} : a < c.ord → nfp f a < c.ord",5,induction hc using IsRegular.induction; assumption; intros hfa ihfa; specialize ihfa hfa; apply ihfa; assumption; assumption; apply hf; intro i hi; linarith; assumption; assumption; apply hf; intro i hi; linarith; assumption; assumption; apply hf; intro i,1.58,constrained,induction hc using IsRegular.induction; assumption; intros hfa ihfa; specialize ihfa hfa; apply ihfa; assumption; assumption; apply hf; intro i hi; linarith; assumption; assumption; apply hf; intro i hi; linarith; assumption; assumption; apply hf; intro i,named,induction_tac,induction,True,,False,
154472,nfp_lt_ord_of_isRegular,"theorem nfp_lt_ord_of_isRegular {f : Ordinal → Ordinal} {c} (hc : IsRegular c) (hc' : c ≠ ℵ₀) (hf : ∀ i < c.ord, f i < c.ord) {a} : a < c.ord → nfp f a < c.ord",6,induction hc with ⟨h⟩; cases h; intro ha; apply hf; assumption; contradiction; assumption,0.59,constrained,induction hc with ⟨h⟩; cases h; intro ha; apply hf; assumption; contradiction; assumption,named,induction_tac,induction,True,,False,
154472,nfp_lt_ord_of_isRegular,"theorem nfp_lt_ord_of_isRegular {f : Ordinal → Ordinal} {c} (hc : IsRegular c) (hc' : c ≠ ℵ₀) (hf : ∀ i < c.ord, f i < c.ord) {a} : a < c.ord → nfp f a < c.ord",7,apply hc.lem_ordinal_lt_cardinal.2; assumption,0.37,constrained,apply hc.lem_ordinal_lt_cardinal.2; assumption,named,apply_tac,apply,True,hc.lem_ordinal_lt_cardinal.2,False,
72926,tail_update_zero,theorem tail_update_zero : tail (update q 0 z) = tail q,0,rewrite update_zero,0.13,constrained,rewrite update_zero,fallback,generic_tac,rewrite,False,update_zero,False,
72926,tail_update_zero,theorem tail_update_zero : tail (update q 0 z) = tail q,1,rw [tail_update],0.18,constrained,rw [tail_update],named,rw_tac,rw,True,tail_update,False,
72926,tail_update_zero,theorem tail_update_zero : tail (update q 0 z) = tail q,2,rewrite update_tail,0.13,constrained,rewrite update_tail,fallback,generic_tac,rewrite,False,update_tail,False,
72926,tail_update_zero,theorem tail_update_zero : tail (update q 0 z) = tail q,3,rw [tail_update],0.18,constrained,rw [tail_update],named,rw_tac,rw,True,tail_update,False,
72926,tail_update_zero,theorem tail_update_zero : tail (update q 0 z) = tail q,4,rewrite tail_update,0.13,constrained,rewrite tail_update,fallback,generic_tac,rewrite,False,tail_update,False,
72926,tail_update_zero,theorem tail_update_zero : tail (update q 0 z) = tail q,5,rw [tail_update],0.17,constrained,rw [tail_update],named,rw_tac,rw,True,tail_update,False,
72926,tail_update_zero,theorem tail_update_zero : tail (update q 0 z) = tail q,6,rw [tail_update],0.17,constrained,rw [tail_update],named,rw_tac,rw,True,tail_update,False,
72926,tail_update_zero,theorem tail_update_zero : tail (update q 0 z) = tail q,7,rw [tail_update],0.19,constrained,rw [tail_update],named,rw_tac,rw,True,tail_update,False,
1703,op_finsuppSum,lemma op_finsuppSum (f : ι →₀ N) (g : ι → N → M) : op (f.sum g) = f.sum fun i n ↦ op (g i n),0,rw [sum_hom],0.19,constrained,rw [sum_hom],named,rw_tac,rw,True,,False,
1703,op_finsuppSum,lemma op_finsuppSum (f : ι →₀ N) (g : ι → N → M) : op (f.sum g) = f.sum fun i n ↦ op (g i n),1,induction f using finsupp.induction; intros; simp only [op_sum]; unfold finsupp.sum; apply sum_congr; intros; simp only [op],0.89,constrained,induction f using finsupp.induction; intros; simp only [op_sum]; unfold finsupp.sum; apply sum_congr; intros; simp only [op],named,induction_tac,induction,True,,False,
1703,op_finsuppSum,lemma op_finsuppSum (f : ι →₀ N) (g : ι → N → M) : op (f.sum g) = f.sum fun i n ↦ op (g i n),2,rw [op_sum],0.18,constrained,rw [op_sum],named,rw_tac,rw,True,,False,
1703,op_finsuppSum,lemma op_finsuppSum (f : ι →₀ N) (g : ι → N → M) : op (f.sum g) = f.sum fun i n ↦ op (g i n),3,ext i,0.11,constrained,ext i,named,ext_tac,ext,True,,False,
1703,op_finsuppSum,lemma op_finsuppSum (f : ι →₀ N) (g : ι → N → M) : op (f.sum g) = f.sum fun i n ↦ op (g i n),4,rw [op_sum],0.18,constrained,rw [op_sum],named,rw_tac,rw,True,,False,
1703,op_finsuppSum,lemma op_finsuppSum (f : ι →₀ N) (g : ι → N → M) : op (f.sum g) = f.sum fun i n ↦ op (g i n),5,induction f; simp [*],0.23,constrained,induction f; simp [*],named,induction_tac,induction,True,,False,
1703,op_finsuppSum,lemma op_finsuppSum (f : ι →₀ N) (g : ι → N → M) : op (f.sum g) = f.sum fun i n ↦ op (g i n),6,rw [← finsupp.sum_comp],0.26,constrained,rw [← finsupp.sum_comp],named,rw_tac,rw,True,,False,
1703,op_finsuppSum,lemma op_finsuppSum (f : ι →₀ N) (g : ι → N → M) : op (f.sum g) = f.sum fun i n ↦ op (g i n),7,rw [op_sum],0.18,constrained,rw [op_sum],named,rw_tac,rw,True,,False,
41853,bot_orthogonal_eq_top,theorem bot_orthogonal_eq_top : (⊥ : ClosedSubmodule 𝕜 E)ᗮ = ⊤,0,unfold orthogonal_complement top_closed_submodule_bot,0.28,constrained,unfold orthogonal_complement top_closed_submodule_bot,named,unfold_tac,unfold,True,orthogonal_complement;top_closed_submodule_bot,False,
41853,bot_orthogonal_eq_top,theorem bot_orthogonal_eq_top : (⊥ : ClosedSubmodule 𝕜 E)ᗮ = ⊤,1,ext x; simp [orthogonal_complement_bot],0.32,constrained,ext x; simp [orthogonal_complement_bot],named,ext_tac,ext,True,orthogonal_complement_bot,False,
41853,bot_orthogonal_eq_top,theorem bot_orthogonal_eq_top : (⊥ : ClosedSubmodule 𝕜 E)ᗮ = ⊤,2,refl,0.11,constrained,refl,fallback,generic_tac,refl,False,,False,
41853,bot_orthogonal_eq_top,theorem bot_orthogonal_eq_top : (⊥ : ClosedSubmodule 𝕜 E)ᗮ = ⊤,3,rw [perp_def],0.2,constrained,rw [perp_def],named,rw_tac,rw,True,perp_def,False,
41853,bot_orthogonal_eq_top,theorem bot_orthogonal_eq_top : (⊥ : ClosedSubmodule 𝕜 E)ᗮ = ⊤,4,ext x; apply closed_submodule.compl_mem_iff_top_of_bot_mem; simp,0.48,constrained,ext x; apply closed_submodule.compl_mem_iff_top_of_bot_mem; simp,named,ext_tac,ext,True,closed_submodule.compl_mem_iff_top_of_bot_mem,False,
41853,bot_orthogonal_eq_top,theorem bot_orthogonal_eq_top : (⊥ : ClosedSubmodule 𝕜 E)ᗮ = ⊤,5,simp,0.08,constrained,simp,named,simp_tac,simp,True,,False,
41853,bot_orthogonal_eq_top,theorem bot_orthogonal_eq_top : (⊥ : ClosedSubmodule 𝕜 E)ᗮ = ⊤,6,refl,0.11,constrained,refl,fallback,generic_tac,refl,False,,False,
41853,bot_orthogonal_eq_top,theorem bot_orthogonal_eq_top : (⊥ : ClosedSubmodule 𝕜 E)ᗮ = ⊤,7,exact orthogonal_bot_eq_top,0.18,constrained,exact orthogonal_bot_eq_top,named,exact_tac,exact,True,orthogonal_bot_eq_top,False,
110785,essInf_measure_zero,theorem essInf_measure_zero {_ : MeasurableSpace α} {f : α → β} : essInf f (0 : Measure α) = ⊤,0,exact measures.essSup_empty_top (MeasurableSet.empty α),0.39,constrained,exact measures.essSup_empty_top (MeasurableSet.empty α),named,exact_tac,exact,True,measures.essSup_empty_top,False,
110785,essInf_measure_zero,theorem essInf_measure_zero {_ : MeasurableSpace α} {f : α → β} : essInf f (0 : Measure α) = ⊤,1,apply essSup_eq_top_of_nonneg_on_compl_univ; apply measure.compl_univ_le_zero; simp,0.64,constrained,apply essSup_eq_top_of_nonneg_on_compl_univ; apply measure.compl_univ_le_zero; simp,named,apply_tac,apply,True,essSup_eq_top_of_nonneg_on_compl_univ;measure.compl_univ_le_zero,False,
110785,essInf_measure_zero,theorem essInf_measure_zero {_ : MeasurableSpace α} {f : α → β} : essInf f (0 : Measure α) = ⊤,2,apply ess_inf_of_nonpos; apply measure.empty_nonpos; simp,0.39,constrained,apply ess_inf_of_nonpos; apply measure.empty_nonpos; simp,named,apply_tac,apply,True,ess_inf_of_nonpos;measure.empty_nonpos,False,
110785,essInf_measure_zero,theorem essInf_measure_zero {_ : MeasurableSpace α} {f : α → β} : essInf f (0 : Measure α) = ⊤,3,exact essInf_le_top _ _,0.22,constrained,exact essInf_le_top _ _,named,exact_tac,exact,True,essInf_le_top,False,
110785,essInf_measure_zero,theorem essInf_measure_zero {_ : MeasurableSpace α} {f : α → β} : essInf f (0 : Measure α) = ⊤,4,rw [essInf_def],0.2,constrained,rw [essInf_def],named,rw_tac,rw,True,essInf_def,False,
110785,essInf_measure_zero,theorem essInf_measure_zero {_ : MeasurableSpace α} {f : α → β} : essInf f (0 : Measure α) = ⊤,5,sorry tactic failed,0.13,constrained,sorry tactic failed,fallback,generic_tac,sorry,True,failed,True,
110785,essInf_measure_zero,theorem essInf_measure_zero {_ : MeasurableSpace α} {f : α → β} : essInf f (0 : Measure α) = ⊤,6,rw [essInf_zero],0.2,constrained,rw [essInf_zero],named,rw_tac,rw,True,essInf_zero,False,
110785,essInf_measure_zero,theorem essInf_measure_zero {_ : MeasurableSpace α} {f : α → β} : essInf f (0 : Measure α) = ⊤,7,use zero_measure_essSup_eq_top,0.26,constrained,use zero_measure_essSup_eq_top,named,use_tac,use,True,zero_measure_essSup_eq_top,False,
89194,liftAlgHom_fieldRange_eq_of_range_eq,theorem liftAlgHom_fieldRange_eq_of_range_eq (hg : Function.Injective g) {s : Set L} (hs : g.range = Algebra.adjoin F s) : (liftAlgHom hg : K →ₐ[F] L).fieldRange = IntermediateField.adjoin F s,0,"use hs, injective_preimage_image",0.25,constrained,"use hs, injective_preimage_image",named,use_tac,use,True,injective_preimage_image,False,
89194,liftAlgHom_fieldRange_eq_of_range_eq,theorem liftAlgHom_fieldRange_eq_of_range_eq (hg : Function.Injective g) {s : Set L} (hs : g.range = Algebra.adjoin F s) : (liftAlgHom hg : K →ₐ[F] L).fieldRange = IntermediateField.adjoin F s,1,rw [IntermediateField.adjoin_eq_span],0.28,constrained,rw [IntermediateField.adjoin_eq_span],named,rw_tac,rw,True,,False,
89194,liftAlgHom_fieldRange_eq_of_range_eq,theorem liftAlgHom_fieldRange_eq_of_range_eq (hg : Function.Injective g) {s : Set L} (hs : g.range = Algebra.adjoin F s) : (liftAlgHom hg : K →ₐ[F] L).fieldRange = IntermediateField.adjoin F s,2,rw [IntermediateField.adjoin_def],0.25,constrained,rw [IntermediateField.adjoin_def],named,rw_tac,rw,True,IntermediateField.adjoin_def,False,
89194,liftAlgHom_fieldRange_eq_of_range_eq,theorem liftAlgHom_fieldRange_eq_of_range_eq (hg : Function.Injective g) {s : Set L} (hs : g.range = Algebra.adjoin F s) : (liftAlgHom hg : K →ₐ[F] L).fieldRange = IntermediateField.adjoin F s,3,rw [IntermediateField.adjoin_eq_adjoin_of_range_eq hg hs],0.42,constrained,rw [IntermediateField.adjoin_eq_adjoin_of_range_eq hg hs],named,rw_tac,rw,True,IntermediateField.adjoin_eq_adjoin_of_range_eq,False,
89194,liftAlgHom_fieldRange_eq_of_range_eq,theorem liftAlgHom_fieldRange_eq_of_range_eq (hg : Function.Injective g) {s : Set L} (hs : g.range = Algebra.adjoin F s) : (liftAlgHom hg : K →ₐ[F] L).fieldRange = IntermediateField.adjoin F s,4,rw [←Algebra.adjoin_injective hgs],0.35,constrained,rw [←Algebra.adjoin_injective hgs],named,rw_tac,rw,True,Algebra.adjoin_injective;hgs,False,
89194,liftAlgHom_fieldRange_eq_of_range_eq,theorem liftAlgHom_fieldRange_eq_of_range_eq (hg : Function.Injective g) {s : Set L} (hs : g.range = Algebra.adjoin F s) : (liftAlgHom hg : K →ₐ[F] L).fieldRange = IntermediateField.adjoin F s,5,rw [hg.injective_range_eq_adjoin],0.3,constrained,rw [hg.injective_range_eq_adjoin],named,rw_tac,rw,True,hg.injective_range_eq_adjoin,False,
89194,liftAlgHom_fieldRange_eq_of_range_eq,theorem liftAlgHom_fieldRange_eq_of_range_eq (hg : Function.Injective g) {s : Set L} (hs : g.range = Algebra.adjoin F s) : (liftAlgHom hg : K →ₐ[F] L).fieldRange = IntermediateField.adjoin F s,6,use hg.injective_to_fieldHom.fieldRange_eq_adjoin_of_range_eq hs,0.44,constrained,use hg.injective_to_fieldHom.fieldRange_eq_adjoin_of_range_eq hs,named,use_tac,use,True,hg.injective_to_fieldHom.fieldRange_eq_adjoin_of_range_eq,False,
89194,liftAlgHom_fieldRange_eq_of_range_eq,theorem liftAlgHom_fieldRange_eq_of_range_eq (hg : Function.Injective g) {s : Set L} (hs : g.range = Algebra.adjoin F s) : (liftAlgHom hg : K →ₐ[F] L).fieldRange = IntermediateField.adjoin F s,7,applyIntermediateFieldAdjoinOfInjectiveRangeEq,0.31,constrained,applyIntermediateFieldAdjoinOfInjectiveRangeEq,named,apply_tac,applyIntermediateFieldAdjoinOfInjectiveRangeEq,False,,False,
72842,succAbove_castPred_self,lemma succAbove_castPred_self (p : Fin (n + 1)) (h : p ≠ last n) : succAbove p (p.castPred h) = (p.castPred h).succ,0,unfold castPred,0.13,constrained,unfold castPred,named,unfold_tac,unfold,True,,False,
72842,succAbove_castPred_self,lemma succAbove_castPred_self (p : Fin (n + 1)) (h : p ≠ last n) : succAbove p (p.castPred h) = (p.castPred h).succ,1,rw [castPred],0.18,constrained,rw [castPred],named,rw_tac,rw,True,,False,
72842,succAbove_castPred_self,lemma succAbove_castPred_self (p : Fin (n + 1)) (h : p ≠ last n) : succAbove p (p.castPred h) = (p.castPred h).succ,2,simplify,0.13,constrained,simplify,named,simp_tac,simplify,False,,False,
72842,succAbove_castPred_self,lemma succAbove_castPred_self (p : Fin (n + 1)) (h : p ≠ last n) : succAbove p (p.castPred h) = (p.castPred h).succ,3,rw [castPred_eq],0.21,constrained,rw [castPred_eq],named,rw_tac,rw,True,castPred_eq,False,
72842,succAbove_castPred_self,lemma succAbove_castPred_self (p : Fin (n + 1)) (h : p ≠ last n) : succAbove p (p.castPred h) = (p.castPred h).succ,4,rw [castPred],0.18,constrained,rw [castPred],named,rw_tac,rw,True,,False,
72842,succAbove_castPred_self,lemma succAbove_castPred_self (p : Fin (n + 1)) (h : p ≠ last n) : succAbove p (p.castPred h) = (p.castPred h).succ,5,rw [castPred],0.18,constrained,rw [castPred],named,rw_tac,rw,True,,False,
72842,succAbove_castPred_self,lemma succAbove_castPred_self (p : Fin (n + 1)) (h : p ≠ last n) : succAbove p (p.castPred h) = (p.castPred h).succ,6,unfold pred; unfold castPred; rewrite succ_above_pred; simp; congr' 2; assumption; congr' 1; assumption,0.71,constrained,unfold pred; unfold castPred; rewrite succ_above_pred; simp; congr' 2; assumption; congr' 1; assumption,named,unfold_tac,unfold,True,succ_above_pred,False,
72842,succAbove_castPred_self,lemma succAbove_castPred_self (p : Fin (n + 1)) (h : p ≠ last n) : succAbove p (p.castPred h) = (p.castPred h).succ,7,rw [succAbove],0.18,constrained,rw [succAbove],named,rw_tac,rw,True,,False,
40758,continuous_ofSupportedIn,"theorem continuous_ofSupportedIn {K : Compacts E} (K_sub_Ω : (K : Set E) ⊆ Ω) : Continuous (ofSupportedIn K_sub_Ω : 𝓓^{n}_{K}(E, F) → 𝓓^{n}(Ω, F))",0,unfold continuous_ofSupportedIn,0.18,constrained,unfold continuous_ofSupportedIn,named,unfold_tac,unfold,True,,False,
40758,continuous_ofSupportedIn,"theorem continuous_ofSupportedIn {K : Compacts E} (K_sub_Ω : (K : Set E) ⊆ Ω) : Continuous (ofSupportedIn K_sub_Ω : 𝓓^{n}_{K}(E, F) → 𝓓^{n}(Ω, F))",1,apply continuous_map_of_continuous_at,0.2,constrained,apply continuous_map_of_continuous_at,named,apply_tac,apply,True,continuous_map_of_continuous_at,False,
40758,continuous_ofSupportedIn,"theorem continuous_ofSupportedIn {K : Compacts E} (K_sub_Ω : (K : Set E) ⊆ Ω) : Continuous (ofSupportedIn K_sub_Ω : 𝓓^{n}_{K}(E, F) → 𝓓^{n}(Ω, F))",2,intro h,0.11,constrained,intro h,named,intro_tac,intro,True,,False,
40758,continuous_ofSupportedIn,"theorem continuous_ofSupportedIn {K : Compacts E} (K_sub_Ω : (K : Set E) ⊆ Ω) : Continuous (ofSupportedIn K_sub_Ω : 𝓓^{n}_{K}(E, F) → 𝓓^{n}(Ω, F))",3,unfold ofSupportedIn Continuous,0.18,constrained,unfold ofSupportedIn Continuous,named,unfold_tac,unfold,True,Continuous,False,
40758,continuous_ofSupportedIn,"theorem continuous_ofSupportedIn {K : Compacts E} (K_sub_Ω : (K : Set E) ⊆ Ω) : Continuous (ofSupportedIn K_sub_Ω : 𝓓^{n}_{K}(E, F) → 𝓓^{n}(Ω, F))",4,intros f hf continuity_hyp; apply continuity_of_supported_in hf continuity_hyp continuity_hyp continuity_hyp continuity_hyp continuity_hyp continuity_hyp continuity_hyp continuity_hyp continuity_hyp continuity_hyp continuity_hyp continuity_hyp continuity_hyp continuity_hyp continuity_hyp continuity_hyp continuity_hyp,1.57,constrained,intros f hf continuity_hyp; apply continuity_of_supported_in hf continuity_hyp continuity_hyp continuity_hyp continuity_hyp continuity_hyp continuity_hyp continuity_hyp continuity_hyp continuity_hyp continuity_hyp continuity_hyp continuity_hyp continuity_hyp continuity_hyp continuity_hyp continuity_hyp continuity_hyp,named,intro_tac,intros,True,continuity_hyp;continuity_of_supported_in,False,
40758,continuous_ofSupportedIn,"theorem continuous_ofSupportedIn {K : Compacts E} (K_sub_Ω : (K : Set E) ⊆ Ω) : Continuous (ofSupportedIn K_sub_Ω : 𝓓^{n}_{K}(E, F) → 𝓓^{n}(Ω, F))",5,use continuous_of_supported_in',0.2,constrained,use continuous_of_supported_in',named,use_tac,use,True,continuous_of_supported_in',False,
40758,continuous_ofSupportedIn,"theorem continuous_ofSupportedIn {K : Compacts E} (K_sub_Ω : (K : Set E) ⊆ Ω) : Continuous (ofSupportedIn K_sub_Ω : 𝓓^{n}_{K}(E, F) → 𝓓^{n}(Ω, F))",6,unfolding ofSupportedIn_continuous,0.23,constrained,unfolding ofSupportedIn_continuous,named,unfold_tac,unfolding,False,ofSupportedIn_continuous,False,
40758,continuous_ofSupportedIn,"theorem continuous_ofSupportedIn {K : Compacts E} (K_sub_Ω : (K : Set E) ⊆ Ω) : Continuous (ofSupportedIn K_sub_Ω : 𝓓^{n}_{K}(E, F) → 𝓓^{n}(Ω, F))",7,exact fun f => by continuity; assumption; continuity; assumption,0.35,constrained,exact fun f => by continuity; assumption; continuity; assumption,named,exact_tac,exact,True,,False,
56443,preservesFiniteColimits_of_evaluation,"lemma preservesFiniteColimits_of_evaluation {D : Type*} [Category* D] {E : Type*} [Category* E] (F : C ⥤ D ⥤ E) (h : ∀ d : D, PreservesFiniteColimits (F ⋙ (evaluation D E).obj d)) : PreservesFiniteColimits F",0,apply categoryTheory.limits.preserves_colimits_of_preserves_limits_of_hom functor.category_theory.evaluation_functor.obj F h fun d => categoryTheory.limits.preserves_finite_colimits_of_preserves_finite_limits_of_hom (F ⋙ (functor.category_theory.evaluation_functor.obj D,1.58,constrained,apply categoryTheory.limits.preserves_colimits_of_preserves_limits_of_hom functor.category_theory.evaluation_functor.obj F h fun d => categoryTheory.limits.preserves_finite_colimits_of_preserves_finite_limits_of_hom (F ⋙ (functor.category_theory.evaluation_functor.obj D,named,apply_tac,apply,True,categoryTheory.limits.preserves_colimits_of_preserves_limits_of_hom;categoryTheory.limits.preserves_finite_colimits_of_preserves_finite_limits_of_hom,False,
56443,preservesFiniteColimits_of_evaluation,"lemma preservesFiniteColimits_of_evaluation {D : Type*} [Category* D] {E : Type*} [Category* E] (F : C ⥤ D ⥤ E) (h : ∀ d : D, PreservesFiniteColimits (F ⋙ (evaluation D E).obj d)) : PreservesFiniteColimits F",1,"change $PreservesFiniteColimits F ↔ (∀ X Y f g : ColimitCone (F.obj X), Colimit.ForkUnique f g → f = g)$",0.94,constrained,"change $PreservesFiniteColimits F ↔ (∀ X Y f g : ColimitCone (F.obj X), Colimit.ForkUnique f g → f = g)$",named,change_tac,change,True,Colimit.ForkUnique;ColimitCone;PreservesFiniteColimits,False,
56443,preservesFiniteColimits_of_evaluation,"lemma preservesFiniteColimits_of_evaluation {D : Type*} [Category* D] {E : Type*} [Category* E] (F : C ⥤ D ⥤ E) (h : ∀ d : D, PreservesFiniteColimits (F ⋙ (evaluation D E).obj d)) : PreservesFiniteColimits F",2,intro d; apply h,0.18,constrained,intro d; apply h,named,intro_tac,intro,True,,False,
56443,preservesFiniteColimits_of_evaluation,"lemma preservesFiniteColimits_of_evaluation {D : Type*} [Category* D] {E : Type*} [Category* E] (F : C ⥤ D ⥤ E) (h : ∀ d : D, PreservesFiniteColimits (F ⋙ (evaluation D E).obj d)) : PreservesFiniteColimits F",3,induction F using Category.comp_induction; intros d; apply h,0.39,constrained,induction F using Category.comp_induction; intros d; apply h,named,induction_tac,induction,True,Category.comp_induction,False,
56443,preservesFiniteColimits_of_evaluation,"lemma preservesFiniteColimits_of_evaluation {D : Type*} [Category* D] {E : Type*} [Category* E] (F : C ⥤ D ⥤ E) (h : ∀ d : D, PreservesFiniteColimits (F ⋙ (evaluation D E).obj d)) : PreservesFiniteColimits F",4,intro F h; unfold PreservesFiniteColimits; apply Limits.preserves_colimits_of_hom_iso; apply CategoryTheory.Evaluation.obj_property; exact h; unfold PreservesFiniteColimits; apply Limits.preserves_colimits_of_hom_iso; apply CategoryTheory.Evaluation.obj_property; exact h; apply CategoryTheory.E,1.57,constrained,intro F h; unfold PreservesFiniteColimits; apply Limits.preserves_colimits_of_hom_iso; apply CategoryTheory.Evaluation.obj_property; exact h; unfold PreservesFiniteColimits; apply Limits.preserves_colimits_of_hom_iso; apply CategoryTheory.Evaluation.obj_property; exact h; apply CategoryTheory.E,named,intro_tac,intro,True,CategoryTheory.E;CategoryTheory.Evaluation.obj_property;Limits.preserves_colimits_of_hom_iso;PreservesFiniteColimits,False,
56443,preservesFiniteColimits_of_evaluation,"lemma preservesFiniteColimits_of_evaluation {D : Type*} [Category* D] {E : Type*} [Category* E] (F : C ⥤ D ⥤ E) (h : ∀ d : D, PreservesFiniteColimits (F ⋙ (evaluation D E).obj d)) : PreservesFiniteColimits F",5,rw [PreservesFiniteColimits.def],0.28,constrained,rw [PreservesFiniteColimits.def],named,rw_tac,rw,True,,False,
56443,preservesFiniteColimits_of_evaluation,"lemma preservesFiniteColimits_of_evaluation {D : Type*} [Category* D] {E : Type*} [Category* E] (F : C ⥤ D ⥤ E) (h : ∀ d : D, PreservesFiniteColimits (F ⋙ (evaluation D E).obj d)) : PreservesFiniteColimits F",6,funext,0.11,constrained,funext,named,ext_tac,funext,True,,False,
56443,preservesFiniteColimits_of_evaluation,"lemma preservesFiniteColimits_of_evaluation {D : Type*} [Category* D] {E : Type*} [Category* E] (F : C ⥤ D ⥤ E) (h : ∀ d : D, PreservesFiniteColimits (F ⋙ (evaluation D E).obj d)) : PreservesFiniteColimits F",7,intros x; apply h; intros y j s; exact (s.map_range (functor.comp_id _)).map_colimit_cone homotopy.left_inv homotopy.right_inv homotopy.left_inv homotopy.right_inv,1.23,constrained,intros x; apply h; intros y j s; exact (s.map_range (functor.comp_id _)).map_colimit_cone homotopy.left_inv homotopy.right_inv homotopy.left_inv homotopy.right_inv,named,intro_tac,intros,True,map_colimit_cone,False,
88236,lt_translationNumber_of_forall_add_lt,"theorem lt_translationNumber_of_forall_add_lt (hf : Continuous f) {z : ℝ} (hz : ∀ x, x + z < f x) : z < τ f",0,use hf.continuity_on,0.21,constrained,use hf.continuity_on,named,use_tac,use,True,hf.continuity_on,False,
88236,lt_translationNumber_of_forall_add_lt,"theorem lt_translationNumber_of_forall_add_lt (hf : Continuous f) {z : ℝ} (hz : ∀ x, x + z < f x) : z < τ f",1,"use hf, hz",0.19,constrained,"use hf, hz",named,use_tac,use,True,,False,
88236,lt_translationNumber_of_forall_add_lt,"theorem lt_translationNumber_of_forall_add_lt (hf : Continuous f) {z : ℝ} (hz : ∀ x, x + z < f x) : z < τ f",2,"use hf, hz",0.18,constrained,"use hf, hz",named,use_tac,use,True,,False,
88236,lt_translationNumber_of_forall_add_lt,"theorem lt_translationNumber_of_forall_add_lt (hf : Continuous f) {z : ℝ} (hz : ∀ x, x + z < f x) : z < τ f",3,rw [translation_number_def],0.21,constrained,rw [translation_number_def],named,rw_tac,rw,True,translation_number_def,False,
88236,lt_translationNumber_of_forall_add_lt,"theorem lt_translationNumber_of_forall_add_lt (hf : Continuous f) {z : ℝ} (hz : ∀ x, x + z < f x) : z < τ f",4,intro htau,0.13,constrained,intro htau,named,intro_tac,intro,True,htau,False,
88236,lt_translationNumber_of_forall_add_lt,"theorem lt_translationNumber_of_forall_add_lt (hf : Continuous f) {z : ℝ} (hz : ∀ x, x + z < f x) : z < τ f",5,"have h continuity at zero := hf.continuity_at_zero, rw [translation_number_def] at hz, specialize hz (tau_f hf), apply lt_trans hz h, exact tau_f_pos hf, sorry",1.15,constrained,"have h continuity at zero := hf.continuity_at_zero, rw [translation_number_def] at hz, specialize hz (tau_f hf), apply lt_trans hz h, exact tau_f_pos hf, sorry",named,have_tac,have,True,hf.continuity_at_zero;tau_f;tau_f_pos;translation_number_def,True,
88236,lt_translationNumber_of_forall_add_lt,"theorem lt_translationNumber_of_forall_add_lt (hf : Continuous f) {z : ℝ} (hz : ∀ x, x + z < f x) : z < τ f",6,"intro htau; apply hf.continuity_on; intro x hx; specialize hz x; simp at hx hz; linarith [hx, hz]",0.89,constrained,"intro htau; apply hf.continuity_on; intro x hx; specialize hz x; simp at hx hz; linarith [hx, hz]",named,intro_tac,intro,True,hf.continuity_on;htau,False,
88236,lt_translationNumber_of_forall_add_lt,"theorem lt_translationNumber_of_forall_add_lt (hf : Continuous f) {z : ℝ} (hz : ∀ x, x + z < f x) : z < τ f",7,have hf' := hf.continuity_at z; specialize hz z; apply hf'.tendsto_le_tendsto; simp; intros ε hε; choose δ hd from (hn ε); apply hd; assumption,1.18,constrained,have hf' := hf.continuity_at z; specialize hz z; apply hf'.tendsto_le_tendsto; simp; intros ε hε; choose δ hd from (hn ε); apply hd; assumption,named,have_tac,have,True,hd;hf'.tendsto_le_tendsto;hf.continuity_at;hn,False,
26793,natDegree_,lemma natDegree_Ψ₂Sq (h : (4 : R) ≠ 0) : W.Ψ₂Sq.natDegree = 3,0,ring_norm,0.11,constrained,ring_norm,fallback,generic_tac,ring_norm,False,,False,
26793,natDegree_,lemma natDegree_Ψ₂Sq (h : (4 : R) ≠ 0) : W.Ψ₂Sq.natDegree = 3,1,rw [W.Ψ₂Sq.natDegree],0.32,constrained,rw [W.Ψ₂Sq.natDegree],named,rw_tac,rw,True,,False,
26793,natDegree_,lemma natDegree_Ψ₂Sq (h : (4 : R) ≠ 0) : W.Ψ₂Sq.natDegree = 3,2,rw [W.Ψ₂Sq.natDegree],0.32,constrained,rw [W.Ψ₂Sq.natDegree],named,rw_tac,rw,True,,False,
26793,natDegree_,lemma natDegree_Ψ₂Sq (h : (4 : R) ≠ 0) : W.Ψ₂Sq.natDegree = 3,3,unfold W.Ψ₂Sq.natDegree,0.28,constrained,unfold W.Ψ₂Sq.natDegree,named,unfold_tac,unfold,True,,False,
26793,natDegree_,lemma natDegree_Ψ₂Sq (h : (4 : R) ≠ 0) : W.Ψ₂Sq.natDegree = 3,4,use degree_of_product_of_polynomials,0.23,constrained,use degree_of_product_of_polynomials,named,use_tac,use,True,degree_of_product_of_polynomials,False,
26793,natDegree_,lemma natDegree_Ψ₂Sq (h : (4 : R) ≠ 0) : W.Ψ₂Sq.natDegree = 3,5,rw [W.Ψ₂Sq.def],0.28,constrained,rw [W.Ψ₂Sq.def],named,rw_tac,rw,True,,False,
26793,natDegree_,lemma natDegree_Ψ₂Sq (h : (4 : R) ≠ 0) : W.Ψ₂Sq.natDegree = 3,6,use W.Ψ₂Sq.natDegree_eq_three_of_deg_four_nonzero h,0.47,constrained,use W.Ψ₂Sq.natDegree_eq_three_of_deg_four_nonzero h,named,use_tac,use,True,Sq.natDegree_eq_three_of_deg_four_nonzero,False,
26793,natDegree_,lemma natDegree_Ψ₂Sq (h : (4 : R) ≠ 0) : W.Ψ₂Sq.natDegree = 3,7,unfold W.Ψ₂Sq.natDegree,0.28,constrained,unfold W.Ψ₂Sq.natDegree,named,unfold_tac,unfold,True,,False,
24312,Antiperiodic,theorem Antiperiodic.odd_nsmul_antiperiodic [AddMonoid α] [InvolutiveNeg β] (h : Antiperiodic f c) (n : ℕ) : Antiperiodic f ((2 * n + 1) • c),0,use h,0.11,constrained,use h,named,use_tac,use,True,,False,
24312,Antiperiodic,theorem Antiperiodic.odd_nsmul_antiperiodic [AddMonoid α] [InvolutiveNeg β] (h : Antiperiodic f c) (n : ℕ) : Antiperiodic f ((2 * n + 1) • c),1,"use h, mul_one",0.18,constrained,"use h, mul_one",named,use_tac,use,True,,False,
24312,Antiperiodic,theorem Antiperiodic.odd_nsmul_antiperiodic [AddMonoid α] [InvolutiveNeg β] (h : Antiperiodic f c) (n : ℕ) : Antiperiodic f ((2 * n + 1) • c),2,unfold Antiperiodic at h,0.23,constrained,unfold Antiperiodic at h,named,unfold_tac,unfold,True,,False,
24312,Antiperiodic,theorem Antiperiodic.odd_nsmul_antiperiodic [AddMonoid α] [InvolutiveNeg β] (h : Antiperiodic f c) (n : ℕ) : Antiperiodic f ((2 * n + 1) • c),3,rw [Antiperiodic.def],0.25,constrained,rw [Antiperiodic.def],named,rw_tac,rw,True,,False,
24312,Antiperiodic,theorem Antiperiodic.odd_nsmul_antiperiodic [AddMonoid α] [InvolutiveNeg β] (h : Antiperiodic f c) (n : ℕ) : Antiperiodic f ((2 * n + 1) • c),4,unfold Antiperiodic at h n,0.25,constrained,unfold Antiperiodic at h n,named,unfold_tac,unfold,True,,False,
24312,Antiperiodic,theorem Antiperiodic.odd_nsmul_antiperiodic [AddMonoid α] [InvolutiveNeg β] (h : Antiperiodic f c) (n : ℕ) : Antiperiodic f ((2 * n + 1) • c),5,"use h, odd_mul_two_add_one, neg_neg",0.33,constrained,"use h, odd_mul_two_add_one, neg_neg",named,use_tac,use,True,odd_mul_two_add_one,False,
24312,Antiperiodic,theorem Antiperiodic.odd_nsmul_antiperiodic [AddMonoid α] [InvolutiveNeg β] (h : Antiperiodic f c) (n : ℕ) : Antiperiodic f ((2 * n + 1) • c),6,induction n; intros h n ih; unfold Antiperiodic; simp [ih]; apply h; norm_num; ring_simp,0.75,constrained,induction n; intros h n ih; unfold Antiperiodic; simp [ih]; apply h; norm_num; ring_simp,named,induction_tac,induction,True,ring_simp,False,
24312,Antiperiodic,theorem Antiperiodic.odd_nsmul_antiperiodic [AddMonoid α] [InvolutiveNeg β] (h : Antiperiodic f c) (n : ℕ) : Antiperiodic f ((2 * n + 1) • c),7,unfold Antiperiodic,0.18,constrained,unfold Antiperiodic,named,unfold_tac,unfold,True,,False,
99595,sum_coord_apply_eq_one,"theorem sum_coord_apply_eq_one [Fintype ι] (q : P) : ∑ i, b.coord i q = 1",0,rw [sum_coord_apply_eq_one'],0.25,constrained,rw [sum_coord_apply_eq_one'],named,rw_tac,rw,True,sum_coord_apply_eq_one',False,
99595,sum_coord_apply_eq_one,"theorem sum_coord_apply_eq_one [Fintype ι] (q : P) : ∑ i, b.coord i q = 1",1,linarith,0.11,constrained,linarith,named,linarith_tac,linarith,True,,False,
99595,sum_coord_apply_eq_one,"theorem sum_coord_apply_eq_one [Fintype ι] (q : P) : ∑ i, b.coord i q = 1",2,use finset.sum_of_singletons_indexed_by_range,0.32,constrained,use finset.sum_of_singletons_indexed_by_range,named,use_tac,use,True,finset.sum_of_singletons_indexed_by_range,False,
99595,sum_coord_apply_eq_one,"theorem sum_coord_apply_eq_one [Fintype ι] (q : P) : ∑ i, b.coord i q = 1",3,rw [P.sum_coord_apply],0.23,constrained,rw [P.sum_coord_apply],named,rw_tac,rw,True,P.sum_coord_apply,False,
99595,sum_coord_apply_eq_one,"theorem sum_coord_apply_eq_one [Fintype ι] (q : P) : ∑ i, b.coord i q = 1",4,refine Finset.sum_congr (fun _ => ?_); simp; norm_num,0.49,constrained,refine Finset.sum_congr (fun _ => ?_); simp; norm_num,named,refine_tac,refine,True,,False,
99595,sum_coord_apply_eq_one,"theorem sum_coord_apply_eq_one [Fintype ι] (q : P) : ∑ i, b.coord i q = 1",5,rw [sum_coord_apply_eq_one'],0.25,constrained,rw [sum_coord_apply_eq_one'],named,rw_tac,rw,True,sum_coord_apply_eq_one',False,
99595,sum_coord_apply_eq_one,"theorem sum_coord_apply_eq_one [Fintype ι] (q : P) : ∑ i, b.coord i q = 1",6,rw [sum_coord_apply_eq_one],0.26,constrained,rw [sum_coord_apply_eq_one],named,rw_tac,rw,True,,False,
99595,sum_coord_apply_eq_one,"theorem sum_coord_apply_eq_one [Fintype ι] (q : P) : ∑ i, b.coord i q = 1",7,"have h : ∀ (i : ι), b.coord i q = 0 := fun i => by sorry",0.62,constrained,"have h : ∀ (i : ι), b.coord i q = 0 := fun i => by sorry",named,have_tac,have,True,,True,
25353,intrinsicStar_toLin',theorem intrinsicStar_toLin' (A : Matrix n m R) : star (toConv A.toLin') = toConv (A.map star).toLin',0,rw [toConv_eq_map],0.23,constrained,rw [toConv_eq_map],named,rw_tac,rw,True,toConv_eq_map,False,
25353,intrinsicStar_toLin',theorem intrinsicStar_toLin' (A : Matrix n m R) : star (toConv A.toLin') = toConv (A.map star).toLin',1,rw [Matrix.star_toLin'],0.23,constrained,rw [Matrix.star_toLin'],named,rw_tac,rw,True,Matrix.star_toLin',False,
25353,intrinsicStar_toLin',theorem intrinsicStar_toLin' (A : Matrix n m R) : star (toConv A.toLin') = toConv (A.map star).toLin',2,refine star_congr? (toConv_congr? ?lhs_congr? ?rhs_congr?),0.59,constrained,refine star_congr? (toConv_congr? ?lhs_congr? ?rhs_congr?),named,refine_tac,refine,True,lhs_congr;rhs_congr;star_congr;toConv_congr,False,
25353,intrinsicStar_toLin',theorem intrinsicStar_toLin' (A : Matrix n m R) : star (toConv A.toLin') = toConv (A.map star).toLin',3,"refine (by simp [star_map, toLin'_map])",0.4,constrained,"refine (by simp [star_map, toLin'_map])",named,refine_tac,refine,True,star_map;toLin'_map,False,
25353,intrinsicStar_toLin',theorem intrinsicStar_toLin' (A : Matrix n m R) : star (toConv A.toLin') = toConv (A.map star).toLin',4,unfold star toConv toLin' map,0.25,constrained,unfold star toConv toLin' map,named,unfold_tac,unfold,True,toConv,False,
25353,intrinsicStar_toLin',theorem intrinsicStar_toLin' (A : Matrix n m R) : star (toConv A.toLin') = toConv (A.map star).toLin',5,refine star_matrix_of_linear_map congr_fun (funext (fun x => _)) (funext (fun y => _)) (funext (fun z => _)) (by ring) (by ring) (by ring),1.22,constrained,refine star_matrix_of_linear_map congr_fun (funext (fun x => _)) (funext (fun y => _)) (funext (fun z => _)) (by ring) (by ring) (by ring),named,refine_tac,refine,True,star_matrix_of_linear_map,False,
25353,intrinsicStar_toLin',theorem intrinsicStar_toLin' (A : Matrix n m R) : star (toConv A.toLin') = toConv (A.map star).toLin',6,dsimp [star],0.18,constrained,dsimp [star],named,dsimp_tac,dsimp,True,,False,
25353,intrinsicStar_toLin',theorem intrinsicStar_toLin' (A : Matrix n m R) : star (toConv A.toLin') = toConv (A.map star).toLin',7,rw [toConv_map],0.2,constrained,rw [toConv_map],named,rw_tac,rw,True,toConv_map,False,
94104,writtenInExtChartAt_sumSwap_eventuallyEq_id,lemma writtenInExtChartAt_sumSwap_eventuallyEq_id : writtenInExtChartAt I I p Sum.swap =ᶠ[𝓝[range I] (I <| chartAt H p p)] id,0,use sum_swap_id_of_chartAt_eq_range_I,0.3,constrained,use sum_swap_id_of_chartAt_eq_range_I,named,use_tac,use,True,sum_swap_id_of_chartAt_eq_range_I,False,
94104,writtenInExtChartAt_sumSwap_eventuallyEq_id,lemma writtenInExtChartAt_sumSwap_eventuallyEq_id : writtenInExtChartAt I I p Sum.swap =ᶠ[𝓝[range I] (I <| chartAt H p p)] id,1,"have h : ∀ {q}, writtenInExtChartAt I I q Sum.swap =ᶠ[𝓝[range I] (I <| chartAt H q q)] id := by sorry",1.0,constrained,"have h : ∀ {q}, writtenInExtChartAt I I q Sum.swap =ᶠ[𝓝[range I] (I <| chartAt H q q)] id := by sorry",named,have_tac,have,True,,True,
94104,writtenInExtChartAt_sumSwap_eventuallyEq_id,lemma writtenInExtChartAt_sumSwap_eventuallyEq_id : writtenInExtChartAt I I p Sum.swap =ᶠ[𝓝[range I] (I <| chartAt H p p)] id,2,changeSumOfFunctions,0.16,constrained,changeSumOfFunctions,named,change_tac,changeSumOfFunctions,False,,False,
94104,writtenInExtChartAt_sumSwap_eventuallyEq_id,lemma writtenInExtChartAt_sumSwap_eventuallyEq_id : writtenInExtChartAt I I p Sum.swap =ᶠ[𝓝[range I] (I <| chartAt H p p)] id,3,change writtenInExtChartAt I I p Sum.swap =ᶠ[𝓝[range I] (I <| chartAt H p p)] (Sum.swap : _ → _),0.93,constrained,change writtenInExtChartAt I I p Sum.swap =ᶠ[𝓝[range I] (I <| chartAt H p p)] (Sum.swap : _ → _),named,change_tac,change,True,,False,
94104,writtenInExtChartAt_sumSwap_eventuallyEq_id,lemma writtenInExtChartAt_sumSwap_eventuallyEq_id : writtenInExtChartAt I I p Sum.swap =ᶠ[𝓝[range I] (I <| chartAt H p p)] id,4,rw [Sum.swap_apply],0.21,constrained,rw [Sum.swap_apply],named,rw_tac,rw,True,,False,
94104,writtenInExtChartAt_sumSwap_eventuallyEq_id,lemma writtenInExtChartAt_sumSwap_eventuallyEq_id : writtenInExtChartAt I I p Sum.swap =ᶠ[𝓝[range I] (I <| chartAt H p p)] id,5,rw [Sum.swap_eq_id],0.23,constrained,rw [Sum.swap_eq_id],named,rw_tac,rw,True,Sum.swap_eq_id,False,
94104,writtenInExtChartAt_sumSwap_eventuallyEq_id,lemma writtenInExtChartAt_sumSwap_eventuallyEq_id : writtenInExtChartAt I I p Sum.swap =ᶠ[𝓝[range I] (I <| chartAt H p p)] id,6,apply Filter.eventually_of_eventuallyFilter_map_eq_id; intros y hy; apply Sum.swap_eq_id; assumption,0.62,constrained,apply Filter.eventually_of_eventuallyFilter_map_eq_id; intros y hy; apply Sum.swap_eq_id; assumption,named,apply_tac,apply,True,Filter.eventually_of_eventuallyFilter_map_eq_id;Sum.swap_eq_id,False,
94104,writtenInExtChartAt_sumSwap_eventuallyEq_id,lemma writtenInExtChartAt_sumSwap_eventuallyEq_id : writtenInExtChartAt I I p Sum.swap =ᶠ[𝓝[range I] (I <| chartAt H p p)] id,7,change (writtenInExtChartAt I I p Sum.swap =ᶠ[𝓝[range I] (I <| chartAt H p p)] id) using Sum.swap_id,0.93,constrained,change (writtenInExtChartAt I I p Sum.swap =ᶠ[𝓝[range I] (I <| chartAt H p p)] id) using Sum.swap_id,named,change_tac,change,True,Sum.swap_id,False,
90165,card_of_separable,theorem card_of_separable (hp : p.Separable) : Nat.card p.Gal = finrank F p.SplittingField,0,rw [p.splitting_field_eq],0.25,constrained,rw [p.splitting_field_eq],named,rw_tac,rw,True,p.splitting_field_eq,False,
90165,card_of_separable,theorem card_of_separable (hp : p.Separable) : Nat.card p.Gal = finrank F p.SplittingField,1,refine fintype.equiv_fintype_splitting_field hp.to_separable.splitting_field_equiv; ring,0.59,constrained,refine fintype.equiv_fintype_splitting_field hp.to_separable.splitting_field_equiv; ring,named,refine_tac,refine,True,fintype.equiv_fintype_splitting_field;hp.to_separable.splitting_field_equiv,False,
90165,card_of_separable,theorem card_of_separable (hp : p.Separable) : Nat.card p.Gal = finrank F p.SplittingField,2,apply hp.separable_tower_finrank_eq_card_galois_group,0.4,constrained,apply hp.separable_tower_finrank_eq_card_galois_group,named,apply_tac,apply,True,hp.separable_tower_finrank_eq_card_galois_group,False,
90165,card_of_separable,theorem card_of_separable (hp : p.Separable) : Nat.card p.Gal = finrank F p.SplittingField,3,refine Finset.toFinmap_injective_card _;,0.35,constrained,refine Finset.toFinmap_injective_card _;,named,refine_tac,refine,True,Finset.toFinmap_injective_card,False,
90165,card_of_separable,theorem card_of_separable (hp : p.Separable) : Nat.card p.Gal = finrank F p.SplittingField,4,use [hp.separability],0.22,constrained,use [hp.separability],named,use_tac,use,True,hp.separability,False,
90165,card_of_separable,theorem card_of_separable (hp : p.Separable) : Nat.card p.Gal = finrank F p.SplittingField,5,use hp.separability,0.18,constrained,use hp.separability,named,use_tac,use,True,hp.separability,False,
90165,card_of_separable,theorem card_of_separable (hp : p.Separable) : Nat.card p.Gal = finrank F p.SplittingField,6,unfold Separable SplittingField GaloisGroup finrank Nat.card,0.4,constrained,unfold Separable SplittingField GaloisGroup finrank Nat.card,named,unfold_tac,unfold,True,GaloisGroup,False,
90165,card_of_separable,theorem card_of_separable (hp : p.Separable) : Nat.card p.Gal = finrank F p.SplittingField,7,"cases hp.1 with [K, hK]",0.32,constrained,"cases hp.1 with [K, hK]",named,cases_tac,cases,True,hK;hp.1,False,
158263,tsum_const_smul',"lemma tsum_const_smul' {γ : Type*} [Group γ] [DistribMulAction γ α] [ContinuousConstSMul γ α] [T2Space α] (g : γ) : ∑'[L] (i : β), g • f i = g • ∑'[L] (i : β), f i",0,rw [← smul_sum],0.22,constrained,rw [← smul_sum],named,rw_tac,rw,True,,False,
158263,tsum_const_smul',"lemma tsum_const_smul' {γ : Type*} [Group γ] [DistribMulAction γ α] [ContinuousConstSMul γ α] [T2Space α] (g : γ) : ∑'[L] (i : β), g • f i = g • ∑'[L] (i : β), f i",1,rw [← smul_tsum],0.25,constrained,rw [← smul_tsum],named,rw_tac,rw,True,smul_tsum,False,
158263,tsum_const_smul',"lemma tsum_const_smul' {γ : Type*} [Group γ] [DistribMulAction γ α] [ContinuousConstSMul γ α] [T2Space α] (g : γ) : ∑'[L] (i : β), g • f i = g • ∑'[L] (i : β), f i",2,rw [smul_tsum],0.23,constrained,rw [smul_tsum],named,rw_tac,rw,True,smul_tsum,False,
158263,tsum_const_smul',"lemma tsum_const_smul' {γ : Type*} [Group γ] [DistribMulAction γ α] [ContinuousConstSMul γ α] [T2Space α] (g : γ) : ∑'[L] (i : β), g • f i = g • ∑'[L] (i : β), f i",3,refine smul_tsum' _ _ _; sorry,0.35,constrained,refine smul_tsum' _ _ _; sorry,named,refine_tac,refine,True,smul_tsum',True,
158263,tsum_const_smul',"lemma tsum_const_smul' {γ : Type*} [Group γ] [DistribMulAction γ α] [ContinuousConstSMul γ α] [T2Space α] (g : γ) : ∑'[L] (i : β), g • f i = g • ∑'[L] (i : β), f i",4,rw [smul_tsum],0.23,constrained,rw [smul_tsum],named,rw_tac,rw,True,smul_tsum,False,
158263,tsum_const_smul',"lemma tsum_const_smul' {γ : Type*} [Group γ] [DistribMulAction γ α] [ContinuousConstSMul γ α] [T2Space α] (g : γ) : ∑'[L] (i : β), g • f i = g • ∑'[L] (i : β), f i",5,rw [← smul_tsum'],0.26,constrained,rw [← smul_tsum'],named,rw_tac,rw,True,smul_tsum',False,
158263,tsum_const_smul',"lemma tsum_const_smul' {γ : Type*} [Group γ] [DistribMulAction γ α] [ContinuousConstSMul γ α] [T2Space α] (g : γ) : ∑'[L] (i : β), g • f i = g • ∑'[L] (i : β), f i",6,ring_tactic,0.14,constrained,ring_tactic,fallback,generic_tac,ring_tactic,False,,False,
158263,tsum_const_smul',"lemma tsum_const_smul' {γ : Type*} [Group γ] [DistribMulAction γ α] [ContinuousConstSMul γ α] [T2Space α] (g : γ) : ∑'[L] (i : β), g • f i = g • ∑'[L] (i : β), f i",7,congr sorry,0.14,constrained,congr sorry,named,congr_tac,congr,True,,True,
69342,darts_drop,lemma darts_drop (p : G.Walk u v) (n : ℕ) : (p.drop n).darts = p.darts.drop n,0,simp,0.09,constrained,simp,named,simp_tac,simp,True,,False,
69342,darts_drop,lemma darts_drop (p : G.Walk u v) (n : ℕ) : (p.drop n).darts = p.darts.drop n,1,rw [G.Walk.drop],0.23,constrained,rw [G.Walk.drop],named,rw_tac,rw,True,,False,
69342,darts_drop,lemma darts_drop (p : G.Walk u v) (n : ℕ) : (p.drop n).darts = p.darts.drop n,2,rw [G.Walk.drop],0.23,constrained,rw [G.Walk.drop],named,rw_tac,rw,True,,False,
69342,darts_drop,lemma darts_drop (p : G.Walk u v) (n : ℕ) : (p.drop n).darts = p.darts.drop n,3,rw [Walk.drop_darts],0.23,constrained,rw [Walk.drop_darts],named,rw_tac,rw,True,Walk.drop_darts,False,
69342,darts_drop,lemma darts_drop (p : G.Walk u v) (n : ℕ) : (p.drop n).darts = p.darts.drop n,4,dsimp [Walk.drop],0.21,constrained,dsimp [Walk.drop],named,dsimp_tac,dsimp,True,,False,
69342,darts_drop,lemma darts_drop (p : G.Walk u v) (n : ℕ) : (p.drop n).darts = p.darts.drop n,5,unfolding darts_drop_step,0.23,constrained,unfolding darts_drop_step,named,unfold_tac,unfolding,False,darts_drop_step,False,
69342,darts_drop,lemma darts_drop (p : G.Walk u v) (n : ℕ) : (p.drop n).darts = p.darts.drop n,6,unfold G.Walk.drop,0.18,constrained,unfold G.Walk.drop,named,unfold_tac,unfold,True,,False,
69342,darts_drop,lemma darts_drop (p : G.Walk u v) (n : ℕ) : (p.drop n).darts = p.darts.drop n,7,rewrite Walk.drop_darts,0.18,constrained,rewrite Walk.drop_darts,fallback,generic_tac,rewrite,False,Walk.drop_darts,False,
11390,L,lemma L₀_g_δ : S.L₀.g ≫ S.δ = 0,0,rw [S.gδ],0.2,constrained,rw [S.gδ],named,rw_tac,rw,True,,False,
11390,L,lemma L₀_g_δ : S.L₀.g ≫ S.δ = 0,1,"rw [S.g_def, S.δ_def]",0.32,constrained,"rw [S.g_def, S.δ_def]",named,rw_tac,rw,True,S.g_def;δ_def,False,
11390,L,lemma L₀_g_δ : S.L₀.g ≫ S.δ = 0,2,rewrite S.associativity_of_mul_left; simp [S.zero_def],0.43,constrained,rewrite S.associativity_of_mul_left; simp [S.zero_def],fallback,generic_tac,rewrite,False,S.associativity_of_mul_left,False,
11390,L,lemma L₀_g_δ : S.L₀.g ≫ S.δ = 0,3,rw [S.L₀.g_δ],0.28,constrained,rw [S.L₀.g_δ],named,rw_tac,rw,True,S.L;g_,False,
11390,L,lemma L₀_g_δ : S.L₀.g ≫ S.δ = 0,4,rw [S.L₀.g_δ],0.28,constrained,rw [S.L₀.g_δ],named,rw_tac,rw,True,S.L;g_,False,
11390,L,lemma L₀_g_δ : S.L₀.g ≫ S.δ = 0,5,rw [S.g_δ],0.24,constrained,rw [S.g_δ],named,rw_tac,rw,True,S.g_,False,
11390,L,lemma L₀_g_δ : S.L₀.g ≫ S.δ = 0,6,use associativity_of_composition,0.21,constrained,use associativity_of_composition,named,use_tac,use,True,associativity_of_composition,False,
11390,L,lemma L₀_g_δ : S.L₀.g ≫ S.δ = 0,7,rw [S.L₀.g_δ],0.28,constrained,rw [S.L₀.g_δ],named,rw_tac,rw,True,S.L;g_,False,
120435,eval_modulus_sub,lemma eval_modulus_sub (x : ZMod n) : χ (n - x) = χ (-x),0,rw [ZMod.sub_eq_add_neg],0.28,constrained,rw [ZMod.sub_eq_add_neg],named,rw_tac,rw,True,ZMod.sub_eq_add_neg,False,
120435,eval_modulus_sub,lemma eval_modulus_sub (x : ZMod n) : χ (n - x) = χ (-x),1,rw [ZMod.sub_eq_add_neg],0.28,constrained,rw [ZMod.sub_eq_add_neg],named,rw_tac,rw,True,ZMod.sub_eq_add_neg,False,
120435,eval_modulus_sub,lemma eval_modulus_sub (x : ZMod n) : χ (n - x) = χ (-x),2,rw [ZMod.sub_eq_neg_add],0.28,constrained,rw [ZMod.sub_eq_neg_add],named,rw_tac,rw,True,ZMod.sub_eq_neg_add,False,
120435,eval_modulus_sub,lemma eval_modulus_sub (x : ZMod n) : χ (n - x) = χ (-x),3,rw [ZMod.sub_eq_add_neg],0.28,constrained,rw [ZMod.sub_eq_add_neg],named,rw_tac,rw,True,ZMod.sub_eq_add_neg,False,
120435,eval_modulus_sub,lemma eval_modulus_sub (x : ZMod n) : χ (n - x) = χ (-x),4,rw [ZMod.sub_add_cancel],0.26,constrained,rw [ZMod.sub_add_cancel],named,rw_tac,rw,True,,False,
120435,eval_modulus_sub,lemma eval_modulus_sub (x : ZMod n) : χ (n - x) = χ (-x),5,rw [ZMod.coe_of_nat],0.28,constrained,rw [ZMod.coe_of_nat],named,rw_tac,rw,True,ZMod.coe_of_nat,False,
120435,eval_modulus_sub,lemma eval_modulus_sub (x : ZMod n) : χ (n - x) = χ (-x),6,rw [ZMod.sub_eq_add_neg],0.28,constrained,rw [ZMod.sub_eq_add_neg],named,rw_tac,rw,True,ZMod.sub_eq_add_neg,False,
120435,eval_modulus_sub,lemma eval_modulus_sub (x : ZMod n) : χ (n - x) = χ (-x),7,rw [ZMod.sub_neg],0.24,constrained,rw [ZMod.sub_neg],named,rw_tac,rw,True,,False,
140568,IsTranscendenceBasis,theorem IsTranscendenceBasis.isAlgebraic [Nontrivial R] (hx : IsTranscendenceBasis R x) : Algebra.IsAlgebraic (adjoin R (range x)) A,0,intro hA,0.14,constrained,intro hA,named,intro_tac,intro,True,hA,False,
140568,IsTranscendenceBasis,theorem IsTranscendenceBasis.isAlgebraic [Nontrivial R] (hx : IsTranscendenceBasis R x) : Algebra.IsAlgebraic (adjoin R (range x)) A,1,rw [IsTranscendenceBasis.isAlgebraic_iff_range_algebraic],0.53,constrained,rw [IsTranscendenceBasis.isAlgebraic_iff_range_algebraic],named,rw_tac,rw,True,IsTranscendenceBasis.isAlgebraic_iff_range_algebraic,False,
140568,IsTranscendenceBasis,theorem IsTranscendenceBasis.isAlgebraic [Nontrivial R] (hx : IsTranscendenceBasis R x) : Algebra.IsAlgebraic (adjoin R (range x)) A,2,apply hx.transcendental_basis; intro h; specialize h A; cases h; contradiction; assumption; assumption; assumption; assumption; assumption; assumption; assumption; assumption; assumption; assumption; assumption; assumption; assumption; assumption; assumption; assumption; assumption; assumption; assumption; assumption; assumption; assumption;,1.59,constrained,apply hx.transcendental_basis; intro h; specialize h A; cases h; contradiction; assumption; assumption; assumption; assumption; assumption; assumption; assumption; assumption; assumption; assumption; assumption; assumption; assumption; assumption; assumption; assumption; assumption; assumption; assumption; assumption; assumption; assumption;,named,apply_tac,apply,True,hx.transcendental_basis,False,
140568,IsTranscendenceBasis,theorem IsTranscendenceBasis.isAlgebraic [Nontrivial R] (hx : IsTranscendenceBasis R x) : Algebra.IsAlgebraic (adjoin R (range x)) A,3,use hx.isAlgebraic_basis,0.24,constrained,use hx.isAlgebraic_basis,named,use_tac,use,True,hx.isAlgebraic_basis,False,
140568,IsTranscendenceBasis,theorem IsTranscendenceBasis.isAlgebraic [Nontrivial R] (hx : IsTranscendenceBasis R x) : Algebra.IsAlgebraic (adjoin R (range x)) A,4,rw [IsTranscendenceBasis.isAlgebraic_def],0.42,constrained,rw [IsTranscendenceBasis.isAlgebraic_def],named,rw_tac,rw,True,,False,
140568,IsTranscendenceBasis,theorem IsTranscendenceBasis.isAlgebraic [Nontrivial R] (hx : IsTranscendenceBasis R x) : Algebra.IsAlgebraic (adjoin R (range x)) A,5,use hx,0.11,constrained,use hx,named,use_tac,use,True,,False,
140568,IsTranscendenceBasis,theorem IsTranscendenceBasis.isAlgebraic [Nontrivial R] (hx : IsTranscendenceBasis R x) : Algebra.IsAlgebraic (adjoin R (range x)) A,6,use hx.is_algebraic_basis,0.23,constrained,use hx.is_algebraic_basis,named,use_tac,use,True,hx.is_algebraic_basis,False,
140568,IsTranscendenceBasis,theorem IsTranscendenceBasis.isAlgebraic [Nontrivial R] (hx : IsTranscendenceBasis R x) : Algebra.IsAlgebraic (adjoin R (range x)) A,7,use hx.isAlgebraic,0.2,constrained,use hx.isAlgebraic,named,use_tac,use,True,,False,
32722,Commute,protected theorem Commute.cfc {a b : A} (hb₁ : Commute a b) (hb₂ : Commute (star a) b) (f : 𝕜 → 𝕜) : Commute (cfc f a) b,0,intros x y; unfold cfc; rw [commute_eq]; simp; intros h; apply hb₁; apply hb₂; assumption,0.74,constrained,intros x y; unfold cfc; rw [commute_eq]; simp; intros h; apply hb₁; apply hb₂; assumption,named,intro_tac,intros,True,commute_eq;hb,False,
32722,Commute,protected theorem Commute.cfc {a b : A} (hb₁ : Commute a b) (hb₂ : Commute (star a) b) (f : 𝕜 → 𝕜) : Commute (cfc f a) b,1,"unfold Commute, cfc, star",0.25,constrained,"unfold Commute, cfc, star",named,unfold_tac,unfold,True,,False,
32722,Commute,protected theorem Commute.cfc {a b : A} (hb₁ : Commute a b) (hb₂ : Commute (star a) b) (f : 𝕜 → 𝕜) : Commute (cfc f a) b,2,unfold Commute cfc star,0.21,constrained,unfold Commute cfc star,named,unfold_tac,unfold,True,,False,
32722,Commute,protected theorem Commute.cfc {a b : A} (hb₁ : Commute a b) (hb₂ : Commute (star a) b) (f : 𝕜 → 𝕜) : Commute (cfc f a) b,3,rw [Commute.cfc],0.23,constrained,rw [Commute.cfc],named,rw_tac,rw,True,,False,
32722,Commute,protected theorem Commute.cfc {a b : A} (hb₁ : Commute a b) (hb₂ : Commute (star a) b) (f : 𝕜 → 𝕜) : Commute (cfc f a) b,4,"intros x y; unfold cfc; simp only [cfc_def]; rw [hb₁.apply x y, hb₂.apply x y]; simp only [star_apply]; ring",0.93,constrained,"intros x y; unfold cfc; simp only [cfc_def]; rw [hb₁.apply x y, hb₂.apply x y]; simp only [star_apply]; ring",named,intro_tac,intros,True,cfc_def;hb,False,
32722,Commute,protected theorem Commute.cfc {a b : A} (hb₁ : Commute a b) (hb₂ : Commute (star a) b) (f : 𝕜 → 𝕜) : Commute (cfc f a) b,5,rw [Commute.def],0.22,constrained,rw [Commute.def],named,rw_tac,rw,True,,False,
32722,Commute,protected theorem Commute.cfc {a b : A} (hb₁ : Commute a b) (hb₂ : Commute (star a) b) (f : 𝕜 → 𝕜) : Commute (cfc f a) b,6,rw [Commute.def],0.21,constrained,rw [Commute.def],named,rw_tac,rw,True,,False,
32722,Commute,protected theorem Commute.cfc {a b : A} (hb₁ : Commute a b) (hb₂ : Commute (star a) b) (f : 𝕜 → 𝕜) : Commute (cfc f a) b,7,unfold Commute.cfc star cfc,0.25,constrained,unfold Commute.cfc star cfc,named,unfold_tac,unfold,True,,False,
99230,vsub_apply,theorem vsub_apply (f g : P1 →ᵃ[k] P2) (p : P1) : (f -ᵥ g : P1 →ᵃ[k] V2) p = f p -ᵥ g p,0,rw [vsub_apply],0.2,constrained,rw [vsub_apply],named,rw_tac,rw,True,,False,
99230,vsub_apply,theorem vsub_apply (f g : P1 →ᵃ[k] P2) (p : P1) : (f -ᵥ g : P1 →ᵃ[k] V2) p = f p -ᵥ g p,1,dsimp [vsub_apply],0.23,constrained,dsimp [vsub_apply],named,dsimp_tac,dsimp,True,,False,
99230,vsub_apply,theorem vsub_apply (f g : P1 →ᵃ[k] P2) (p : P1) : (f -ᵥ g : P1 →ᵃ[k] V2) p = f p -ᵥ g p,2,unfold vsub_apply,0.16,constrained,unfold vsub_apply,named,unfold_tac,unfold,True,,False,
99230,vsub_apply,theorem vsub_apply (f g : P1 →ᵃ[k] P2) (p : P1) : (f -ᵥ g : P1 →ᵃ[k] V2) p = f p -ᵥ g p,3,rw [vsub_apply],0.21,constrained,rw [vsub_apply],named,rw_tac,rw,True,,False,
99230,vsub_apply,theorem vsub_apply (f g : P1 →ᵃ[k] P2) (p : P1) : (f -ᵥ g : P1 →ᵃ[k] V2) p = f p -ᵥ g p,4,funext,0.11,constrained,funext,named,ext_tac,funext,True,,False,
99230,vsub_apply,theorem vsub_apply (f g : P1 →ᵃ[k] P2) (p : P1) : (f -ᵥ g : P1 →ᵃ[k] V2) p = f p -ᵥ g p,5,rw [vsub_def],0.2,constrained,rw [vsub_def],named,rw_tac,rw,True,,False,
99230,vsub_apply,theorem vsub_apply (f g : P1 →ᵃ[k] P2) (p : P1) : (f -ᵥ g : P1 →ᵃ[k] V2) p = f p -ᵥ g p,6,rw [vsub_apply],0.21,constrained,rw [vsub_apply],named,rw_tac,rw,True,,False,
99230,vsub_apply,theorem vsub_apply (f g : P1 →ᵃ[k] P2) (p : P1) : (f -ᵥ g : P1 →ᵃ[k] V2) p = f p -ᵥ g p,7,rw [vsub_apply],0.2,constrained,rw [vsub_apply],named,rw_tac,rw,True,,False,
20656,stabilizer_subgroup_op,lemma stabilizer_subgroup_op (s : Subgroup Gᵐᵒᵖ) : stabilizer G (s : Set Gᵐᵒᵖ) = s.unop,0,rw [stabilizer_unop],0.25,constrained,rw [stabilizer_unop],named,rw_tac,rw,True,stabilizer_unop,False,
20656,stabilizer_subgroup_op,lemma stabilizer_subgroup_op (s : Subgroup Gᵐᵒᵖ) : stabilizer G (s : Set Gᵐᵒᵖ) = s.unop,1,unfreeze_goal,0.14,constrained,unfreeze_goal,fallback,generic_tac,unfreeze_goal,False,,False,
20656,stabilizer_subgroup_op,lemma stabilizer_subgroup_op (s : Subgroup Gᵐᵒᵖ) : stabilizer G (s : Set Gᵐᵒᵖ) = s.unop,2,rw [stabilizer_def],0.23,constrained,rw [stabilizer_def],named,rw_tac,rw,True,stabilizer_def,False,
20656,stabilizer_subgroup_op,lemma stabilizer_subgroup_op (s : Subgroup Gᵐᵒᵖ) : stabilizer G (s : Set Gᵐᵒᵖ) = s.unop,3,ring_tactic ring_tac,0.18,constrained,ring_tactic ring_tac,fallback,generic_tac,ring_tactic,False,,False,
20656,stabilizer_subgroup_op,lemma stabilizer_subgroup_op (s : Subgroup Gᵐᵒᵖ) : stabilizer G (s : Set Gᵐᵒᵖ) = s.unop,4,rw [stabilizer_eq],0.23,constrained,rw [stabilizer_eq],named,rw_tac,rw,True,stabilizer_eq,False,
20656,stabilizer_subgroup_op,lemma stabilizer_subgroup_op (s : Subgroup Gᵐᵒᵖ) : stabilizer G (s : Set Gᵐᵒᵖ) = s.unop,5,rw [stabilizer_def],0.24,constrained,rw [stabilizer_def],named,rw_tac,rw,True,stabilizer_def,False,
20656,stabilizer_subgroup_op,lemma stabilizer_subgroup_op (s : Subgroup Gᵐᵒᵖ) : stabilizer G (s : Set Gᵐᵒᵖ) = s.unop,6,rw [stabilizer_def],0.23,constrained,rw [stabilizer_def],named,rw_tac,rw,True,stabilizer_def,False,
20656,stabilizer_subgroup_op,lemma stabilizer_subgroup_op (s : Subgroup Gᵐᵒᵖ) : stabilizer G (s : Set Gᵐᵒᵖ) = s.unop,7,rw [stabilizer_eq_unop],0.28,constrained,rw [stabilizer_eq_unop],named,rw_tac,rw,True,stabilizer_eq_unop,False,
144714,smul_under,theorem smul_under [MulSemiringAction G A] [SMulDistribClass G A B] : g • P.under A = (g • P).under A,0,rewrite SMulDistribClass.smul_distrib_left; simp,0.37,constrained,rewrite SMulDistribClass.smul_distrib_left; simp,fallback,generic_tac,rewrite,False,SMulDistribClass.smul_distrib_left,False,
144714,smul_under,theorem smul_under [MulSemiringAction G A] [SMulDistribClass G A B] : g • P.under A = (g • P).under A,1,rw [←mul_distrib_class_smul_smul],0.35,constrained,rw [←mul_distrib_class_smul_smul],named,rw_tac,rw,True,mul_distrib_class_smul_smul,False,
144714,smul_under,theorem smul_under [MulSemiringAction G A] [SMulDistribClass G A B] : g • P.under A = (g • P).under A,2,rw [smul_distrib_class],0.25,constrained,rw [smul_distrib_class],named,rw_tac,rw,True,smul_distrib_class,False,
144714,smul_under,theorem smul_under [MulSemiringAction G A] [SMulDistribClass G A B] : g • P.under A = (g • P).under A,3,rw [smul_distrib_class_smul],0.31,constrained,rw [smul_distrib_class_smul],named,rw_tac,rw,True,smul_distrib_class_smul,False,
144714,smul_under,theorem smul_under [MulSemiringAction G A] [SMulDistribClass G A B] : g • P.under A = (g • P).under A,4,rw [mul_smul_distrib],0.25,constrained,rw [mul_smul_distrib],named,rw_tac,rw,True,mul_smul_distrib,False,
144714,smul_under,theorem smul_under [MulSemiringAction G A] [SMulDistribClass G A B] : g • P.under A = (g • P).under A,5,rw [← SMulDistribClass.smul_distrib],0.38,constrained,rw [← SMulDistribClass.smul_distrib],named,rw_tac,rw,True,SMulDistribClass.smul_distrib,False,
144714,smul_under,theorem smul_under [MulSemiringAction G A] [SMulDistribClass G A B] : g • P.under A = (g • P).under A,6,"rw [smul_def, smul_distrib_mul_action]",0.38,constrained,"rw [smul_def, smul_distrib_mul_action]",named,rw_tac,rw,True,smul_distrib_mul_action,False,
144714,smul_under,theorem smul_under [MulSemiringAction G A] [SMulDistribClass G A B] : g • P.under A = (g • P).under A,7,rewrite SMulDistribClass.smul_distrib',0.33,constrained,rewrite SMulDistribClass.smul_distrib',fallback,generic_tac,rewrite,False,SMulDistribClass.smul_distrib',False,
76854,log_mono_right,theorem log_mono_right {b : ℕ} {r₁ r₂ : R} (h₀ : 0 < r₁) (h : r₁ ≤ r₂) : log b r₁ ≤ log b r₂,0,rw [log_def],0.18,constrained,rw [log_def],named,rw_tac,rw,True,log_def,False,
76854,log_mono_right,theorem log_mono_right {b : ℕ} {r₁ r₂ : R} (h₀ : 0 < r₁) (h : r₁ ≤ r₂) : log b r₁ ≤ log b r₂,1,use le_of_log_le_log h₀ h,0.28,constrained,use le_of_log_le_log h₀ h,named,use_tac,use,True,le_of_log_le_log,False,
76854,log_mono_right,theorem log_mono_right {b : ℕ} {r₁ r₂ : R} (h₀ : 0 < r₁) (h : r₁ ≤ r₂) : log b r₁ ≤ log b r₂,2,use h,0.11,constrained,use h,named,use_tac,use,True,,False,
76854,log_mono_right,theorem log_mono_right {b : ℕ} {r₁ r₂ : R} (h₀ : 0 < r₁) (h : r₁ ≤ r₂) : log b r₁ ≤ log b r₂,3,apply log_nonneg_of_pos_left h₀; apply le_trans h (log_le_log h₀); linarith; exact h₀; assumption; assumption; assumption; assumption; assumption; assumption; assumption; assumption; assumption; assumption; assumption; assumption; assumption; assumption; assumption; assumption; assumption; assumption;,1.58,constrained,apply log_nonneg_of_pos_left h₀; apply le_trans h (log_le_log h₀); linarith; exact h₀; assumption; assumption; assumption; assumption; assumption; assumption; assumption; assumption; assumption; assumption; assumption; assumption; assumption; assumption; assumption; assumption; assumption; assumption;,named,apply_tac,apply,True,log_nonneg_of_pos_left,False,
76854,log_mono_right,theorem log_mono_right {b : ℕ} {r₁ r₂ : R} (h₀ : 0 < r₁) (h : r₁ ≤ r₂) : log b r₁ ≤ log b r₂,4,rw [log_le_log],0.21,constrained,rw [log_le_log],named,rw_tac,rw,True,,False,
76854,log_mono_right,theorem log_mono_right {b : ℕ} {r₁ r₂ : R} (h₀ : 0 < r₁) (h : r₁ ≤ r₂) : log b r₁ ≤ log b r₂,5,apply log_le_log_of_le_left h₀ h,0.3,constrained,apply log_le_log_of_le_left h₀ h,named,apply_tac,apply,True,log_le_log_of_le_left,False,
76854,log_mono_right,theorem log_mono_right {b : ℕ} {r₁ r₂ : R} (h₀ : 0 < r₁) (h : r₁ ≤ r₂) : log b r₁ ≤ log b r₂,6,rw [log_le_log] at h; unfold le_log; rw [←le_antisymm]; apply log_nonneg; assumption; linarith; assumption,0.84,constrained,rw [log_le_log] at h; unfold le_log; rw [←le_antisymm]; apply log_nonneg; assumption; linarith; assumption,named,rw_tac,rw,True,le_log,False,
76854,log_mono_right,theorem log_mono_right {b : ℕ} {r₁ r₂ : R} (h₀ : 0 < r₁) (h : r₁ ≤ r₂) : log b r₁ ≤ log b r₂,7,refine Mathlib.Data.Real.Log.log_le_log_of_le_base h₀ h;,0.47,constrained,refine Mathlib.Data.Real.Log.log_le_log_of_le_base h₀ h;,named,refine_tac,refine,True,Mathlib.Data.Real.Log.log_le_log_of_le_base,False,
164794,image_closure,theorem image_closure (hf : IsHomeomorph f) (s : Set X) : f '' closure s = closure (f '' s),0,rw [hf.image_eq_preimage],0.25,constrained,rw [hf.image_eq_preimage],named,rw_tac,rw,True,hf.image_eq_preimage,False,
164794,image_closure,theorem image_closure (hf : IsHomeomorph f) (s : Set X) : f '' closure s = closure (f '' s),1,rw [hf.map_image],0.2,constrained,rw [hf.map_image],named,rw_tac,rw,True,hf.map_image,False,
164794,image_closure,theorem image_closure (hf : IsHomeomorph f) (s : Set X) : f '' closure s = closure (f '' s),2,rw [hf.to_homeomorph.image_eq],0.3,constrained,rw [hf.to_homeomorph.image_eq],named,rw_tac,rw,True,,False,
164794,image_closure,theorem image_closure (hf : IsHomeomorph f) (s : Set X) : f '' closure s = closure (f '' s),3,rw [hf.is_homeomorph.image_closure],0.3,constrained,rw [hf.is_homeomorph.image_closure],named,rw_tac,rw,True,,False,
164794,image_closure,theorem image_closure (hf : IsHomeomorph f) (s : Set X) : f '' closure s = closure (f '' s),4,rw [hf.coe_injective],0.25,constrained,rw [hf.coe_injective],named,rw_tac,rw,True,,False,
164794,image_closure,theorem image_closure (hf : IsHomeomorph f) (s : Set X) : f '' closure s = closure (f '' s),5,rw [IsHomeomorph.image_preimage],0.31,constrained,rw [IsHomeomorph.image_preimage],named,rw_tac,rw,True,,False,
164794,image_closure,theorem image_closure (hf : IsHomeomorph f) (s : Set X) : f '' closure s = closure (f '' s),6,use hf.to_homeomorph.continuous.preimage_image_eq_closure,0.4,constrained,use hf.to_homeomorph.continuous.preimage_image_eq_closure,named,use_tac,use,True,hf.to_homeomorph.continuous.preimage_image_eq_closure,False,
164794,image_closure,theorem image_closure (hf : IsHomeomorph f) (s : Set X) : f '' closure s = closure (f '' s),7,rw [hf.to_homeomorphism.image_preimage],0.33,constrained,rw [hf.to_homeomorphism.image_preimage],named,rw_tac,rw,True,,False,
162141,isPreconnected_iUnion,"theorem isPreconnected_iUnion {ι : Sort*} {s : ι → Set α} (h₁ : (⋂ i, s i).Nonempty) (h₂ : ∀ i, IsPreconnected (s i)) : IsPreconnected (⋃ i, s i)",0,cases h₁,0.14,constrained,cases h₁,named,cases_tac,cases,True,,False,
162141,isPreconnected_iUnion,"theorem isPreconnected_iUnion {ι : Sort*} {s : ι → Set α} (h₁ : (⋂ i, s i).Nonempty) (h₂ : ∀ i, IsPreconnected (s i)) : IsPreconnected (⋃ i, s i)",1,intro x hx; refine (is_preconnected_of_non_empty_union h₁ (fun i => is_preconnected_of_is_preconnected (h₂ i) _)); assumption,0.89,constrained,intro x hx; refine (is_preconnected_of_non_empty_union h₁ (fun i => is_preconnected_of_is_preconnected (h₂ i) _)); assumption,named,intro_tac,intro,True,hx;is_preconnected_of_is_preconnected;is_preconnected_of_non_empty_union,False,
162141,isPreconnected_iUnion,"theorem isPreconnected_iUnion {ι : Sort*} {s : ι → Set α} (h₁ : (⋂ i, s i).Nonempty) (h₂ : ∀ i, IsPreconnected (s i)) : IsPreconnected (⋃ i, s i)",2,intro x hx; rw [iUnion]; apply h₂; specialize h₁ x; rw [nonempty_mem]; assumption,0.67,constrained,intro x hx; rw [iUnion]; apply h₂; specialize h₁ x; rw [nonempty_mem]; assumption,named,intro_tac,intro,True,hx;nonempty_mem,False,
162141,isPreconnected_iUnion,"theorem isPreconnected_iUnion {ι : Sort*} {s : ι → Set α} (h₁ : (⋂ i, s i).Nonempty) (h₂ : ∀ i, IsPreconnected (s i)) : IsPreconnected (⋃ i, s i)",3,cases h₁,0.13,constrained,cases h₁,named,cases_tac,cases,True,,False,
162141,isPreconnected_iUnion,"theorem isPreconnected_iUnion {ι : Sort*} {s : ι → Set α} (h₁ : (⋂ i, s i).Nonempty) (h₂ : ∀ i, IsPreconnected (s i)) : IsPreconnected (⋃ i, s i)",4,"induction h₁ as ⟨x, hx⟩; unfold IsPreconnected at *; rw [iUnion_nonempty]; apply h₂ x hx; intros y hy; specialize (hy y); cases hy; unfold IsPreconnected at *; simp; intro hxy; specialize (hx hxy); cases hx",1.59,constrained,"induction h₁ as ⟨x, hx⟩; unfold IsPreconnected at *; rw [iUnion_nonempty]; apply h₂ x hx; intros y hy; specialize (hy y); cases hy; unfold IsPreconnected at *; simp; intro hxy; specialize (hx hxy); cases hx",named,induction_tac,induction,True,as;hx;iUnion_nonempty,False,
162141,isPreconnected_iUnion,"theorem isPreconnected_iUnion {ι : Sort*} {s : ι → Set α} (h₁ : (⋂ i, s i).Nonempty) (h₂ : ∀ i, IsPreconnected (s i)) : IsPreconnected (⋃ i, s i)",5,apply is_preconnected_iunion_of_nonempty_and_is_preconnected_sets h₁ h₂,0.5,constrained,apply is_preconnected_iunion_of_nonempty_and_is_preconnected_sets h₁ h₂,named,apply_tac,apply,True,is_preconnected_iunion_of_nonempty_and_is_preconnected_sets,False,
162141,isPreconnected_iUnion,"theorem isPreconnected_iUnion {ι : Sort*} {s : ι → Set α} (h₁ : (⋂ i, s i).Nonempty) (h₂ : ∀ i, IsPreconnected (s i)) : IsPreconnected (⋃ i, s i)",6,intro x y hxy; rw [preconnected_def]; intros z hz; specialize (h₂ _ hz); simp at hz; apply hzx; assumption,0.91,constrained,intro x y hxy; rw [preconnected_def]; intros z hz; specialize (h₂ _ hz); simp at hz; apply hzx; assumption,named,intro_tac,intro,True,hzx;preconnected_def,False,
162141,isPreconnected_iUnion,"theorem isPreconnected_iUnion {ι : Sort*} {s : ι → Set α} (h₁ : (⋂ i, s i).Nonempty) (h₂ : ∀ i, IsPreconnected (s i)) : IsPreconnected (⋃ i, s i)",7,"induction h₁ as ⟨x, hx⟩; refine IsPreconnected_of_preimages₂ (λ j, preimage_subset _ _) (λ j, hx j) (λ j, IsPreconnected.preimage₂ _ _ _); intros y hy; apply h₂ y hy",1.46,constrained,"induction h₁ as ⟨x, hx⟩; refine IsPreconnected_of_preimages₂ (λ j, preimage_subset _ _) (λ j, hx j) (λ j, IsPreconnected.preimage₂ _ _ _); intros y hy; apply h₂ y hy",named,induction_tac,induction,True,IsPreconnected_of_preimages;as;hx,False,
94800,_root_,protected lemma _root_.MDifferentiableAt.mpullback_vectorField (hV : MDiffAt (T% V) (f x₀)) (hf : CMDiffAt n f x₀) (hf' : (mfderiv% f x₀).IsInvertible) (hmn : 2 ≤ n) : MDiffAt (T% (mpullback I I' f V)) x₀,0,use hV.mpullback_vectorField hf hf' hmn,0.38,constrained,use hV.mpullback_vectorField hf hf' hmn,named,use_tac,use,True,,False,
94800,_root_,protected lemma _root_.MDifferentiableAt.mpullback_vectorField (hV : MDiffAt (T% V) (f x₀)) (hf : CMDiffAt n f x₀) (hf' : (mfderiv% f x₀).IsInvertible) (hmn : 2 ≤ n) : MDiffAt (T% (mpullback I I' f V)) x₀,1,apply mDifferentiableAt.comp,0.21,constrained,apply mDifferentiableAt.comp,named,apply_tac,apply,True,,False,
94800,_root_,protected lemma _root_.MDifferentiableAt.mpullback_vectorField (hV : MDiffAt (T% V) (f x₀)) (hf : CMDiffAt n f x₀) (hf' : (mfderiv% f x₀).IsInvertible) (hmn : 2 ≤ n) : MDiffAt (T% (mpullback I I' f V)) x₀,2,apply (mdifferentiable_at_comp_right hV hf hf'),0.38,constrained,apply (mdifferentiable_at_comp_right hV hf hf'),named,apply_tac,apply,True,mdifferentiable_at_comp_right,False,
94800,_root_,protected lemma _root_.MDifferentiableAt.mpullback_vectorField (hV : MDiffAt (T% V) (f x₀)) (hf : CMDiffAt n f x₀) (hf' : (mfderiv% f x₀).IsInvertible) (hmn : 2 ≤ n) : MDiffAt (T% (mpullback I I' f V)) x₀,3,cases hf',0.14,constrained,cases hf',named,cases_tac,cases,True,,False,
94800,_root_,protected lemma _root_.MDifferentiableAt.mpullback_vectorField (hV : MDiffAt (T% V) (f x₀)) (hf : CMDiffAt n f x₀) (hf' : (mfderiv% f x₀).IsInvertible) (hmn : 2 ≤ n) : MDiffAt (T% (mpullback I I' f V)) x₀,4,"unfold MDifferentiableAt mpullback_vectorField CMDiffAt mfderiv_is_invertible at hV hf hf' hmn, apply mpullback_differentiable_at_of_mdifferentiable_at_and_cmdiff_at, assumption",1.19,constrained,"unfold MDifferentiableAt mpullback_vectorField CMDiffAt mfderiv_is_invertible at hV hf hf' hmn, apply mpullback_differentiable_at_of_mdifferentiable_at_and_cmdiff_at, assumption",named,unfold_tac,unfold,True,CMDiffAt;mfderiv_is_invertible;mpullback_differentiable_at_of_mdifferentiable_at_and_cmdiff_at,False,
94800,_root_,protected lemma _root_.MDifferentiableAt.mpullback_vectorField (hV : MDiffAt (T% V) (f x₀)) (hf : CMDiffAt n f x₀) (hf' : (mfderiv% f x₀).IsInvertible) (hmn : 2 ≤ n) : MDiffAt (T% (mpullback I I' f V)) x₀,5,"unfold MDifferentiableAt.mpullback_vectorField, MDiffAt, CMDiffAt, mfderiv at hV hf hf' hmn; assumption",0.82,constrained,"unfold MDifferentiableAt.mpullback_vectorField, MDiffAt, CMDiffAt, mfderiv at hV hf hf' hmn; assumption",named,unfold_tac,unfold,True,CMDiffAt;MDiffAt,False,
94800,_root_,protected lemma _root_.MDifferentiableAt.mpullback_vectorField (hV : MDiffAt (T% V) (f x₀)) (hf : CMDiffAt n f x₀) (hf' : (mfderiv% f x₀).IsInvertible) (hmn : 2 ≤ n) : MDiffAt (T% (mpullback I I' f V)) x₀,6,rw [mpullback_vectorField_eq],0.28,constrained,rw [mpullback_vectorField_eq],named,rw_tac,rw,True,mpullback_vectorField_eq,False,
94800,_root_,protected lemma _root_.MDifferentiableAt.mpullback_vectorField (hV : MDiffAt (T% V) (f x₀)) (hf : CMDiffAt n f x₀) (hf' : (mfderiv% f x₀).IsInvertible) (hmn : 2 ≤ n) : MDiffAt (T% (mpullback I I' f V)) x₀,7,cases hV hf hf' hmn,0.26,constrained,cases hV hf hf' hmn,named,cases_tac,cases,True,,False,
151349,zeroLocus_eq_univ_iff,theorem zeroLocus_eq_univ_iff (s : Set R) : zeroLocus s = Set.univ ↔ s ⊆ nilradical R,0,cases_on s,0.13,constrained,cases_on s,named,cases_tac,cases_on,False,,False,
151349,zeroLocus_eq_univ_iff,theorem zeroLocus_eq_univ_iff (s : Set R) : zeroLocus s = Set.univ ↔ s ⊆ nilradical R,1,rw [zeroLocus_def],0.23,constrained,rw [zeroLocus_def],named,rw_tac,rw,True,,False,
151349,zeroLocus_eq_univ_iff,theorem zeroLocus_eq_univ_iff (s : Set R) : zeroLocus s = Set.univ ↔ s ⊆ nilradical R,2,rw [zeroLocus_def],0.23,constrained,rw [zeroLocus_def],named,rw_tac,rw,True,,False,
151349,zeroLocus_eq_univ_iff,theorem zeroLocus_eq_univ_iff (s : Set R) : zeroLocus s = Set.univ ↔ s ⊆ nilradical R,3,rw [zeroLocus_eq_univ],0.28,constrained,rw [zeroLocus_eq_univ],named,rw_tac,rw,True,zeroLocus_eq_univ,False,
151349,zeroLocus_eq_univ_iff,theorem zeroLocus_eq_univ_iff (s : Set R) : zeroLocus s = Set.univ ↔ s ⊆ nilradical R,4,"unfold zeroLocus, nilradical, univ",0.33,constrained,"unfold zeroLocus, nilradical, univ",named,unfold_tac,unfold,True,,False,
151349,zeroLocus_eq_univ_iff,theorem zeroLocus_eq_univ_iff (s : Set R) : zeroLocus s = Set.univ ↔ s ⊆ nilradical R,5,unfold zeroLocus nilradical; intros h; rw [h]; simp,0.44,constrained,unfold zeroLocus nilradical; intros h; rw [h]; simp,named,unfold_tac,unfold,True,,False,
151349,zeroLocus_eq_univ_iff,theorem zeroLocus_eq_univ_iff (s : Set R) : zeroLocus s = Set.univ ↔ s ⊆ nilradical R,6,rw [zeroLocus_def],0.23,constrained,rw [zeroLocus_def],named,rw_tac,rw,True,,False,
151349,zeroLocus_eq_univ_iff,theorem zeroLocus_eq_univ_iff (s : Set R) : zeroLocus s = Set.univ ↔ s ⊆ nilradical R,7,rw [zeroLocus_def],0.23,constrained,rw [zeroLocus_def],named,rw_tac,rw,True,,False,
50407,rpow_inv_natCast_pow,lemma rpow_inv_natCast_pow {n : ℕ} (hn : n ≠ 0) (x : ℝ≥0∞) : (x ^ (n⁻¹ : ℝ)) ^ n = x,0,rewrite pow_mul.pow_inv_right; rw [←inv_mul_self' hn],0.45,constrained,rewrite pow_mul.pow_inv_right; rw [←inv_mul_self' hn],fallback,generic_tac,rewrite,False,inv_mul_self';pow_mul.pow_inv_right,False,
50407,rpow_inv_natCast_pow,lemma rpow_inv_natCast_pow {n : ℕ} (hn : n ≠ 0) (x : ℝ≥0∞) : (x ^ (n⁻¹ : ℝ)) ^ n = x,1,rw [←mul_div_cancel' _ hn],0.3,constrained,rw [←mul_div_cancel' _ hn],named,rw_tac,rw,True,,False,
50407,rpow_inv_natCast_pow,lemma rpow_inv_natCast_pow {n : ℕ} (hn : n ≠ 0) (x : ℝ≥0∞) : (x ^ (n⁻¹ : ℝ)) ^ n = x,2,rw [inv_mul_cancel_of_pos],0.25,constrained,rw [inv_mul_cancel_of_pos],named,rw_tac,rw,True,inv_mul_cancel_of_pos,False,
50407,rpow_inv_natCast_pow,lemma rpow_inv_natCast_pow {n : ℕ} (hn : n ≠ 0) (x : ℝ≥0∞) : (x ^ (n⁻¹ : ℝ)) ^ n = x,3,rewrite pow_mul_right_one,0.18,constrained,rewrite pow_mul_right_one,fallback,generic_tac,rewrite,False,pow_mul_right_one,False,
50407,rpow_inv_natCast_pow,lemma rpow_inv_natCast_pow {n : ℕ} (hn : n ≠ 0) (x : ℝ≥0∞) : (x ^ (n⁻¹ : ℝ)) ^ n = x,4,rewrite pow_mul_self_inv,0.18,constrained,rewrite pow_mul_self_inv,fallback,generic_tac,rewrite,False,pow_mul_self_inv,False,
50407,rpow_inv_natCast_pow,lemma rpow_inv_natCast_pow {n : ℕ} (hn : n ≠ 0) (x : ℝ≥0∞) : (x ^ (n⁻¹ : ℝ)) ^ n = x,5,rw [←rpow_mul],0.23,constrained,rw [←rpow_mul],named,rw_tac,rw,True,,False,
50407,rpow_inv_natCast_pow,lemma rpow_inv_natCast_pow {n : ℕ} (hn : n ≠ 0) (x : ℝ≥0∞) : (x ^ (n⁻¹ : ℝ)) ^ n = x,6,rw [real.pow_mul],0.2,constrained,rw [real.pow_mul],named,rw_tac,rw,True,,False,
50407,rpow_inv_natCast_pow,lemma rpow_inv_natCast_pow {n : ℕ} (hn : n ≠ 0) (x : ℝ≥0∞) : (x ^ (n⁻¹ : ℝ)) ^ n = x,7,rw [inv_mul_cancel],0.2,constrained,rw [inv_mul_cancel],named,rw_tac,rw,True,,False,
18233,PosMulMono,theorem PosMulMono.toPosMulReflectLT [PosMulMono α] : PosMulReflectLT α where elim,0,use PosMulMono.toPosMulReflectLE,0.27,constrained,use PosMulMono.toPosMulReflectLE,named,use_tac,use,True,,False,
18233,PosMulMono,theorem PosMulMono.toPosMulReflectLT [PosMulMono α] : PosMulReflectLT α where elim,1,apply pos_mul_mono.elim_lt,0.23,constrained,apply pos_mul_mono.elim_lt,named,apply_tac,apply,True,pos_mul_mono.elim_lt,False,
18233,PosMulMono,theorem PosMulMono.toPosMulReflectLT [PosMulMono α] : PosMulReflectLT α where elim,2,cases h : PosMulMono α,0.23,constrained,cases h : PosMulMono α,named,cases_tac,cases,True,PosMulMono,False,
18233,PosMulMono,theorem PosMulMono.toPosMulReflectLT [PosMulMono α] : PosMulReflectLT α where elim,3,unfold PosMulMono.toPosMulReflectLT,0.28,constrained,unfold PosMulMono.toPosMulReflectLT,named,unfold_tac,unfold,True,,False,
18233,PosMulMono,theorem PosMulMono.toPosMulReflectLT [PosMulMono α] : PosMulReflectLT α where elim,4,"intro h, apply_pos_mul_mono h",0.25,constrained,"intro h, apply_pos_mul_mono h",named,intro_tac,intro,True,apply_pos_mul_mono,False,
18233,PosMulMono,theorem PosMulMono.toPosMulReflectLT [PosMulMono α] : PosMulReflectLT α where elim,5,intro hα,0.13,constrained,intro hα,named,intro_tac,intro,True,,False,
18233,PosMulMono,theorem PosMulMono.toPosMulReflectLT [PosMulMono α] : PosMulReflectLT α where elim,6,apply PosMulMono.elim,0.2,constrained,apply PosMulMono.elim,named,apply_tac,apply,True,,False,
18233,PosMulMono,theorem PosMulMono.toPosMulReflectLT [PosMulMono α] : PosMulReflectLT α where elim,7,cases hposmulmono : PosMulMono α,0.29,constrained,cases hposmulmono : PosMulMono α,named,cases_tac,cases,True,PosMulMono;hposmulmono,False,
12012,hom_ext,"theorem hom_ext {F₁ F₂ : FreeLieAlgebra R X →ₗ⁅R⁆ L} (h : ∀ x, F₁ (of R x) = F₂ (of R x)) : F₁ = F₂",0,use h,0.11,constrained,use h,named,use_tac,use,True,,False,
12012,hom_ext,"theorem hom_ext {F₁ F₂ : FreeLieAlgebra R X →ₗ⁅R⁆ L} (h : ∀ x, F₁ (of R x) = F₂ (of R x)) : F₁ = F₂",1,ext x; apply h,0.18,constrained,ext x; apply h,named,ext_tac,ext,True,,False,
12012,hom_ext,"theorem hom_ext {F₁ F₂ : FreeLieAlgebra R X →ₗ⁅R⁆ L} (h : ∀ x, F₁ (of R x) = F₂ (of R x)) : F₁ = F₂",2,intro h',0.13,constrained,intro h',named,intro_tac,intro,True,,False,
12012,hom_ext,"theorem hom_ext {F₁ F₂ : FreeLieAlgebra R X →ₗ⁅R⁆ L} (h : ∀ x, F₁ (of R x) = F₂ (of R x)) : F₁ = F₂",3,apply funext; intro x; rw h,0.28,constrained,apply funext; intro x; rw h,named,apply_tac,apply,True,,False,
12012,hom_ext,"theorem hom_ext {F₁ F₂ : FreeLieAlgebra R X →ₗ⁅R⁆ L} (h : ∀ x, F₁ (of R x) = F₂ (of R x)) : F₁ = F₂",4,ext x; rw h,0.18,constrained,ext x; rw h,named,ext_tac,ext,True,,False,
12012,hom_ext,"theorem hom_ext {F₁ F₂ : FreeLieAlgebra R X →ₗ⁅R⁆ L} (h : ∀ x, F₁ (of R x) = F₂ (of R x)) : F₁ = F₂",5,rw [Pi.ext h],0.2,constrained,rw [Pi.ext h],named,rw_tac,rw,True,,False,
12012,hom_ext,"theorem hom_ext {F₁ F₂ : FreeLieAlgebra R X →ₗ⁅R⁆ L} (h : ∀ x, F₁ (of R x) = F₂ (of R x)) : F₁ = F₂",6,ext x,0.11,constrained,ext x,named,ext_tac,ext,True,,False,
12012,hom_ext,"theorem hom_ext {F₁ F₂ : FreeLieAlgebra R X →ₗ⁅R⁆ L} (h : ∀ x, F₁ (of R x) = F₂ (of R x)) : F₁ = F₂",7,rw [eq_of_subsingleton],0.23,constrained,rw [eq_of_subsingleton],named,rw_tac,rw,True,eq_of_subsingleton,False,
59742,id_hom,theorem id_hom (A : CommComon C) : Comon.Hom.hom (InducedCategory.Hom.hom (𝟙 A)) = 𝟙 A.X,0,simp,0.08,constrained,simp,named,simp_tac,simp,True,,False,
59742,id_hom,theorem id_hom (A : CommComon C) : Comon.Hom.hom (InducedCategory.Hom.hom (𝟙 A)) = 𝟙 A.X,1,induction A using CommComon.rec',0.28,constrained,induction A using CommComon.rec',named,induction_tac,induction,True,,False,
59742,id_hom,theorem id_hom (A : CommComon C) : Comon.Hom.hom (InducedCategory.Hom.hom (𝟙 A)) = 𝟙 A.X,2,rw [InducedCategory_Hom_hom_id],0.3,constrained,rw [InducedCategory_Hom_hom_id],named,rw_tac,rw,True,InducedCategory_Hom_hom_id,False,
59742,id_hom,theorem id_hom (A : CommComon C) : Comon.Hom.hom (InducedCategory.Hom.hom (𝟙 A)) = 𝟙 A.X,3,unfold InducedCategory.Hom.hom,0.24,constrained,unfold InducedCategory.Hom.hom,named,unfold_tac,unfold,True,,False,
59742,id_hom,theorem id_hom (A : CommComon C) : Comon.Hom.hom (InducedCategory.Hom.hom (𝟙 A)) = 𝟙 A.X,4,change (InducedCategory.Hom.hom (𝟙 A)) with (𝟙 A.X),0.58,constrained,change (InducedCategory.Hom.hom (𝟙 A)) with (𝟙 A.X),named,change_tac,change,True,,False,
59742,id_hom,theorem id_hom (A : CommComon C) : Comon.Hom.hom (InducedCategory.Hom.hom (𝟙 A)) = 𝟙 A.X,5,rw [InducedCategory_Hom_hom_id],0.3,constrained,rw [InducedCategory_Hom_hom_id],named,rw_tac,rw,True,InducedCategory_Hom_hom_id,False,
59742,id_hom,theorem id_hom (A : CommComon C) : Comon.Hom.hom (InducedCategory.Hom.hom (𝟙 A)) = 𝟙 A.X,6,unfold InducedCategory_Hom_hom; unfold Comon_Hom_hom; simp; refl,0.5,constrained,unfold InducedCategory_Hom_hom; unfold Comon_Hom_hom; simp; refl,named,unfold_tac,unfold,True,Comon_Hom_hom;InducedCategory_Hom_hom,False,
59742,id_hom,theorem id_hom (A : CommComon C) : Comon.Hom.hom (InducedCategory.Hom.hom (𝟙 A)) = 𝟙 A.X,7,rw [InducedCategory.Hom.hom_id],0.3,constrained,rw [InducedCategory.Hom.hom_id],named,rw_tac,rw,True,,False,
75861,optionElim_ne_zero_iff,theorem optionElim_ne_zero_iff (y : M) (f : α →₀ M) : f.optionElim y ≠ 0 ↔ f ≠ 0 ∨ y ≠ 0,0,split_ifs with h; simp [optionElim_ne_zero_iff] at h; cases h; simp_all,0.59,constrained,split_ifs with h; simp [optionElim_ne_zero_iff] at h; cases h; simp_all,named,split_ifs_tac,split_ifs,True,,False,
75861,optionElim_ne_zero_iff,theorem optionElim_ne_zero_iff (y : M) (f : α →₀ M) : f.optionElim y ≠ 0 ↔ f ≠ 0 ∨ y ≠ 0,1,cases f; simp [optionElim],0.25,constrained,cases f; simp [optionElim],named,cases_tac,cases,True,,False,
75861,optionElim_ne_zero_iff,theorem optionElim_ne_zero_iff (y : M) (f : α →₀ M) : f.optionElim y ≠ 0 ↔ f ≠ 0 ∨ y ≠ 0,2,unfold optionElim,0.13,constrained,unfold optionElim,named,unfold_tac,unfold,True,,False,
75861,optionElim_ne_zero_iff,theorem optionElim_ne_zero_iff (y : M) (f : α →₀ M) : f.optionElim y ≠ 0 ↔ f ≠ 0 ∨ y ≠ 0,3,unfold optionElim; apply or_else; simp [eq_self_iff_true]; split; intro h; unfold optionElim at h; simp at h; exact h; contradiction,0.88,constrained,unfold optionElim; apply or_else; simp [eq_self_iff_true]; split; intro h; unfold optionElim at h; simp at h; exact h; contradiction,named,unfold_tac,unfold,True,eq_self_iff_true;or_else,False,
75861,optionElim_ne_zero_iff,theorem optionElim_ne_zero_iff (y : M) (f : α →₀ M) : f.optionElim y ≠ 0 ↔ f ≠ 0 ∨ y ≠ 0,4,refine optionElim_ne_zero_iff_cases y f; simp_all,0.38,constrained,refine optionElim_ne_zero_iff_cases y f; simp_all,named,refine_tac,refine,True,optionElim_ne_zero_iff_cases,False,
75861,optionElim_ne_zero_iff,theorem optionElim_ne_zero_iff (y : M) (f : α →₀ M) : f.optionElim y ≠ 0 ↔ f ≠ 0 ∨ y ≠ 0,5,rw [optionElim_eq_zero],0.23,constrained,rw [optionElim_eq_zero],named,rw_tac,rw,True,optionElim_eq_zero,False,
75861,optionElim_ne_zero_iff,theorem optionElim_ne_zero_iff (y : M) (f : α →₀ M) : f.optionElim y ≠ 0 ↔ f ≠ 0 ∨ y ≠ 0,6,"rw [option_elim_eq_sum, sum_ne_zero]",0.33,constrained,"rw [option_elim_eq_sum, sum_ne_zero]",named,rw_tac,rw,True,option_elim_eq_sum;sum_ne_zero,False,
75861,optionElim_ne_zero_iff,theorem optionElim_ne_zero_iff (y : M) (f : α →₀ M) : f.optionElim y ≠ 0 ↔ f ≠ 0 ∨ y ≠ 0,7,cases f; simp,0.16,constrained,cases f; simp,named,cases_tac,cases,True,,False,
20916,natCast_mul,theorem natCast_mul (n : ℕ) (p : R[X]) : (n : R[X]) * p = n • p,0,rw [nat_cast],0.18,constrained,rw [nat_cast],named,rw_tac,rw,True,nat_cast,False,
20916,natCast_mul,theorem natCast_mul (n : ℕ) (p : R[X]) : (n : R[X]) * p = n • p,1,rw [Nat.cast_ring_hom],0.23,constrained,rw [Nat.cast_ring_hom],named,rw_tac,rw,True,Nat.cast_ring_hom,False,
20916,natCast_mul,theorem natCast_mul (n : ℕ) (p : R[X]) : (n : R[X]) * p = n • p,2,rw [cast_ring_hom],0.21,constrained,rw [cast_ring_hom],named,rw_tac,rw,True,cast_ring_hom,False,
20916,natCast_mul,theorem natCast_mul (n : ℕ) (p : R[X]) : (n : R[X]) * p = n • p,3,ring hom_ext,0.14,constrained,ring hom_ext,fallback,generic_tac,ring,True,,False,
20916,natCast_mul,theorem natCast_mul (n : ℕ) (p : R[X]) : (n : R[X]) * p = n • p,4,unfold castNatPoly mulPolynomial ringHom.mapMul smulPolynomial ringHom.mk',0.52,constrained,unfold castNatPoly mulPolynomial ringHom.mapMul smulPolynomial ringHom.mk',named,unfold_tac,unfold,True,castNatPoly;mulPolynomial;ringHom.mapMul;smulPolynomial,False,
20916,natCast_mul,theorem natCast_mul (n : ℕ) (p : R[X]) : (n : R[X]) * p = n • p,5,rw [Nat.castRingHom_apply],0.25,constrained,rw [Nat.castRingHom_apply],named,rw_tac,rw,True,Nat.castRingHom_apply,False,
20916,natCast_mul,theorem natCast_mul (n : ℕ) (p : R[X]) : (n : R[X]) * p = n • p,6,rw [algebraMap_mul],0.23,constrained,rw [algebraMap_mul],named,rw_tac,rw,True,algebraMap_mul,False,
20916,natCast_mul,theorem natCast_mul (n : ℕ) (p : R[X]) : (n : R[X]) * p = n • p,7,rw [cast_ring_hom],0.2,constrained,rw [cast_ring_hom],named,rw_tac,rw,True,cast_ring_hom,False,
61024,op_symm,theorem op_symm (α : X ≅ Y) : Iso.op α.symm = (Iso.op α).symm,0,rw [Iso.op_comp],0.21,constrained,rw [Iso.op_comp],named,rw_tac,rw,True,,False,
61024,op_symm,theorem op_symm (α : X ≅ Y) : Iso.op α.symm = (Iso.op α).symm,1,rw [Iso.op_symm],0.23,constrained,rw [Iso.op_symm],named,rw_tac,rw,True,,False,
61024,op_symm,theorem op_symm (α : X ≅ Y) : Iso.op α.symm = (Iso.op α).symm,2,refl,0.11,constrained,refl,fallback,generic_tac,refl,False,,False,
61024,op_symm,theorem op_symm (α : X ≅ Y) : Iso.op α.symm = (Iso.op α).symm,3,rw [Iso.op_comp],0.2,constrained,rw [Iso.op_comp],named,rw_tac,rw,True,,False,
61024,op_symm,theorem op_symm (α : X ≅ Y) : Iso.op α.symm = (Iso.op α).symm,4,rw [op_comm],0.18,constrained,rw [op_comm],named,rw_tac,rw,True,op_comm,False,
61024,op_symm,theorem op_symm (α : X ≅ Y) : Iso.op α.symm = (Iso.op α).symm,5,rw [op_comm],0.18,constrained,rw [op_comm],named,rw_tac,rw,True,op_comm,False,
61024,op_symm,theorem op_symm (α : X ≅ Y) : Iso.op α.symm = (Iso.op α).symm,6,rw [Iso.symm_op],0.23,constrained,rw [Iso.symm_op],named,rw_tac,rw,True,Iso.symm_op,False,
61024,op_symm,theorem op_symm (α : X ≅ Y) : Iso.op α.symm = (Iso.op α).symm,7,rw [Iso.op_comp],0.21,constrained,rw [Iso.op_comp],named,rw_tac,rw,True,,False,
26476,PartialMap,lemma PartialMap.id_comp {X Y : Scheme.{u}} [IrreducibleSpace X] (f : X.PartialMap Y) : (PartialMap.id X).comp f = f,0,rw [PartialMap.comp_id],0.23,constrained,rw [PartialMap.comp_id],named,rw_tac,rw,True,,False,
26476,PartialMap,lemma PartialMap.id_comp {X Y : Scheme.{u}} [IrreducibleSpace X] (f : X.PartialMap Y) : (PartialMap.id X).comp f = f,1,refl,0.11,constrained,refl,fallback,generic_tac,refl,False,,False,
26476,PartialMap,lemma PartialMap.id_comp {X Y : Scheme.{u}} [IrreducibleSpace X] (f : X.PartialMap Y) : (PartialMap.id X).comp f = f,2,rewrite PartialMap.comp_id,0.18,constrained,rewrite PartialMap.comp_id,fallback,generic_tac,rewrite,False,,False,
26476,PartialMap,lemma PartialMap.id_comp {X Y : Scheme.{u}} [IrreducibleSpace X] (f : X.PartialMap Y) : (PartialMap.id X).comp f = f,3,rw [comp_id],0.18,constrained,rw [comp_id],named,rw_tac,rw,True,,False,
26476,PartialMap,lemma PartialMap.id_comp {X Y : Scheme.{u}} [IrreducibleSpace X] (f : X.PartialMap Y) : (PartialMap.id X).comp f = f,4,unfold PartialMap.comp,0.16,constrained,unfold PartialMap.comp,named,unfold_tac,unfold,True,,False,
26476,PartialMap,lemma PartialMap.id_comp {X Y : Scheme.{u}} [IrreducibleSpace X] (f : X.PartialMap Y) : (PartialMap.id X).comp f = f,5,exact (PartialMap.id_comp X Y f),0.3,constrained,exact (PartialMap.id_comp X Y f),named,exact_tac,exact,True,,False,
26476,PartialMap,lemma PartialMap.id_comp {X Y : Scheme.{u}} [IrreducibleSpace X] (f : X.PartialMap Y) : (PartialMap.id X).comp f = f,6,rw [PartialMap.comp_id],0.21,constrained,rw [PartialMap.comp_id],named,rw_tac,rw,True,,False,
26476,PartialMap,lemma PartialMap.id_comp {X Y : Scheme.{u}} [IrreducibleSpace X] (f : X.PartialMap Y) : (PartialMap.id X).comp f = f,7,rw [PartialMap.comp_def],0.23,constrained,rw [PartialMap.comp_def],named,rw_tac,rw,True,,False,
99647,weightedVSubOfPoint_sdiff,theorem weightedVSubOfPoint_sdiff [DecidableEq ι] {s₂ : Finset ι} (h : s₂ ⊆ s) (w : ι → k) (p : ι → P) (b : P) : (s \ s₂).weightedVSubOfPoint p b w + s₂.weightedVSubOfPoint p b w = s.weightedVSubOfPoint p b w,0,rw [sdiff_union_compl],0.25,constrained,rw [sdiff_union_compl],named,rw_tac,rw,True,sdiff_union_compl,False,
99647,weightedVSubOfPoint_sdiff,theorem weightedVSubOfPoint_sdiff [DecidableEq ι] {s₂ : Finset ι} (h : s₂ ⊆ s) (w : ι → k) (p : ι → P) (b : P) : (s \ s₂).weightedVSubOfPoint p b w + s₂.weightedVSubOfPoint p b w = s.weightedVSubOfPoint p b w,1,rw [sdiff_union_compl],0.25,constrained,rw [sdiff_union_compl],named,rw_tac,rw,True,sdiff_union_compl,False,
99647,weightedVSubOfPoint_sdiff,theorem weightedVSubOfPoint_sdiff [DecidableEq ι] {s₂ : Finset ι} (h : s₂ ⊆ s) (w : ι → k) (p : ι → P) (b : P) : (s \ s₂).weightedVSubOfPoint p b w + s₂.weightedVSubOfPoint p b w = s.weightedVSubOfPoint p b w,2,rw [sdiff_union_compl_of_subset h],0.32,constrained,rw [sdiff_union_compl_of_subset h],named,rw_tac,rw,True,sdiff_union_compl_of_subset,False,
99647,weightedVSubOfPoint_sdiff,theorem weightedVSubOfPoint_sdiff [DecidableEq ι] {s₂ : Finset ι} (h : s₂ ⊆ s) (w : ι → k) (p : ι → P) (b : P) : (s \ s₂).weightedVSubOfPoint p b w + s₂.weightedVSubOfPoint p b w = s.weightedVSubOfPoint p b w,3,rw [@sdiff_union_of_subset_right _ h],0.33,constrained,rw [@sdiff_union_of_subset_right _ h],named,rw_tac,rw,True,sdiff_union_of_subset_right,False,
99647,weightedVSubOfPoint_sdiff,theorem weightedVSubOfPoint_sdiff [DecidableEq ι] {s₂ : Finset ι} (h : s₂ ⊆ s) (w : ι → k) (p : ι → P) (b : P) : (s \ s₂).weightedVSubOfPoint p b w + s₂.weightedVSubOfPoint p b w = s.weightedVSubOfPoint p b w,4,split_on h,0.13,constrained,split_on h,fallback,generic_tac,split_on,False,,False,
99647,weightedVSubOfPoint_sdiff,theorem weightedVSubOfPoint_sdiff [DecidableEq ι] {s₂ : Finset ι} (h : s₂ ⊆ s) (w : ι → k) (p : ι → P) (b : P) : (s \ s₂).weightedVSubOfPoint p b w + s₂.weightedVSubOfPoint p b w = s.weightedVSubOfPoint p b w,5,rw [sdiff_union_of_subset],0.26,constrained,rw [sdiff_union_of_subset],named,rw_tac,rw,True,,False,
99647,weightedVSubOfPoint_sdiff,theorem weightedVSubOfPoint_sdiff [DecidableEq ι] {s₂ : Finset ι} (h : s₂ ⊆ s) (w : ι → k) (p : ι → P) (b : P) : (s \ s₂).weightedVSubOfPoint p b w + s₂.weightedVSubOfPoint p b w = s.weightedVSubOfPoint p b w,6,rw [sdiff_union],0.2,constrained,rw [sdiff_union],named,rw_tac,rw,True,sdiff_union,False,
99647,weightedVSubOfPoint_sdiff,theorem weightedVSubOfPoint_sdiff [DecidableEq ι] {s₂ : Finset ι} (h : s₂ ⊆ s) (w : ι → k) (p : ι → P) (b : P) : (s \ s₂).weightedVSubOfPoint p b w + s₂.weightedVSubOfPoint p b w = s.weightedVSubOfPoint p b w,7,rw [Finset.diff_union_eq_of_subset h],0.32,constrained,rw [Finset.diff_union_eq_of_subset h],named,rw_tac,rw,True,Finset.diff_union_eq_of_subset,False,
72869,predAbove_of_lt_succ,lemma predAbove_of_lt_succ (p : Fin n) (i : Fin (n + 1)) (h : i < succ p) : p.predAbove i = i.castPred (Fin.ne_last_of_lt h),0,rw [predAbove_of_lt_succ],0.25,constrained,rw [predAbove_of_lt_succ],named,rw_tac,rw,True,,False,
72869,predAbove_of_lt_succ,lemma predAbove_of_lt_succ (p : Fin n) (i : Fin (n + 1)) (h : i < succ p) : p.predAbove i = i.castPred (Fin.ne_last_of_lt h),1,rw [predAbove],0.18,constrained,rw [predAbove],named,rw_tac,rw,True,,False,
72869,predAbove_of_lt_succ,lemma predAbove_of_lt_succ (p : Fin n) (i : Fin (n + 1)) (h : i < succ p) : p.predAbove i = i.castPred (Fin.ne_last_of_lt h),2,rw [predAbove],0.18,constrained,rw [predAbove],named,rw_tac,rw,True,,False,
72869,predAbove_of_lt_succ,lemma predAbove_of_lt_succ (p : Fin n) (i : Fin (n + 1)) (h : i < succ p) : p.predAbove i = i.castPred (Fin.ne_last_of_lt h),3,rw [predAbove_eq_castPred],0.25,constrained,rw [predAbove_eq_castPred],named,rw_tac,rw,True,predAbove_eq_castPred,False,
72869,predAbove_of_lt_succ,lemma predAbove_of_lt_succ (p : Fin n) (i : Fin (n + 1)) (h : i < succ p) : p.predAbove i = i.castPred (Fin.ne_last_of_lt h),4,rw [predAbove_eq_castPred],0.25,constrained,rw [predAbove_eq_castPred],named,rw_tac,rw,True,predAbove_eq_castPred,False,
72869,predAbove_of_lt_succ,lemma predAbove_of_lt_succ (p : Fin n) (i : Fin (n + 1)) (h : i < succ p) : p.predAbove i = i.castPred (Fin.ne_last_of_lt h),5,have hp := Fin.lt_succ_not_last _ h,0.3,constrained,have hp := Fin.lt_succ_not_last _ h,named,have_tac,have,True,Fin.lt_succ_not_last,False,
72869,predAbove_of_lt_succ,lemma predAbove_of_lt_succ (p : Fin n) (i : Fin (n + 1)) (h : i < succ p) : p.predAbove i = i.castPred (Fin.ne_last_of_lt h),6,rw [predAbove_of_lt_succ],0.25,constrained,rw [predAbove_of_lt_succ],named,rw_tac,rw,True,,False,
72869,predAbove_of_lt_succ,lemma predAbove_of_lt_succ (p : Fin n) (i : Fin (n + 1)) (h : i < succ p) : p.predAbove i = i.castPred (Fin.ne_last_of_lt h),7,cases h,0.11,constrained,cases h,named,cases_tac,cases,True,,False,
118858,one_def,theorem one_def (α : Type*) : (1 : Language.ring.Term α) = Constants.term oneFunc,0,rw [Language.ring.one],0.23,constrained,rw [Language.ring.one],named,rw_tac,rw,True,,False,
118858,one_def,theorem one_def (α : Type*) : (1 : Language.ring.Term α) = Constants.term oneFunc,1,unfold Language.ring.one; apply Eq.refl,0.29,constrained,unfold Language.ring.one; apply Eq.refl,named,unfold_tac,unfold,True,,False,
118858,one_def,theorem one_def (α : Type*) : (1 : Language.ring.Term α) = Constants.term oneFunc,2,rw [Language.ring.one],0.22,constrained,rw [Language.ring.one],named,rw_tac,rw,True,,False,
118858,one_def,theorem one_def (α : Type*) : (1 : Language.ring.Term α) = Constants.term oneFunc,3,rw [Language.ring.one],0.21,constrained,rw [Language.ring.one],named,rw_tac,rw,True,,False,
118858,one_def,theorem one_def (α : Type*) : (1 : Language.ring.Term α) = Constants.term oneFunc,4,unfold Constants.term oneFunc,0.18,constrained,unfold Constants.term oneFunc,named,unfold_tac,unfold,True,,False,
118858,one_def,theorem one_def (α : Type*) : (1 : Language.ring.Term α) = Constants.term oneFunc,5,unfold Language.ring.one Constants.term oneFunc,0.27,constrained,unfold Language.ring.one Constants.term oneFunc,named,unfold_tac,unfold,True,,False,
118858,one_def,theorem one_def (α : Type*) : (1 : Language.ring.Term α) = Constants.term oneFunc,6,unfold one_func; simp,0.18,constrained,unfold one_func; simp,named,unfold_tac,unfold,True,one_func,False,
118858,one_def,theorem one_def (α : Type*) : (1 : Language.ring.Term α) = Constants.term oneFunc,7,unfold Language.ring.one,0.18,constrained,unfold Language.ring.one,named,unfold_tac,unfold,True,,False,
166640,_root_,lemma _root_.Isometry.isCover_image_iff {f : X → Y} (hf : Isometry f) (C : Set X) : IsCover ε (f '' s) (f '' C) ↔ IsCover ε s C,0,rw [isCover_image],0.21,constrained,rw [isCover_image],named,rw_tac,rw,True,isCover_image,False,
166640,_root_,lemma _root_.Isometry.isCover_image_iff {f : X → Y} (hf : Isometry f) (C : Set X) : IsCover ε (f '' s) (f '' C) ↔ IsCover ε s C,1,congr hoist,0.16,constrained,congr hoist,named,congr_tac,congr,True,hoist,False,
166640,_root_,lemma _root_.Isometry.isCover_image_iff {f : X → Y} (hf : Isometry f) (C : Set X) : IsCover ε (f '' s) (f '' C) ↔ IsCover ε s C,2,rw [image_preimage],0.21,constrained,rw [image_preimage],named,rw_tac,rw,True,,False,
166640,_root_,lemma _root_.Isometry.isCover_image_iff {f : X → Y} (hf : Isometry f) (C : Set X) : IsCover ε (f '' s) (f '' C) ↔ IsCover ε s C,3,rw [isCover_def],0.21,constrained,rw [isCover_def],named,rw_tac,rw,True,isCover_def,False,
166640,_root_,lemma _root_.Isometry.isCover_image_iff {f : X → Y} (hf : Isometry f) (C : Set X) : IsCover ε (f '' s) (f '' C) ↔ IsCover ε s C,4,rw [is_cover_preimage hf],0.25,constrained,rw [is_cover_preimage hf],named,rw_tac,rw,True,is_cover_preimage,False,
166640,_root_,lemma _root_.Isometry.isCover_image_iff {f : X → Y} (hf : Isometry f) (C : Set X) : IsCover ε (f '' s) (f '' C) ↔ IsCover ε s C,5,rw [isCover_image],0.2,constrained,rw [isCover_image],named,rw_tac,rw,True,isCover_image,False,
166640,_root_,lemma _root_.Isometry.isCover_image_iff {f : X → Y} (hf : Isometry f) (C : Set X) : IsCover ε (f '' s) (f '' C) ↔ IsCover ε s C,6,rw [IsCover_image],0.2,constrained,rw [IsCover_image],named,rw_tac,rw,True,IsCover_image,False,
166640,_root_,lemma _root_.Isometry.isCover_image_iff {f : X → Y} (hf : Isometry f) (C : Set X) : IsCover ε (f '' s) (f '' C) ↔ IsCover ε s C,7,rw [isCover_image],0.2,constrained,rw [isCover_image],named,rw_tac,rw,True,isCover_image,False,
95638,rightInvSeq_concat,theorem rightInvSeq_concat (ω : List B) (i : B) : ris (ω.concat i) = (List.map (MulAut.conj (s i)) (ris ω)).concat (s i),0,"induction ω with [] | cons x xs ih => simp [cons, concat_cons, map_cons, ris_cons, MulAut.conj_mul]",0.81,constrained,"induction ω with [] | cons x xs ih => simp [cons, concat_cons, map_cons, ris_cons, MulAut.conj_mul]",named,induction_tac,induction,True,ris_cons;xs,False,
95638,rightInvSeq_concat,theorem rightInvSeq_concat (ω : List B) (i : B) : ris (ω.concat i) = (List.map (MulAut.conj (s i)) (ris ω)).concat (s i),1,rw [rightInvSeq_concat],0.23,constrained,rw [rightInvSeq_concat],named,rw_tac,rw,True,,False,
95638,rightInvSeq_concat,theorem rightInvSeq_concat (ω : List B) (i : B) : ris (ω.concat i) = (List.map (MulAut.conj (s i)) (ris ω)).concat (s i),2,rw [rightInvSeq_concat],0.23,constrained,rw [rightInvSeq_concat],named,rw_tac,rw,True,,False,
95638,rightInvSeq_concat,theorem rightInvSeq_concat (ω : List B) (i : B) : ris (ω.concat i) = (List.map (MulAut.conj (s i)) (ris ω)).concat (s i),3,rw [rightInvSeq_def] at *,0.28,constrained,rw [rightInvSeq_def] at *,named,rw_tac,rw,True,rightInvSeq_def,False,
95638,rightInvSeq_concat,theorem rightInvSeq_concat (ω : List B) (i : B) : ris (ω.concat i) = (List.map (MulAut.conj (s i)) (ris ω)).concat (s i),4,unfold ris concat List.map MulAut.conj s; apply List.concat_assoc; simp; unfold MulAut.conj; rw [← List.map_congr]; intros x hx; unfold s; rw [← MulAut.conj_mul]; apply MulAut.conj_injective; assumption,1.47,constrained,unfold ris concat List.map MulAut.conj s; apply List.concat_assoc; simp; unfold MulAut.conj; rw [← List.map_congr]; intros x hx; unfold s; rw [← MulAut.conj_mul]; apply MulAut.conj_injective; assumption,named,unfold_tac,unfold,True,List.concat_assoc;ris,False,
95638,rightInvSeq_concat,theorem rightInvSeq_concat (ω : List B) (i : B) : ris (ω.concat i) = (List.map (MulAut.conj (s i)) (ris ω)).concat (s i),5,rw [List.concat_cons],0.21,constrained,rw [List.concat_cons],named,rw_tac,rw,True,,False,
95638,rightInvSeq_concat,theorem rightInvSeq_concat (ω : List B) (i : B) : ris (ω.concat i) = (List.map (MulAut.conj (s i)) (ris ω)).concat (s i),6,rw [List.concat_map],0.21,constrained,rw [List.concat_map],named,rw_tac,rw,True,List.concat_map,False,
95638,rightInvSeq_concat,theorem rightInvSeq_concat (ω : List B) (i : B) : ris (ω.concat i) = (List.map (MulAut.conj (s i)) (ris ω)).concat (s i),7,induction ω with | [] => simp; intro i; simp; | cons h t ih => simp; apply concat_assoc; simp; rw [ih]; simp; rw [concat_cons]; simp; rw [List.map_conj_mul_aut]; simp; rw [mul_aut_conj_right]; simp; rw,1.59,constrained,induction ω with | [] => simp; intro i; simp; | cons h t ih => simp; apply concat_assoc; simp; rw [ih]; simp; rw [concat_cons]; simp; rw [List.map_conj_mul_aut]; simp; rw [mul_aut_conj_right]; simp; rw,named,induction_tac,induction,True,List.map_conj_mul_aut;concat_assoc;mul_aut_conj_right,False,
42638,closure_subset_closedAbsConvexHull,theorem closure_subset_closedAbsConvexHull {s : Set E} : closure s ⊆ closedAbsConvexHull 𝕜 s,0,rw [closedAbsConvexHull_def],0.3,constrained,rw [closedAbsConvexHull_def],named,rw_tac,rw,True,closedAbsConvexHull_def,False,
42638,closure_subset_closedAbsConvexHull,theorem closure_subset_closedAbsConvexHull {s : Set E} : closure s ⊆ closedAbsConvexHull 𝕜 s,1,apply closure_subset_convexHull,0.23,constrained,apply closure_subset_convexHull,named,apply_tac,apply,True,closure_subset_convexHull,False,
42638,closure_subset_closedAbsConvexHull,theorem closure_subset_closedAbsConvexHull {s : Set E} : closure s ⊆ closedAbsConvexHull 𝕜 s,2,use subset_closure_of_isClosed_absConvexHull,0.32,constrained,use subset_closure_of_isClosed_absConvexHull,named,use_tac,use,True,subset_closure_of_isClosed_absConvexHull,False,
42638,closure_subset_closedAbsConvexHull,theorem closure_subset_closedAbsConvexHull {s : Set E} : closure s ⊆ closedAbsConvexHull 𝕜 s,3,"intro h; have h' : ∀ x ∈ closure s, ∃ y ∈ s, |x - y| ≤ ennreal.of_real (norm (x - y)) := fun x hx => by simp [closure_def]; refine ⟨_, _⟩; exists x; exact (mem_closure_of_mem_open nh",1.59,constrained,"intro h; have h' : ∀ x ∈ closure s, ∃ y ∈ s, |x - y| ≤ ennreal.of_real (norm (x - y)) := fun x hx => by simp [closure_def]; refine ⟨_, _⟩; exists x; exact (mem_closure_of_mem_open nh",named,intro_tac,intro,True,hx;mem_closure_of_mem_open;nh,False,
42638,closure_subset_closedAbsConvexHull,theorem closure_subset_closedAbsConvexHull {s : Set E} : closure s ⊆ closedAbsConvexHull 𝕜 s,4,use closure_eq_closureAbsConvexHull_of_closedAbsConvexHull_subset,0.47,constrained,use closure_eq_closureAbsConvexHull_of_closedAbsConvexHull_subset,named,use_tac,use,True,closure_eq_closureAbsConvexHull_of_closedAbsConvexHull_subset,False,
42638,closure_subset_closedAbsConvexHull,theorem closure_subset_closedAbsConvexHull {s : Set E} : closure s ⊆ closedAbsConvexHull 𝕜 s,5,rw [closedAbsConvexHull_def],0.3,constrained,rw [closedAbsConvexHull_def],named,rw_tac,rw,True,closedAbsConvexHull_def,False,
42638,closure_subset_closedAbsConvexHull,theorem closure_subset_closedAbsConvexHull {s : Set E} : closure s ⊆ closedAbsConvexHull 𝕜 s,6,exact subset_trans (convex_hull_subset_closure _ _) (abs_convex_hull_closed _),0.54,constrained,exact subset_trans (convex_hull_subset_closure _ _) (abs_convex_hull_closed _),named,exact_tac,exact,True,abs_convex_hull_closed;convex_hull_subset_closure;subset_trans,False,
42638,closure_subset_closedAbsConvexHull,theorem closure_subset_closedAbsConvexHull {s : Set E} : closure s ⊆ closedAbsConvexHull 𝕜 s,7,rw [closure_def],0.19,constrained,rw [closure_def],named,rw_tac,rw,True,,False,
97040,mk'_eq_iff_eq_mul,theorem mk'_eq_iff_eq_mul {x} {y : S} {z} : f.mk' x y = z ↔ f x = z * f y,0,rw [f.mk'],0.18,constrained,rw [f.mk'],named,rw_tac,rw,True,,False,
97040,mk'_eq_iff_eq_mul,theorem mk'_eq_iff_eq_mul {x} {y : S} {z} : f.mk' x y = z ↔ f x = z * f y,1,rw [f.mk'],0.18,constrained,rw [f.mk'],named,rw_tac,rw,True,,False,
97040,mk'_eq_iff_eq_mul,theorem mk'_eq_iff_eq_mul {x} {y : S} {z} : f.mk' x y = z ↔ f x = z * f y,2,rewrite f.mk'_def; sorry,0.23,constrained,rewrite f.mk'_def; sorry,fallback,generic_tac,rewrite,False,f.mk'_def,True,
97040,mk'_eq_iff_eq_mul,theorem mk'_eq_iff_eq_mul {x} {y : S} {z} : f.mk' x y = z ↔ f x = z * f y,3,unfold f.mk',0.16,constrained,unfold f.mk',named,unfold_tac,unfold,True,,False,
97040,mk'_eq_iff_eq_mul,theorem mk'_eq_iff_eq_mul {x} {y : S} {z} : f.mk' x y = z ↔ f x = z * f y,4,rw [f.mk'],0.18,constrained,rw [f.mk'],named,rw_tac,rw,True,,False,
97040,mk'_eq_iff_eq_mul,theorem mk'_eq_iff_eq_mul {x} {y : S} {z} : f.mk' x y = z ↔ f x = z * f y,5,rw [mk'],0.16,constrained,rw [mk'],named,rw_tac,rw,True,,False,
97040,mk'_eq_iff_eq_mul,theorem mk'_eq_iff_eq_mul {x} {y : S} {z} : f.mk' x y = z ↔ f x = z * f y,6,rewrite f.mk'_def; rw [f.mul_def]; simp; congr',0.45,constrained,rewrite f.mk'_def; rw [f.mul_def]; simp; congr',fallback,generic_tac,rewrite,False,f.mk'_def,False,
97040,mk'_eq_iff_eq_mul,theorem mk'_eq_iff_eq_mul {x} {y : S} {z} : f.mk' x y = z ↔ f x = z * f y,7,unfold f.mk',0.16,constrained,unfold f.mk',named,unfold_tac,unfold,True,,False,
93132,_root_,protected lemma _root_.ModelWithCorners.isImmersionAt {n : ℕ} {x : H} : IsImmersionAt I (modelWithCornersSelf 𝕜 E) n I x,0,use immersionAt_of_local_immersion_at_of_fiberwise_continuous_and_local_diff Homeomorph.id continuous_id continuous_const continuous_comp continuous_linear_map continuous_injective_on,0.86,constrained,use immersionAt_of_local_immersion_at_of_fiberwise_continuous_and_local_diff Homeomorph.id continuous_id continuous_const continuous_comp continuous_linear_map continuous_injective_on,named,use_tac,use,True,continuous_injective_on;continuous_linear_map;immersionAt_of_local_immersion_at_of_fiberwise_continuous_and_local_diff,False,
93132,_root_,protected lemma _root_.ModelWithCorners.isImmersionAt {n : ℕ} {x : H} : IsImmersionAt I (modelWithCornersSelf 𝕜 E) n I x,1,refine isImmersionAt.of_local_homeomorphism ...; intros x' y' hxy; unfold modelWithCornersSelf at hxy; rw [←hxy]; unfold modelWithCornersSelf; simp; apply localHomeomorphism.isImmersionAt_of_isOpenMap; intros U hu;,1.58,constrained,refine isImmersionAt.of_local_homeomorphism ...; intros x' y' hxy; unfold modelWithCornersSelf at hxy; rw [←hxy]; unfold modelWithCornersSelf; simp; apply localHomeomorphism.isImmersionAt_of_isOpenMap; intros U hu;,named,refine_tac,refine,True,isImmersionAt.of_local_homeomorphism;localHomeomorphism.isImmersionAt_of_isOpenMap,False,
93132,_root_,protected lemma _root_.ModelWithCorners.isImmersionAt {n : ℕ} {x : H} : IsImmersionAt I (modelWithCornersSelf 𝕜 E) n I x,2,use modelWithCornersSelfInjective,0.26,constrained,use modelWithCornersSelfInjective,named,use_tac,use,True,modelWithCornersSelfInjective,False,
93132,_root_,protected lemma _root_.ModelWithCorners.isImmersionAt {n : ℕ} {x : H} : IsImmersionAt I (modelWithCornersSelf 𝕜 E) n I x,3,unfreezeIhp sorry,0.17,constrained,unfreezeIhp sorry,fallback,generic_tac,unfreezeIhp,False,,True,
93132,_root_,protected lemma _root_.ModelWithCorners.isImmersionAt {n : ℕ} {x : H} : IsImmersionAt I (modelWithCornersSelf 𝕜 E) n I x,4,apply IsImmersionAt.ofInjectiveContinuousAt,0.28,constrained,apply IsImmersionAt.ofInjectiveContinuousAt,named,apply_tac,apply,True,IsImmersionAt.ofInjectiveContinuousAt,False,
93132,_root_,protected lemma _root_.ModelWithCorners.isImmersionAt {n : ℕ} {x : H} : IsImmersionAt I (modelWithCornersSelf 𝕜 E) n I x,5,refine isImmersionAt_of_locally_constant_linear_map _ _ _ _ _,0.47,constrained,refine isImmersionAt_of_locally_constant_linear_map _ _ _ _ _,named,refine_tac,refine,True,isImmersionAt_of_locally_constant_linear_map,False,
93132,_root_,protected lemma _root_.ModelWithCorners.isImmersionAt {n : ℕ} {x : H} : IsImmersionAt I (modelWithCornersSelf 𝕜 E) n I x,6,apply IsImmersionAt.modelWithCornersSelf,0.3,constrained,apply IsImmersionAt.modelWithCornersSelf,named,apply_tac,apply,True,,False,
93132,_root_,protected lemma _root_.ModelWithCorners.isImmersionAt {n : ℕ} {x : H} : IsImmersionAt I (modelWithCornersSelf 𝕜 E) n I x,7,apply modelWithCornersSelf_immersionAt,0.28,constrained,apply modelWithCornersSelf_immersionAt,named,apply_tac,apply,True,modelWithCornersSelf_immersionAt,False,
54921,isIso_iff,"lemma isIso_iff {X Y : C} (f : X ⟶ Y) : IsIso f ↔ ∀ i, IsIso ((F i).map f)",0,split_ifs with h_iso; constructor; intros i hi; apply hi; assumption; assumption; assumption; apply h_iso; assumption; assumption; done,0.8,constrained,split_ifs with h_iso; constructor; intros i hi; apply hi; assumption; assumption; assumption; apply h_iso; assumption; assumption; done,named,split_ifs_tac,split_ifs,True,done;h_iso,False,
54921,isIso_iff,"lemma isIso_iff {X Y : C} (f : X ⟶ Y) : IsIso f ↔ ∀ i, IsIso ((F i).map f)",1,casesI h Iso.equivalence iso.mk_iso_of_equiv iso.of_equivalence,0.42,constrained,casesI h Iso.equivalence iso.mk_iso_of_equiv iso.of_equivalence,named,cases_tac,casesI,False,iso.mk_iso_of_equiv,False,
54921,isIso_iff,"lemma isIso_iff {X Y : C} (f : X ⟶ Y) : IsIso f ↔ ∀ i, IsIso ((F i).map f)",2,rw [isIso_def],0.2,constrained,rw [isIso_def],named,rw_tac,rw,True,isIso_def,False,
54921,isIso_iff,"lemma isIso_iff {X Y : C} (f : X ⟶ Y) : IsIso f ↔ ∀ i, IsIso ((F i).map f)",3,split_ifs,0.13,constrained,split_ifs,named,split_ifs_tac,split_ifs,True,,False,
54921,isIso_iff,"lemma isIso_iff {X Y : C} (f : X ⟶ Y) : IsIso f ↔ ∀ i, IsIso ((F i).map f)",4,unfold isIso,0.13,constrained,unfold isIso,named,unfold_tac,unfold,True,,False,
54921,isIso_iff,"lemma isIso_iff {X Y : C} (f : X ⟶ Y) : IsIso f ↔ ∀ i, IsIso ((F i).map f)",5,rw [IsIso_def],0.2,constrained,rw [IsIso_def],named,rw_tac,rw,True,IsIso_def,False,
54921,isIso_iff,"lemma isIso_iff {X Y : C} (f : X ⟶ Y) : IsIso f ↔ ∀ i, IsIso ((F i).map f)",6,rw [isIso_def],0.21,constrained,rw [isIso_def],named,rw_tac,rw,True,isIso_def,False,
54921,isIso_iff,"lemma isIso_iff {X Y : C} (f : X ⟶ Y) : IsIso f ↔ ∀ i, IsIso ((F i).map f)",7,rw [isIso_def],0.21,constrained,rw [isIso_def],named,rw_tac,rw,True,isIso_def,False,
69986,comp,theorem comp₂ {f : γ → σ} {g : α → β → γ} (hf : Computable f) (hg : Computable₂ g) : Computable₂ fun a b => f (g a b),0,"intro hfhg, apply computable₂_comp₂ hf hg",0.38,constrained,"intro hfhg, apply computable₂_comp₂ hf hg",named,intro_tac,intro,True,_comp;hfhg,False,
69986,comp,theorem comp₂ {f : γ → σ} {g : α → β → γ} (hf : Computable f) (hg : Computable₂ g) : Computable₂ fun a b => f (g a b),1,unfold Computable Computable₂,0.21,constrained,unfold Computable Computable₂,named,unfold_tac,unfold,True,,False,
69986,comp,theorem comp₂ {f : γ → σ} {g : α → β → γ} (hf : Computable f) (hg : Computable₂ g) : Computable₂ fun a b => f (g a b),2,rw [Computable.def],0.21,constrained,rw [Computable.def],named,rw_tac,rw,True,,False,
69986,comp,theorem comp₂ {f : γ → σ} {g : α → β → γ} (hf : Computable f) (hg : Computable₂ g) : Computable₂ fun a b => f (g a b),3,intros hf hg; unfold Computable Computable₂; intros a b; specialize (hg a); apply hf; assumption,0.64,constrained,intros hf hg; unfold Computable Computable₂; intros a b; specialize (hg a); apply hf; assumption,named,intro_tac,intros,True,,False,
69986,comp,theorem comp₂ {f : γ → σ} {g : α → β → γ} (hf : Computable f) (hg : Computable₂ g) : Computable₂ fun a b => f (g a b),4,"use hf, hg",0.16,constrained,"use hf, hg",named,use_tac,use,True,,False,
69986,comp,theorem comp₂ {f : γ → σ} {g : α → β → γ} (hf : Computable f) (hg : Computable₂ g) : Computable₂ fun a b => f (g a b),5,"rw [Computable.def, Computable₂.def]",0.33,constrained,"rw [Computable.def, Computable₂.def]",named,rw_tac,rw,True,,False,
69986,comp,theorem comp₂ {f : γ → σ} {g : α → β → γ} (hf : Computable f) (hg : Computable₂ g) : Computable₂ fun a b => f (g a b),6,"induction hf, hg, intros a b, unfold Computable₂, refine computable₂_of_computable_fst (hf _), refine computable₂_of_computable_snd (hg _), unfold computable₂, intros c, rw [funext], intros d, specialize (hf c), specialize",1.57,constrained,"induction hf, hg, intros a b, unfold Computable₂, refine computable₂_of_computable_fst (hf _), refine computable₂_of_computable_snd (hg _), unfold computable₂, intros c, rw [funext], intros d, specialize (hf c), specialize",named,induction_tac,induction,True,,False,
69986,comp,theorem comp₂ {f : γ → σ} {g : α → β → γ} (hf : Computable f) (hg : Computable₂ g) : Computable₂ fun a b => f (g a b),7,"rw [Computable, Computable₂]",0.28,constrained,"rw [Computable, Computable₂]",named,rw_tac,rw,True,,False,
169878,Icc_mem_nhdsLE_of_mem,theorem Icc_mem_nhdsLE_of_mem (H : b ∈ Ioc a c) : Icc a c ∈ 𝓝[≤] b,0,use H.2,0.16,constrained,use H.2,named,use_tac,use,True,H.2,False,
169878,Icc_mem_nhdsLE_of_mem,theorem Icc_mem_nhdsLE_of_mem (H : b ∈ Ioc a c) : Icc a c ∈ 𝓝[≤] b,1,rw [Ioc_def] at H; rw [Icc_def]; exact nhdsLE_Icc_mem_of_mem_open_interval H.1 H.2.2,0.88,constrained,rw [Ioc_def] at H; rw [Icc_def]; exact nhdsLE_Icc_mem_of_mem_open_interval H.1 H.2.2,named,rw_tac,rw,True,H.1;H.2.2;nhdsLE_Icc_mem_of_mem_open_interval,False,
169878,Icc_mem_nhdsLE_of_mem,theorem Icc_mem_nhdsLE_of_mem (H : b ∈ Ioc a c) : Icc a c ∈ 𝓝[≤] b,2,use mem_Icc.,0.19,constrained,use mem_Icc.,named,use_tac,use,True,,False,
169878,Icc_mem_nhdsLE_of_mem,theorem Icc_mem_nhdsLE_of_mem (H : b ∈ Ioc a c) : Icc a c ∈ 𝓝[≤] b,3,rw [Icc_def],0.21,constrained,rw [Icc_def],named,rw_tac,rw,True,,False,
169878,Icc_mem_nhdsLE_of_mem,theorem Icc_mem_nhdsLE_of_mem (H : b ∈ Ioc a c) : Icc a c ∈ 𝓝[≤] b,4,"use [mem_Icc_of_le_mem_oc, mem_Ioc_of_mem_Icc, le_trans], H",0.59,constrained,"use [mem_Icc_of_le_mem_oc, mem_Ioc_of_mem_Icc, le_trans], H",named,use_tac,use,True,mem_Icc_of_le_mem_oc;mem_Ioc_of_mem_Icc,False,
169878,Icc_mem_nhdsLE_of_mem,theorem Icc_mem_nhdsLE_of_mem (H : b ∈ Ioc a c) : Icc a c ∈ 𝓝[≤] b,5,use H,0.12,constrained,use H,named,use_tac,use,True,,False,
169878,Icc_mem_nhdsLE_of_mem,theorem Icc_mem_nhdsLE_of_mem (H : b ∈ Ioc a c) : Icc a c ∈ 𝓝[≤] b,6,use H,0.11,constrained,use H,named,use_tac,use,True,,False,
169878,Icc_mem_nhdsLE_of_mem,theorem Icc_mem_nhdsLE_of_mem (H : b ∈ Ioc a c) : Icc a c ∈ 𝓝[≤] b,7,"use H.2, sorry",0.2,constrained,"use H.2, sorry",named,use_tac,use,True,H.2,True,
18717,sup_eq_half_smul_add_add_abs_sub,lemma sup_eq_half_smul_add_add_abs_sub (x y : M) : x ⊔ y = (⅟2 : R) • (x + y + |y - x|),0,simplify_goal,0.13,constrained,simplify_goal,named,simp_tac,simplify_goal,False,,False,
18717,sup_eq_half_smul_add_add_abs_sub,lemma sup_eq_half_smul_add_add_abs_sub (x y : M) : x ⊔ y = (⅟2 : R) • (x + y + |y - x|),1,rw [sup_eq_supr],0.23,constrained,rw [sup_eq_supr],named,rw_tac,rw,True,sup_eq_supr,False,
18717,sup_eq_half_smul_add_add_abs_sub,lemma sup_eq_half_smul_add_add_abs_sub (x y : M) : x ⊔ y = (⅟2 : R) • (x + y + |y - x|),2,rewrite Sup_def; unfold Sup; unfold add_mul; rewrite abs_of_le; apply le_antisymm; simp; intros h; apply le_trans; apply le_add_left; apply le_max_right; apply le_add_left; apply le_max_left; apply le_add_left; apply le_max_left; apply le_add,1.57,constrained,rewrite Sup_def; unfold Sup; unfold add_mul; rewrite abs_of_le; apply le_antisymm; simp; intros h; apply le_trans; apply le_add_left; apply le_max_right; apply le_add_left; apply le_max_left; apply le_add_left; apply le_max_left; apply le_add,fallback,generic_tac,rewrite,False,Sup;Sup_def;abs_of_le;le_max_left;le_max_right,False,
18717,sup_eq_half_smul_add_add_abs_sub,lemma sup_eq_half_smul_add_add_abs_sub (x y : M) : x ⊔ y = (⅟2 : R) • (x + y + |y - x|),3,rw [sup_def],0.18,constrained,rw [sup_def],named,rw_tac,rw,True,,False,
18717,sup_eq_half_smul_add_add_abs_sub,lemma sup_eq_half_smul_add_add_abs_sub (x y : M) : x ⊔ y = (⅟2 : R) • (x + y + |y - x|),4,rw [sup_def],0.18,constrained,rw [sup_def],named,rw_tac,rw,True,,False,
18717,sup_eq_half_smul_add_add_abs_sub,lemma sup_eq_half_smul_add_add_abs_sub (x y : M) : x ⊔ y = (⅟2 : R) • (x + y + |y - x|),5,ring,0.09,constrained,ring,named,ring_tac,ring,True,,False,
18717,sup_eq_half_smul_add_add_abs_sub,lemma sup_eq_half_smul_add_add_abs_sub (x y : M) : x ⊔ y = (⅟2 : R) • (x + y + |y - x|),6,rw [sup_def],0.18,constrained,rw [sup_def],named,rw_tac,rw,True,,False,
18717,sup_eq_half_smul_add_add_abs_sub,lemma sup_eq_half_smul_add_add_abs_sub (x y : M) : x ⊔ y = (⅟2 : R) • (x + y + |y - x|),7,ring,0.09,constrained,ring,named,ring_tac,ring,True,,False,
159680,ContinuousAt,theorem ContinuousAt.mul_const (hf : ContinuousAt f x) (b : M) : ContinuousAt (f · * b) x,0,apply continuousAt_mul_continuous; assumption,0.22,constrained,apply continuousAt_mul_continuous; assumption,named,apply_tac,apply,True,continuousAt_mul_continuous,False,
159680,ContinuousAt,theorem ContinuousAt.mul_const (hf : ContinuousAt f x) (b : M) : ContinuousAt (f · * b) x,1,rw [continuousAt_mul_const],0.23,constrained,rw [continuousAt_mul_const],named,rw_tac,rw,True,,False,
159680,ContinuousAt,theorem ContinuousAt.mul_const (hf : ContinuousAt f x) (b : M) : ContinuousAt (f · * b) x,2,rw [ContinuousAt],0.18,constrained,rw [ContinuousAt],named,rw_tac,rw,True,,False,
159680,ContinuousAt,theorem ContinuousAt.mul_const (hf : ContinuousAt f x) (b : M) : ContinuousAt (f · * b) x,3,rw [ContinuousAt],0.18,constrained,rw [ContinuousAt],named,rw_tac,rw,True,,False,
159680,ContinuousAt,theorem ContinuousAt.mul_const (hf : ContinuousAt f x) (b : M) : ContinuousAt (f · * b) x,4,use continuousAt_mul_const,0.18,constrained,use continuousAt_mul_const,named,use_tac,use,True,,False,
159680,ContinuousAt,theorem ContinuousAt.mul_const (hf : ContinuousAt f x) (b : M) : ContinuousAt (f · * b) x,5,refine continuousAt_mul hf (continuousAt_const b),0.35,constrained,refine continuousAt_mul hf (continuousAt_const b),named,refine_tac,refine,True,,False,
159680,ContinuousAt,theorem ContinuousAt.mul_const (hf : ContinuousAt f x) (b : M) : ContinuousAt (f · * b) x,6,rw [ContinuousAt.def] at hf *; simp only [mul_assoc]; exact hf.mul_right b,0.56,constrained,rw [ContinuousAt.def] at hf *; simp only [mul_assoc]; exact hf.mul_right b,named,rw_tac,rw,True,,False,
159680,ContinuousAt,theorem ContinuousAt.mul_const (hf : ContinuousAt f x) (b : M) : ContinuousAt (f · * b) x,7,apply continuousAt_mul_continuousAt_const,0.23,constrained,apply continuousAt_mul_continuousAt_const,named,apply_tac,apply,True,continuousAt_mul_continuousAt_const,False,
166455,disjoint_nhdsSet_cobounded,theorem disjoint_nhdsSet_cobounded {s : Set α} (hs : IsCompact s) : Disjoint (𝓝ˢ s) (cobounded α),0,contradiction,0.13,constrained,contradiction,fallback,generic_tac,contradiction,True,,False,
166455,disjoint_nhdsSet_cobounded,theorem disjoint_nhdsSet_cobounded {s : Set α} (hs : IsCompact s) : Disjoint (𝓝ˢ s) (cobounded α),1,use hs.compact_disjoint_cobounded_set,0.3,constrained,use hs.compact_disjoint_cobounded_set,named,use_tac,use,True,hs.compact_disjoint_cobounded_set,False,
166455,disjoint_nhdsSet_cobounded,theorem disjoint_nhdsSet_cobounded {s : Set α} (hs : IsCompact s) : Disjoint (𝓝ˢ s) (cobounded α),2,rw [disjoint_iff_empty_inter],0.26,constrained,rw [disjoint_iff_empty_inter],named,rw_tac,rw,True,disjoint_iff_empty_inter,False,
166455,disjoint_nhdsSet_cobounded,theorem disjoint_nhdsSet_cobounded {s : Set α} (hs : IsCompact s) : Disjoint (𝓝ˢ s) (cobounded α),3,rw [disjoint],0.18,constrained,rw [disjoint],named,rw_tac,rw,True,,False,
166455,disjoint_nhdsSet_cobounded,theorem disjoint_nhdsSet_cobounded {s : Set α} (hs : IsCompact s) : Disjoint (𝓝ˢ s) (cobounded α),4,"intro hsnbd, rw [Disjoint.mem_mem], cases hsnbd, have hsnbd' := nhds_subset hsnbd, specialize hs.isClosed_of_compact hsnbd', have hbnd := cobounded_bounded Cobounded.unbounded, linarith, sorry",1.45,constrained,"intro hsnbd, rw [Disjoint.mem_mem], cases hsnbd, have hsnbd' := nhds_subset hsnbd, specialize hs.isClosed_of_compact hsnbd', have hbnd := cobounded_bounded Cobounded.unbounded, linarith, sorry",named,intro_tac,intro,True,Cobounded.unbounded;Disjoint.mem_mem;cobounded_bounded;hbnd;hs.isClosed_of_compact;hsnbd;hsnbd';nhds_subset,True,
166455,disjoint_nhdsSet_cobounded,theorem disjoint_nhdsSet_cobounded {s : Set α} (hs : IsCompact s) : Disjoint (𝓝ˢ s) (cobounded α),5,rw [disjoint_def],0.21,constrained,rw [disjoint_def],named,rw_tac,rw,True,,False,
166455,disjoint_nhdsSet_cobounded,theorem disjoint_nhdsSet_cobounded {s : Set α} (hs : IsCompact s) : Disjoint (𝓝ˢ s) (cobounded α),6,use disjoint_of_compact_and_cobounded hs cobounded_unbounded,0.4,constrained,use disjoint_of_compact_and_cobounded hs cobounded_unbounded,named,use_tac,use,True,cobounded_unbounded;disjoint_of_compact_and_cobounded,False,
166455,disjoint_nhdsSet_cobounded,theorem disjoint_nhdsSet_cobounded {s : Set α} (hs : IsCompact s) : Disjoint (𝓝ˢ s) (cobounded α),7,apply hs.closure_compact_inter_cobounded; simp [disjoint],0.45,constrained,apply hs.closure_compact_inter_cobounded; simp [disjoint],named,apply_tac,apply,True,hs.closure_compact_inter_cobounded,False,
44862,explicitCokernel_hom_ext,theorem explicitCokernel_hom_ext {X Y Z : SemiNormedGrp.{u}} {f : X ⟶ Y} (e₁ e₂ : explicitCokernel f ⟶ Z) (h : explicitCokernelπ f ≫ e₁ = explicitCokernelπ f ≫ e₂) : e₁ = e₂,0,rw [←cokernelHom_ext],0.29,constrained,rw [←cokernelHom_ext],named,rw_tac,rw,True,cokernelHom_ext,False,
44862,explicitCokernel_hom_ext,theorem explicitCokernel_hom_ext {X Y Z : SemiNormedGrp.{u}} {f : X ⟶ Y} (e₁ e₂ : explicitCokernel f ⟶ Z) (h : explicitCokernelπ f ≫ e₁ = explicitCokernelπ f ≫ e₂) : e₁ = e₂,1,congr hoist h sorry,0.21,constrained,congr hoist h sorry,named,congr_tac,congr,True,hoist,True,
44862,explicitCokernel_hom_ext,theorem explicitCokernel_hom_ext {X Y Z : SemiNormedGrp.{u}} {f : X ⟶ Y} (e₁ e₂ : explicitCokernel f ⟶ Z) (h : explicitCokernelπ f ≫ e₁ = explicitCokernelπ f ≫ e₂) : e₁ = e₂,2,ext x,0.1,constrained,ext x,named,ext_tac,ext,True,,False,
44862,explicitCokernel_hom_ext,theorem explicitCokernel_hom_ext {X Y Z : SemiNormedGrp.{u}} {f : X ⟶ Y} (e₁ e₂ : explicitCokernel f ⟶ Z) (h : explicitCokernelπ f ≫ e₁ = explicitCokernelπ f ≫ e₂) : e₁ = e₂,3,rw [explicitCokernel_hom.ext],0.27,constrained,rw [explicitCokernel_hom.ext],named,rw_tac,rw,True,,False,
44862,explicitCokernel_hom_ext,theorem explicitCokernel_hom_ext {X Y Z : SemiNormedGrp.{u}} {f : X ⟶ Y} (e₁ e₂ : explicitCokernel f ⟶ Z) (h : explicitCokernelπ f ≫ e₁ = explicitCokernelπ f ≫ e₂) : e₁ = e₂,4,ext x,0.11,constrained,ext x,named,ext_tac,ext,True,,False,
44862,explicitCokernel_hom_ext,theorem explicitCokernel_hom_ext {X Y Z : SemiNormedGrp.{u}} {f : X ⟶ Y} (e₁ e₂ : explicitCokernel f ⟶ Z) (h : explicitCokernelπ f ≫ e₁ = explicitCokernelπ f ≫ e₂) : e₁ = e₂,5,ext x,0.11,constrained,ext x,named,ext_tac,ext,True,,False,
44862,explicitCokernel_hom_ext,theorem explicitCokernel_hom_ext {X Y Z : SemiNormedGrp.{u}} {f : X ⟶ Y} (e₁ e₂ : explicitCokernel f ⟶ Z) (h : explicitCokernelπ f ≫ e₁ = explicitCokernelπ f ≫ e₂) : e₁ = e₂,6,rw [hom_ext],0.18,constrained,rw [hom_ext],named,rw_tac,rw,True,,False,
44862,explicitCokernel_hom_ext,theorem explicitCokernel_hom_ext {X Y Z : SemiNormedGrp.{u}} {f : X ⟶ Y} (e₁ e₂ : explicitCokernel f ⟶ Z) (h : explicitCokernelπ f ≫ e₁ = explicitCokernelπ f ≫ e₂) : e₁ = e₂,7,rw [explicitCokernel_hom_ext],0.28,constrained,rw [explicitCokernel_hom_ext],named,rw_tac,rw,True,,False,
167621,preimage_ball,theorem preimage_ball (a : {a // p a}) (r : ℝ) : Subtype.val ⁻¹' (ball a.1 r) = ball a r,0,ext x,0.45,unconstrained,ext x,named,ext_tac,ext,True,,False,
167621,preimage_ball,theorem preimage_ball (a : {a // p a}) (r : ℝ) : Subtype.val ⁻¹' (ball a.1 r) = ball a r,1,rw [preimage_const],0.18,unconstrained,rw [preimage_const],named,rw_tac,rw,True,,False,
167621,preimage_ball,theorem preimage_ball (a : {a // p a}) (r : ℝ) : Subtype.val ⁻¹' (ball a.1 r) = ball a r,2,rw [Subtype.preimage_coe],0.25,unconstrained,rw [Subtype.preimage_coe],named,rw_tac,rw,True,,False,
167621,preimage_ball,theorem preimage_ball (a : {a // p a}) (r : ℝ) : Subtype.val ⁻¹' (ball a.1 r) = ball a r,3,ext x hx,0.11,unconstrained,ext x hx,named,ext_tac,ext,True,hx,False,
167621,preimage_ball,theorem preimage_ball (a : {a // p a}) (r : ℝ) : Subtype.val ⁻¹' (ball a.1 r) = ball a r,4,rw [preimage_subtype_val],0.21,unconstrained,rw [preimage_subtype_val],named,rw_tac,rw,True,preimage_subtype_val,False,
167621,preimage_ball,theorem preimage_ball (a : {a // p a}) (r : ℝ) : Subtype.val ⁻¹' (ball a.1 r) = ball a r,5,rw [preimage_subtype_val],0.21,unconstrained,rw [preimage_subtype_val],named,rw_tac,rw,True,preimage_subtype_val,False,
167621,preimage_ball,theorem preimage_ball (a : {a // p a}) (r : ℝ) : Subtype.val ⁻¹' (ball a.1 r) = ball a r,6,rw [Subtype.coe_eq_coe],0.28,unconstrained,rw [Subtype.coe_eq_coe],named,rw_tac,rw,True,,False,
167621,preimage_ball,theorem preimage_ball (a : {a // p a}) (r : ℝ) : Subtype.val ⁻¹' (ball a.1 r) = ball a r,7,ext x,0.09,unconstrained,ext x,named,ext_tac,ext,True,,False,
29184,Q_idem,theorem Q_idem (q : ℕ) : (Q q : K[X] ⟶ K[X]) ≫ Q q = Q q,0,refl,0.09,unconstrained,refl,fallback,generic_tac,refl,False,,False,
29184,Q_idem,theorem Q_idem (q : ℕ) : (Q q : K[X] ⟶ K[X]) ≫ Q q = Q q,1,`apply comp_idem`,0.18,unconstrained,`apply comp_idem`,parse_fail,"No terminal matches '`' in the current parser context, at line 1 col 1",<punct>,True,comp_idem,False,
29184,Q_idem,theorem Q_idem (q : ℕ) : (Q q : K[X] ⟶ K[X]) ≫ Q q = Q q,2,rw [Q_comp_Q],0.19,unconstrained,rw [Q_comp_Q],named,rw_tac,rw,True,Q_comp_Q,False,
29184,Q_idem,theorem Q_idem (q : ℕ) : (Q q : K[X] ⟶ K[X]) ≫ Q q = Q q,3,rw [← categoryTheory.comp.id_right],0.26,unconstrained,rw [← categoryTheory.comp.id_right],named,rw_tac,rw,True,,False,
29184,Q_idem,theorem Q_idem (q : ℕ) : (Q q : K[X] ⟶ K[X]) ≫ Q q = Q q,4,rw [id_comp_idem],0.21,unconstrained,rw [id_comp_idem],named,rw_tac,rw,True,id_comp_idem,False,
29184,Q_idem,theorem Q_idem (q : ℕ) : (Q q : K[X] ⟶ K[X]) ≫ Q q = Q q,5,`rw [functor.comp_id]`,0.26,unconstrained,`rw [functor.comp_id]`,parse_fail,"No terminal matches '`' in the current parser context, at line 1 col 1",<punct>,True,,False,
29184,Q_idem,theorem Q_idem (q : ℕ) : (Q q : K[X] ⟶ K[X]) ≫ Q q = Q q,6,rw [category.id_comp],0.18,unconstrained,rw [category.id_comp],named,rw_tac,rw,True,,False,
29184,Q_idem,theorem Q_idem (q : ℕ) : (Q q : K[X] ⟶ K[X]) ≫ Q q = Q q,7,apply Q_idem',0.16,unconstrained,apply Q_idem',named,apply_tac,apply,True,Q_idem',False,
6556,card_pow_le,"lemma card_pow_le : ∀ {n}, #(s ^ n) ≤ #s ^ n | 0 => by simp | n + 1 => by rw [pow_succ, pow_succ]; refine card_mul_le.trans (by gcongr; exact card_pow_le) @[to_additive] theorem mul_univ_of_one_mem [Fintype α] (hs : (1 : α) ∈ s) : s * univ = univ",0,by induction n,0.11,unconstrained,by induction n,fallback,generic_tac,by,False,,False,
6556,card_pow_le,"lemma card_pow_le : ∀ {n}, #(s ^ n) ≤ #s ^ n | 0 => by simp | n + 1 => by rw [pow_succ, pow_succ]; refine card_mul_le.trans (by gcongr; exact card_pow_le) @[to_additive] theorem mul_univ_of_one_mem [Fintype α] (hs : (1 : α) ∈ s) : s * univ = univ",1,`intro h`,0.14,unconstrained,`intro h`,parse_fail,"No terminal matches '`' in the current parser context, at line 1 col 1",<punct>,True,,False,
6556,card_pow_le,"lemma card_pow_le : ∀ {n}, #(s ^ n) ≤ #s ^ n | 0 => by simp | n + 1 => by rw [pow_succ, pow_succ]; refine card_mul_le.trans (by gcongr; exact card_pow_le) @[to_additive] theorem mul_univ_of_one_mem [Fintype α] (hs : (1 : α) ∈ s) : s * univ = univ",2,ring,0.07,unconstrained,ring,named,ring_tac,ring,True,,False,
6556,card_pow_le,"lemma card_pow_le : ∀ {n}, #(s ^ n) ≤ #s ^ n | 0 => by simp | n + 1 => by rw [pow_succ, pow_succ]; refine card_mul_le.trans (by gcongr; exact card_pow_le) @[to_additive] theorem mul_univ_of_one_mem [Fintype α] (hs : (1 : α) ∈ s) : s * univ = univ",3,"by induction n with n ih; simp; cases n; simp; rw [pow_succ, pow_succ]; refine card_mul_le.trans (by gcongr; exact ih); unfold univ; congr' 1",1.11,unconstrained,"by induction n with n ih; simp; cases n; simp; rw [pow_succ, pow_succ]; refine card_mul_le.trans (by gcongr; exact ih); unfold univ; congr' 1",fallback,generic_tac,by,False,,False,
6556,card_pow_le,"lemma card_pow_le : ∀ {n}, #(s ^ n) ≤ #s ^ n | 0 => by simp | n + 1 => by rw [pow_succ, pow_succ]; refine card_mul_le.trans (by gcongr; exact card_pow_le) @[to_additive] theorem mul_univ_of_one_mem [Fintype α] (hs : (1 : α) ∈ s) : s * univ = univ",4,`simp`,0.11,unconstrained,`simp`,parse_fail,"No terminal matches '`' in the current parser context, at line 1 col 1",<punct>,True,,False,
6556,card_pow_le,"lemma card_pow_le : ∀ {n}, #(s ^ n) ≤ #s ^ n | 0 => by simp | n + 1 => by rw [pow_succ, pow_succ]; refine card_mul_le.trans (by gcongr; exact card_pow_le) @[to_additive] theorem mul_univ_of_one_mem [Fintype α] (hs : (1 : α) ∈ s) : s * univ = univ",5,rw [mul_univ_eq_univ_of_one_mem hs],0.35,unconstrained,rw [mul_univ_eq_univ_of_one_mem hs],named,rw_tac,rw,True,mul_univ_eq_univ_of_one_mem,False,
6556,card_pow_le,"lemma card_pow_le : ∀ {n}, #(s ^ n) ≤ #s ^ n | 0 => by simp | n + 1 => by rw [pow_succ, pow_succ]; refine card_mul_le.trans (by gcongr; exact card_pow_le) @[to_additive] theorem mul_univ_of_one_mem [Fintype α] (hs : (1 : α) ∈ s) : s * univ = univ",6,simp,0.07,unconstrained,simp,named,simp_tac,simp,True,,False,
6556,card_pow_le,"lemma card_pow_le : ∀ {n}, #(s ^ n) ≤ #s ^ n | 0 => by simp | n + 1 => by rw [pow_succ, pow_succ]; refine card_mul_le.trans (by gcongr; exact card_pow_le) @[to_additive] theorem mul_univ_of_one_mem [Fintype α] (hs : (1 : α) ∈ s) : s * univ = univ",7,"induction n with h₁ | h₂ ih₁ ih₂ =>
  · simp
  · rw [pow_succ, pow_succ]
    refine card_mul_le.trans (by gcongr; exact ih₂)
    apply to_additive' mul_univ_of_one_mem
    assumption",1.46,unconstrained,induction n with h₁ | h₂ ih₁ ih₂ =>,named,induction_tac,induction,True,,False,multiline:6
72097,addLECancellable_of_lt_top,lemma addLECancellable_of_lt_top : a < ⊤ → AddLECancellable a,0,`intro hlt`,0.16,unconstrained,`intro hlt`,parse_fail,"No terminal matches '`' in the current parser context, at line 1 col 1",<punct>,True,,False,
72097,addLECancellable_of_lt_top,lemma addLECancellable_of_lt_top : a < ⊤ → AddLECancellable a,1,"intro hlt, refine AddLECancellable.mk _ _, assume x y hx hy eq, rw [eq], linarith",0.61,unconstrained,"intro hlt, refine AddLECancellable.mk _ _, assume x y hx hy eq, rw [eq], linarith",named,intro_tac,intro,True,hx;hy,False,
72097,addLECancellable_of_lt_top,lemma addLECancellable_of_lt_top : a < ⊤ → AddLECancellable a,2,`intro hlt`,0.16,unconstrained,`intro hlt`,parse_fail,"No terminal matches '`' in the current parser context, at line 1 col 1",<punct>,True,,False,
72097,addLECancellable_of_lt_top,lemma addLECancellable_of_lt_top : a < ⊤ → AddLECancellable a,3,`rw [AddLECancellable.of_lt_top]`,0.3,unconstrained,`rw [AddLECancellable.of_lt_top]`,parse_fail,"No terminal matches '`' in the current parser context, at line 1 col 1",<punct>,True,AddLECancellable.of_lt_top,False,
72097,addLECancellable_of_lt_top,lemma addLECancellable_of_lt_top : a < ⊤ → AddLECancellable a,4,"`use (λ b, by linarith)`",0.28,unconstrained,"`use (λ b, by linarith)`",parse_fail,"No terminal matches '`' in the current parser context, at line 1 col 1",<punct>,True,,False,
72097,addLECancellable_of_lt_top,lemma addLECancellable_of_lt_top : a < ⊤ → AddLECancellable a,5,`rw [lt_top]`,0.21,unconstrained,`rw [lt_top]`,parse_fail,"No terminal matches '`' in the current parser context, at line 1 col 1",<punct>,True,,False,
72097,addLECancellable_of_lt_top,lemma addLECancellable_of_lt_top : a < ⊤ → AddLECancellable a,6,`intros hlt`,0.16,unconstrained,`intros hlt`,parse_fail,"No terminal matches '`' in the current parser context, at line 1 col 1",<punct>,True,,False,
72097,addLECancellable_of_lt_top,lemma addLECancellable_of_lt_top : a < ⊤ → AddLECancellable a,7,` intros hlt; unfold AddLECancellable; rw [add_le_cancel_left]`,0.47,unconstrained,` intros hlt; unfold AddLECancellable; rw [add_le_cancel_left]`,parse_fail,"No terminal matches '`' in the current parser context, at line 1 col 1",<punct>,True,AddLECancellable;add_le_cancel_left,False,
64196,inv_whiskerRight,theorem inv_whiskerRight {G H : C ⥤ D} (α : G ⟶ H) (F : D ⥤ E) [IsIso α] : inv (whiskerRight α F) = whiskerRight (inv α) F,0,`rw [inv_comp]`,0.21,unconstrained,`rw [inv_comp]`,parse_fail,"No terminal matches '`' in the current parser context, at line 1 col 1",<punct>,True,,False,
64196,inv_whiskerRight,theorem inv_whiskerRight {G H : C ⥤ D} (α : G ⟶ H) (F : D ⥤ E) [IsIso α] : inv (whiskerRight α F) = whiskerRight (inv α) F,1,unfold whiskerRight,0.13,unconstrained,unfold whiskerRight,named,unfold_tac,unfold,True,,False,
64196,inv_whiskerRight,theorem inv_whiskerRight {G H : C ⥤ D} (α : G ⟶ H) (F : D ⥤ E) [IsIso α] : inv (whiskerRight α F) = whiskerRight (inv α) F,2,unfold whiskerRight inv.IsIso.inv,0.26,unconstrained,unfold whiskerRight inv.IsIso.inv,named,unfold_tac,unfold,True,,False,
64196,inv_whiskerRight,theorem inv_whiskerRight {G H : C ⥤ D} (α : G ⟶ H) (F : D ⥤ E) [IsIso α] : inv (whiskerRight α F) = whiskerRight (inv α) F,3,use is_iso_inv_apply,0.16,unconstrained,use is_iso_inv_apply,named,use_tac,use,True,is_iso_inv_apply,False,
64196,inv_whiskerRight,theorem inv_whiskerRight {G H : C ⥤ D} (α : G ⟶ H) (F : D ⥤ E) [IsIso α] : inv (whiskerRight α F) = whiskerRight (inv α) F,4,"rw [inv_comp, comp_whiskerRight]",0.31,unconstrained,"rw [inv_comp, comp_whiskerRight]",named,rw_tac,rw,True,,False,
64196,inv_whiskerRight,theorem inv_whiskerRight {G H : C ⥤ D} (α : G ⟶ H) (F : D ⥤ E) [IsIso α] : inv (whiskerRight α F) = whiskerRight (inv α) F,5,rewrite whiskerRight_inv',0.19,unconstrained,rewrite whiskerRight_inv',fallback,generic_tac,rewrite,False,whiskerRight_inv',False,
64196,inv_whiskerRight,theorem inv_whiskerRight {G H : C ⥤ D} (α : G ⟶ H) (F : D ⥤ E) [IsIso α] : inv (whiskerRight α F) = whiskerRight (inv α) F,6,rw [inv_comp],0.16,unconstrained,rw [inv_comp],named,rw_tac,rw,True,,False,
64196,inv_whiskerRight,theorem inv_whiskerRight {G H : C ⥤ D} (α : G ⟶ H) (F : D ⥤ E) [IsIso α] : inv (whiskerRight α F) = whiskerRight (inv α) F,7,rw [whiskerRight_comp_assoc],0.26,unconstrained,rw [whiskerRight_comp_assoc],named,rw_tac,rw,True,whiskerRight_comp_assoc,False,
58513,isUniversalColimit_extendCofan,"theorem isUniversalColimit_extendCofan {n : ℕ} (f : Fin (n + 1) → C) {c₁ : Cofan fun i : Fin n ↦ f i.succ} {c₂ : BinaryCofan (f 0) c₁.pt} (t₁ : IsUniversalColimit c₁) (t₂ : IsUniversalColimit c₂) [∀ {Z} (i : Z ⟶ c₂.pt), HasPullback c₂.inr i] : IsUniversalColimit (extendCofan c₁ c₂)",0,`apply isUniversalColimit_extendCofan_step1`,0.37,unconstrained,`apply isUniversalColimit_extendCofan_step1`,parse_fail,"No terminal matches '`' in the current parser context, at line 1 col 1",<punct>,True,isUniversalColimit_extendCofan_step1,False,
58513,isUniversalColimit_extendCofan,"theorem isUniversalColimit_extendCofan {n : ℕ} (f : Fin (n + 1) → C) {c₁ : Cofan fun i : Fin n ↦ f i.succ} {c₂ : BinaryCofan (f 0) c₁.pt} (t₁ : IsUniversalColimit c₁) (t₂ : IsUniversalColimit c₂) [∀ {Z} (i : Z ⟶ c₂.pt), HasPullback c₂.inr i] : IsUniversalColimit (extendCofan c₁ c₂)",1,`apply isUniversalColimit.extendCofan`,0.3,unconstrained,`apply isUniversalColimit.extendCofan`,parse_fail,"No terminal matches '`' in the current parser context, at line 1 col 1",<punct>,True,,False,
58513,isUniversalColimit_extendCofan,"theorem isUniversalColimit_extendCofan {n : ℕ} (f : Fin (n + 1) → C) {c₁ : Cofan fun i : Fin n ↦ f i.succ} {c₂ : BinaryCofan (f 0) c₁.pt} (t₁ : IsUniversalColimit c₁) (t₂ : IsUniversalColimit c₂) [∀ {Z} (i : Z ⟶ c₂.pt), HasPullback c₂.inr i] : IsUniversalColimit (extendCofan c₁ c₂)",2,`cases t₁; cases t₂`,0.26,unconstrained,`cases t₁; cases t₂`,parse_fail,"No terminal matches '`' in the current parser context, at line 1 col 1",<punct>,True,,False,
58513,isUniversalColimit_extendCofan,"theorem isUniversalColimit_extendCofan {n : ℕ} (f : Fin (n + 1) → C) {c₁ : Cofan fun i : Fin n ↦ f i.succ} {c₂ : BinaryCofan (f 0) c₁.pt} (t₁ : IsUniversalColimit c₁) (t₂ : IsUniversalColimit c₂) [∀ {Z} (i : Z ⟶ c₂.pt), HasPullback c₂.inr i] : IsUniversalColimit (extendCofan c₁ c₂)",3,"induction t₁, t₂ using λ _, λ _, classical, intros, apply isUniversalColimit_of_isNatural and isNatural_of_extendCofan_colimit, assumption, simp, intros, exact hasPullback_of_extendCofan_colimit, assumption, simp, intros, exact hasPushout_of",1.54,unconstrained,"induction t₁, t₂ using λ _, λ _, classical, intros, apply isUniversalColimit_of_isNatural and isNatural_of_extendCofan_colimit, assumption, simp, intros, exact hasPullback_of_extendCofan_colimit, assumption, simp, intros, exact hasPushout_of",named,induction_tac,induction,True,hasPullback_of_extendCofan_colimit;hasPushout_of;isNatural_of_extendCofan_colimit;isUniversalColimit_of_isNatural,False,
58513,isUniversalColimit_extendCofan,"theorem isUniversalColimit_extendCofan {n : ℕ} (f : Fin (n + 1) → C) {c₁ : Cofan fun i : Fin n ↦ f i.succ} {c₂ : BinaryCofan (f 0) c₁.pt} (t₁ : IsUniversalColimit c₁) (t₂ : IsUniversalColimit c₂) [∀ {Z} (i : Z ⟶ c₂.pt), HasPullback c₂.inr i] : IsUniversalColimit (extendCofan c₁ c₂)",4,exact isUniversalColimit.extend_cofan t₁ t₂,0.35,unconstrained,exact isUniversalColimit.extend_cofan t₁ t₂,named,exact_tac,exact,True,isUniversalColimit.extend_cofan,False,
58513,isUniversalColimit_extendCofan,"theorem isUniversalColimit_extendCofan {n : ℕ} (f : Fin (n + 1) → C) {c₁ : Cofan fun i : Fin n ↦ f i.succ} {c₂ : BinaryCofan (f 0) c₁.pt} (t₁ : IsUniversalColimit c₁) (t₂ : IsUniversalColimit c₂) [∀ {Z} (i : Z ⟶ c₂.pt), HasPullback c₂.inr i] : IsUniversalColimit (extendCofan c₁ c₂)",5,unfold extendCofan at *,0.21,unconstrained,unfold extendCofan at *,named,unfold_tac,unfold,True,,False,
58513,isUniversalColimit_extendCofan,"theorem isUniversalColimit_extendCofan {n : ℕ} (f : Fin (n + 1) → C) {c₁ : Cofan fun i : Fin n ↦ f i.succ} {c₂ : BinaryCofan (f 0) c₁.pt} (t₁ : IsUniversalColimit c₁) (t₂ : IsUniversalColimit c₂) [∀ {Z} (i : Z ⟶ c₂.pt), HasPullback c₂.inr i] : IsUniversalColimit (extendCofan c₁ c₂)",6,rw [IsUniversalColimit.def],0.23,unconstrained,rw [IsUniversalColimit.def],named,rw_tac,rw,True,,False,
58513,isUniversalColimit_extendCofan,"theorem isUniversalColimit_extendCofan {n : ℕ} (f : Fin (n + 1) → C) {c₁ : Cofan fun i : Fin n ↦ f i.succ} {c₂ : BinaryCofan (f 0) c₁.pt} (t₁ : IsUniversalColimit c₁) (t₂ : IsUniversalColimit c₂) [∀ {Z} (i : Z ⟶ c₂.pt), HasPullback c₂.inr i] : IsUniversalColimit (extendCofan c₁ c₂)",7,unfold extendCofan; apply t₁; apply t₂; intro Z; intro i; unfold HasPullback; intros h; apply h; apply t₂; assumption; finish.,1.01,unconstrained,unfold extendCofan; apply t₁; apply t₂; intro Z; intro i; unfold HasPullback; intros h; apply h; apply t₂; assumption; finish.,named,unfold_tac,unfold,True,,False,
36579,iteratedDeriv_succ',theorem iteratedDeriv_succ' : iteratedDeriv (n + 1) f = iteratedDeriv n (deriv f),0,induction n with d hd ih; unfold iteratedDeriv; rw [hd]; simp [ih],0.57,unconstrained,induction n with d hd ih; unfold iteratedDeriv; rw [hd]; simp [ih],named,induction_tac,induction,True,hd,False,
36579,iteratedDeriv_succ',theorem iteratedDeriv_succ' : iteratedDeriv (n + 1) f = iteratedDeriv n (deriv f),1,induction n with | zero => simp | succ m => by rw [iteratedDeriv_succ]; simp; apply ih,0.61,unconstrained,induction n with | zero => simp | succ m => by rw [iteratedDeriv_succ]; simp; apply ih,named,induction_tac,induction,True,,False,
36579,iteratedDeriv_succ',theorem iteratedDeriv_succ' : iteratedDeriv (n + 1) f = iteratedDeriv n (deriv f),2,"unfold iteratedDeriv, deriv, succ",0.25,unconstrained,"unfold iteratedDeriv, deriv, succ",named,unfold_tac,unfold,True,,False,
36579,iteratedDeriv_succ',theorem iteratedDeriv_succ' : iteratedDeriv (n + 1) f = iteratedDeriv n (deriv f),3,rw [iteratedDeriv_succ],0.21,unconstrained,rw [iteratedDeriv_succ],named,rw_tac,rw,True,,False,
36579,iteratedDeriv_succ',theorem iteratedDeriv_succ' : iteratedDeriv (n + 1) f = iteratedDeriv n (deriv f),4,`induction n with n ih`,0.23,unconstrained,`induction n with n ih`,parse_fail,"No terminal matches '`' in the current parser context, at line 1 col 1",<punct>,True,,False,
36579,iteratedDeriv_succ',theorem iteratedDeriv_succ' : iteratedDeriv (n + 1) f = iteratedDeriv n (deriv f),5,"induction n with n ih; simp [iteratedDeriv, deriv, ih]",0.44,unconstrained,"induction n with n ih; simp [iteratedDeriv, deriv, ih]",named,induction_tac,induction,True,,False,
36579,iteratedDeriv_succ',theorem iteratedDeriv_succ' : iteratedDeriv (n + 1) f = iteratedDeriv n (deriv f),6,rewrite iteratedDeriv.simps,0.18,unconstrained,rewrite iteratedDeriv.simps,fallback,generic_tac,rewrite,False,iteratedDeriv.simps,False,
36579,iteratedDeriv_succ',theorem iteratedDeriv_succ' : iteratedDeriv (n + 1) f = iteratedDeriv n (deriv f),7,"induction n with | zero => simp | succ n ih =>
  have h₁ : deriv (iteratedDeriv n f) = iteratedDeriv (n + 1) f := by ring
  rw [h₁] at ih
  simp [ih]
```",1.4,unconstrained,induction n with | zero => simp | succ n ih =>,named,induction_tac,induction,True,,False,multiline:4
26868,X_eq_iff,lemma X_eq_iff {P Q : Fin 3 → F} (hPz : P z ≠ 0) (hQz : Q z ≠ 0) : P x * Q z ^ 2 = Q x * P z ^ 2 ↔ P x / P z ^ 2 = Q x / Q z ^ 2,0,ring_theory.field_div_cancel_left P z hPz,0.33,unconstrained,ring_theory.field_div_cancel_left P z hPz,fallback,generic_tac,ring_theory,False,field_div_cancel_left,False,
26868,X_eq_iff,lemma X_eq_iff {P Q : Fin 3 → F} (hPz : P z ≠ 0) (hQz : Q z ≠ 0) : P x * Q z ^ 2 = Q x * P z ^ 2 ↔ P x / P z ^ 2 = Q x / Q z ^ 2,1,rw [eq_div],0.16,unconstrained,rw [eq_div],named,rw_tac,rw,True,eq_div,False,
26868,X_eq_iff,lemma X_eq_iff {P Q : Fin 3 → F} (hPz : P z ≠ 0) (hQz : Q z ≠ 0) : P x * Q z ^ 2 = Q x * P z ^ 2 ↔ P x / P z ^ 2 = Q x / Q z ^ 2,2,rw [eq_div],0.16,unconstrained,rw [eq_div],named,rw_tac,rw,True,eq_div,False,
26868,X_eq_iff,lemma X_eq_iff {P Q : Fin 3 → F} (hPz : P z ≠ 0) (hQz : Q z ≠ 0) : P x * Q z ^ 2 = Q x * P z ^ 2 ↔ P x / P z ^ 2 = Q x / Q z ^ 2,3,ring_rw [mul_pow_cancel_left] at *; simp,0.32,unconstrained,ring_rw [mul_pow_cancel_left] at *; simp,fallback,generic_tac,ring_rw,False,mul_pow_cancel_left,False,
26868,X_eq_iff,lemma X_eq_iff {P Q : Fin 3 → F} (hPz : P z ≠ 0) (hQz : Q z ≠ 0) : P x * Q z ^ 2 = Q x * P z ^ 2 ↔ P x / P z ^ 2 = Q x / Q z ^ 2,4,rw [mul_assoc],0.16,unconstrained,rw [mul_assoc],named,rw_tac,rw,True,,False,
26868,X_eq_iff,lemma X_eq_iff {P Q : Fin 3 → F} (hPz : P z ≠ 0) (hQz : Q z ≠ 0) : P x * Q z ^ 2 = Q x * P z ^ 2 ↔ P x / P z ^ 2 = Q x / Q z ^ 2,5,`rw [← div_mul_cancel hPz]`,0.33,unconstrained,`rw [← div_mul_cancel hPz]`,parse_fail,"No terminal matches '`' in the current parser context, at line 1 col 1",<punct>,True,,False,
26868,X_eq_iff,lemma X_eq_iff {P Q : Fin 3 → F} (hPz : P z ≠ 0) (hQz : Q z ≠ 0) : P x * Q z ^ 2 = Q x * P z ^ 2 ↔ P x / P z ^ 2 = Q x / Q z ^ 2,6,rewrite eq_div_cancel_right,0.16,unconstrained,rewrite eq_div_cancel_right,fallback,generic_tac,rewrite,False,eq_div_cancel_right,False,
26868,X_eq_iff,lemma X_eq_iff {P Q : Fin 3 → F} (hPz : P z ≠ 0) (hQz : Q z ≠ 0) : P x * Q z ^ 2 = Q x * P z ^ 2 ↔ P x / P z ^ 2 = Q x / Q z ^ 2,7,divide_left_cancel_nonzero hPz hQz,0.3,unconstrained,divide_left_cancel_nonzero hPz hQz,fallback,generic_tac,divide_left_cancel_nonzero,False,,False,
142964,extended_le_one_of_le_one,theorem extended_le_one_of_le_one (hI : I ≤ 1) : extended L hf I ≤ 1,0,rw [extended_le_one],0.19,unconstrained,rw [extended_le_one],named,rw_tac,rw,True,extended_le_one,False,
142964,extended_le_one_of_le_one,theorem extended_le_one_of_le_one (hI : I ≤ 1) : extended L hf I ≤ 1,1,use hI,0.11,unconstrained,use hI,named,use_tac,use,True,,False,
142964,extended_le_one_of_le_one,theorem extended_le_one_of_le_one (hI : I ≤ 1) : extended L hf I ≤ 1,2,"refine $ λ x, by simp [extended_def] at *; linarith",0.44,unconstrained,"refine $ λ x, by simp [extended_def] at *; linarith",named,refine_tac,refine,True,extended_def,False,
142964,extended_le_one_of_le_one,theorem extended_le_one_of_le_one (hI : I ≤ 1) : extended L hf I ≤ 1,3,"use hI, hf, I",0.2,unconstrained,"use hI, hf, I",named,use_tac,use,True,,False,
142964,extended_le_one_of_le_one,theorem extended_le_one_of_le_one (hI : I ≤ 1) : extended L hf I ≤ 1,4,`rw [extended_le]`,0.2,unconstrained,`rw [extended_le]`,parse_fail,"No terminal matches '`' in the current parser context, at line 1 col 1",<punct>,True,extended_le,False,
142964,extended_le_one_of_le_one,theorem extended_le_one_of_le_one (hI : I ≤ 1) : extended L hf I ≤ 1,5,rw [extended_def],0.16,unconstrained,rw [extended_def],named,rw_tac,rw,True,extended_def,False,
142964,extended_le_one_of_le_one,theorem extended_le_one_of_le_one (hI : I ≤ 1) : extended L hf I ≤ 1,6,`use hI`,0.16,unconstrained,`use hI`,parse_fail,"No terminal matches '`' in the current parser context, at line 1 col 1",<punct>,True,,False,
142964,extended_le_one_of_le_one,theorem extended_le_one_of_le_one (hI : I ≤ 1) : extended L hf I ≤ 1,7,`rw [extended_le_one]`,0.23,unconstrained,`rw [extended_le_one]`,parse_fail,"No terminal matches '`' in the current parser context, at line 1 col 1",<punct>,True,extended_le_one,False,
22790,succ_signVariations_X_sub_C_mul_monomial,lemma succ_signVariations_X_sub_C_mul_monomial {d c} (hc : c ≠ 0) (hη : 0 < η) : (monomial d c).signVariations + 1 ≤ ((X - C η) * monomial d c).signVariations,0,simplify,0.09,unconstrained,simplify,named,simp_tac,simplify,False,,False,
22790,succ_signVariations_X_sub_C_mul_monomial,lemma succ_signVariations_X_sub_C_mul_monomial {d c} (hc : c ≠ 0) (hη : 0 < η) : (monomial d c).signVariations + 1 ≤ ((X - C η) * monomial d c).signVariations,1,`rw [mul_distrib_right]`,0.25,unconstrained,`rw [mul_distrib_right]`,parse_fail,"No terminal matches '`' in the current parser context, at line 1 col 1",<punct>,True,mul_distrib_right,False,
22790,succ_signVariations_X_sub_C_mul_monomial,lemma succ_signVariations_X_sub_C_mul_monomial {d c} (hc : c ≠ 0) (hη : 0 < η) : (monomial d c).signVariations + 1 ≤ ((X - C η) * monomial d c).signVariations,2,`rw [mul_signVariations]`,0.25,unconstrained,`rw [mul_signVariations]`,parse_fail,"No terminal matches '`' in the current parser context, at line 1 col 1",<punct>,True,mul_signVariations,False,
22790,succ_signVariations_X_sub_C_mul_monomial,lemma succ_signVariations_X_sub_C_mul_monomial {d c} (hc : c ≠ 0) (hη : 0 < η) : (monomial d c).signVariations + 1 ≤ ((X - C η) * monomial d c).signVariations,3,unfold monomial signVariations; ring; linarith; specialize (signVariations_add_le ((X - C η) * monomial d c) (monomial d c)); unfold signVariations; rw [← signVariations_mul]; linarith; assumption,1.35,unconstrained,unfold monomial signVariations; ring; linarith; specialize (signVariations_add_le ((X - C η) * monomial d c) (monomial d c)); unfold signVariations; rw [← signVariations_mul]; linarith; assumption,named,unfold_tac,unfold,True,signVariations_add_le;signVariations_mul,False,
22790,succ_signVariations_X_sub_C_mul_monomial,lemma succ_signVariations_X_sub_C_mul_monomial {d c} (hc : c ≠ 0) (hη : 0 < η) : (monomial d c).signVariations + 1 ≤ ((X - C η) * monomial d c).signVariations,4,`simplify`,0.11,unconstrained,`simplify`,parse_fail,"No terminal matches '`' in the current parser context, at line 1 col 1",<punct>,True,simplify,False,
22790,succ_signVariations_X_sub_C_mul_monomial,lemma succ_signVariations_X_sub_C_mul_monomial {d c} (hc : c ≠ 0) (hη : 0 < η) : (monomial d c).signVariations + 1 ≤ ((X - C η) * monomial d c).signVariations,5,simplify,0.09,unconstrained,simplify,named,simp_tac,simplify,False,,False,
22790,succ_signVariations_X_sub_C_mul_monomial,lemma succ_signVariations_X_sub_C_mul_monomial {d c} (hc : c ≠ 0) (hη : 0 < η) : (monomial d c).signVariations + 1 ≤ ((X - C η) * monomial d c).signVariations,6,`rewrite mul_distrib_left`,0.21,unconstrained,`rewrite mul_distrib_left`,parse_fail,"No terminal matches '`' in the current parser context, at line 1 col 1",<punct>,True,mul_distrib_left,False,
22790,succ_signVariations_X_sub_C_mul_monomial,lemma succ_signVariations_X_sub_C_mul_monomial {d c} (hc : c ≠ 0) (hη : 0 < η) : (monomial d c).signVariations + 1 ≤ ((X - C η) * monomial d c).signVariations,7,`unfold signVariations mul_polynomial`,0.25,unconstrained,`unfold signVariations mul_polynomial`,parse_fail,"No terminal matches '`' in the current parser context, at line 1 col 1",<punct>,True,,False,
154794,type_set_le,theorem type_set_le [LinearOrder α] [WellFoundedLT α] (s : Set α) : typeLT s ≤ typeLT α,0,`rw [typeLT_card_eq_typeLT];`,0.3,unconstrained,`rw [typeLT_card_eq_typeLT];`,parse_fail,"No terminal matches '`' in the current parser context, at line 1 col 1",<punct>,True,typeLT_card_eq_typeLT,False,
154794,type_set_le,theorem type_set_le [LinearOrder α] [WellFoundedLT α] (s : Set α) : typeLT s ≤ typeLT α,1,`rw [typeLT_eq_wellFoundedLT]`,0.32,unconstrained,`rw [typeLT_eq_wellFoundedLT]`,parse_fail,"No terminal matches '`' in the current parser context, at line 1 col 1",<punct>,True,typeLT_eq_wellFoundedLT,False,
154794,type_set_le,theorem type_set_le [LinearOrder α] [WellFoundedLT α] (s : Set α) : typeLT s ≤ typeLT α,2,`use subtypeRel`,0.16,unconstrained,`use subtypeRel`,parse_fail,"No terminal matches '`' in the current parser context, at line 1 col 1",<punct>,True,subtypeRel,False,
154794,type_set_le,theorem type_set_le [LinearOrder α] [WellFoundedLT α] (s : Set α) : typeLT s ≤ typeLT α,3,`rw [typeLT_def]`,0.23,unconstrained,`rw [typeLT_def]`,parse_fail,"No terminal matches '`' in the current parser context, at line 1 col 1",<punct>,True,typeLT_def,False,
154794,type_set_le,theorem type_set_le [LinearOrder α] [WellFoundedLT α] (s : Set α) : typeLT s ≤ typeLT α,4,"induction alpha_well_founded as [α_wf | α_wf_induction α_lt] <;> simp [typeLT]
| apply α_wf_induction
| simp [typeLT]",0.99,unconstrained,induction alpha_well_founded as [α_wf | α_wf_induction α_lt] <;> simp [typeLT],named,induction_tac,induction,True,alpha_well_founded;as;typeLT;α_lt;α_wf;α_wf_induction,False,multiline:3
154794,type_set_le,theorem type_set_le [LinearOrder α] [WellFoundedLT α] (s : Set α) : typeLT s ≤ typeLT α,5,`rw [typeLT]`,0.21,unconstrained,`rw [typeLT]`,parse_fail,"No terminal matches '`' in the current parser context, at line 1 col 1",<punct>,True,typeLT,False,
154794,type_set_le,theorem type_set_le [LinearOrder α] [WellFoundedLT α] (s : Set α) : typeLT s ≤ typeLT α,6,rw [typeLT_card],0.18,unconstrained,rw [typeLT_card],named,rw_tac,rw,True,typeLT_card,False,
154794,type_set_le,theorem type_set_le [LinearOrder α] [WellFoundedLT α] (s : Set α) : typeLT s ≤ typeLT α,7,`rw [typeLT]`,0.2,unconstrained,`rw [typeLT]`,parse_fail,"No terminal matches '`' in the current parser context, at line 1 col 1",<punct>,True,typeLT,False,
110604,condExp_stronglyMeasurable_simpleFunc_bilin,theorem condExp_stronglyMeasurable_simpleFunc_bilin [CompleteSpace E] (hm : m ≤ mΩ) (f : @SimpleFunc Ω m F) {g : Ω → E} (hg : Integrable g μ) : μ[fun ω ↦ B (f ω) (g ω) | m] =ᵐ[μ] fun ω ↦ B (f ω) (μ[g | m] ω),0,rw [condExp_stronglyMeasurable_simpleFunc_bilin'],0.41,unconstrained,rw [condExp_stronglyMeasurable_simpleFunc_bilin'],named,rw_tac,rw,True,condExp_stronglyMeasurable_simpleFunc_bilin',False,
110604,condExp_stronglyMeasurable_simpleFunc_bilin,theorem condExp_stronglyMeasurable_simpleFunc_bilin [CompleteSpace E] (hm : m ≤ mΩ) (f : @SimpleFunc Ω m F) {g : Ω → E} (hg : Integrable g μ) : μ[fun ω ↦ B (f ω) (g ω) | m] =ᵐ[μ] fun ω ↦ B (f ω) (μ[g | m] ω),1,intro hmeas; unfold SimpleFunc.map; apply condExp_stronglyMeasurable_simpleFunc_univ; assumption,0.61,unconstrained,intro hmeas; unfold SimpleFunc.map; apply condExp_stronglyMeasurable_simpleFunc_univ; assumption,named,intro_tac,intro,True,condExp_stronglyMeasurable_simpleFunc_univ;hmeas,False,
110604,condExp_stronglyMeasurable_simpleFunc_bilin,theorem condExp_stronglyMeasurable_simpleFunc_bilin [CompleteSpace E] (hm : m ≤ mΩ) (f : @SimpleFunc Ω m F) {g : Ω → E} (hg : Integrable g μ) : μ[fun ω ↦ B (f ω) (g ω) | m] =ᵐ[μ] fun ω ↦ B (f ω) (μ[g | m] ω),2,have hB_cont := continuous_comp (continuous_id ∘ f) hg.continuous; sorry,0.52,unconstrained,have hB_cont := continuous_comp (continuous_id ∘ f) hg.continuous; sorry,named,have_tac,have,True,hB_cont,True,
110604,condExp_stronglyMeasurable_simpleFunc_bilin,theorem condExp_stronglyMeasurable_simpleFunc_bilin [CompleteSpace E] (hm : m ≤ mΩ) (f : @SimpleFunc Ω m F) {g : Ω → E} (hg : Integrable g μ) : μ[fun ω ↦ B (f ω) (g ω) | m] =ᵐ[μ] fun ω ↦ B (f ω) (μ[g | m] ω),3,change goal to apply `strongly_measurable_B`,0.3,unconstrained,change goal to apply `strongly_measurable_B`,named,change_tac,change,True,goal;strongly_measurable_B,False,
110604,condExp_stronglyMeasurable_simpleFunc_bilin,theorem condExp_stronglyMeasurable_simpleFunc_bilin [CompleteSpace E] (hm : m ≤ mΩ) (f : @SimpleFunc Ω m F) {g : Ω → E} (hg : Integrable g μ) : μ[fun ω ↦ B (f ω) (g ω) | m] =ᵐ[μ] fun ω ↦ B (f ω) (μ[g | m] ω),4,`rw [condExp_stronglyMeasurable_simpleFunc_bilin]`,0.45,unconstrained,`rw [condExp_stronglyMeasurable_simpleFunc_bilin]`,parse_fail,"No terminal matches '`' in the current parser context, at line 1 col 1",<punct>,True,,False,
110604,condExp_stronglyMeasurable_simpleFunc_bilin,theorem condExp_stronglyMeasurable_simpleFunc_bilin [CompleteSpace E] (hm : m ≤ mΩ) (f : @SimpleFunc Ω m F) {g : Ω → E} (hg : Integrable g μ) : μ[fun ω ↦ B (f ω) (g ω) | m] =ᵐ[μ] fun ω ↦ B (f ω) (μ[g | m] ω),5,`rw [condExp_def]`,0.23,unconstrained,`rw [condExp_def]`,parse_fail,"No terminal matches '`' in the current parser context, at line 1 col 1",<punct>,True,condExp_def,False,
110604,condExp_stronglyMeasurable_simpleFunc_bilin,theorem condExp_stronglyMeasurable_simpleFunc_bilin [CompleteSpace E] (hm : m ≤ mΩ) (f : @SimpleFunc Ω m F) {g : Ω → E} (hg : Integrable g μ) : μ[fun ω ↦ B (f ω) (g ω) | m] =ᵐ[μ] fun ω ↦ B (f ω) (μ[g | m] ω),6,apply measure_theory.simple_func.lintegral_eq_ae' _ _; simp only [measure_theory.ae_measure_eq_integral],0.69,unconstrained,apply measure_theory.simple_func.lintegral_eq_ae' _ _; simp only [measure_theory.ae_measure_eq_integral],named,apply_tac,apply,True,measure_theory.ae_measure_eq_integral;measure_theory.simple_func.lintegral_eq_ae',False,
110604,condExp_stronglyMeasurable_simpleFunc_bilin,theorem condExp_stronglyMeasurable_simpleFunc_bilin [CompleteSpace E] (hm : m ≤ mΩ) (f : @SimpleFunc Ω m F) {g : Ω → E} (hg : Integrable g μ) : μ[fun ω ↦ B (f ω) (g ω) | m] =ᵐ[μ] fun ω ↦ B (f ω) (μ[g | m] ω),7,rw [condExp_stronglyMeasurable_simpleFunc_bilin'],0.4,unconstrained,rw [condExp_stronglyMeasurable_simpleFunc_bilin'],named,rw_tac,rw,True,condExp_stronglyMeasurable_simpleFunc_bilin',False,
8331,isLeftCancelMul,protected lemma isLeftCancelMul [Mul β] [IsLeftCancelMul β] : letI,0,`unfold IsLeftCancelMul`,0.21,unconstrained,`unfold IsLeftCancelMul`,parse_fail,"No terminal matches '`' in the current parser context, at line 1 col 1",<punct>,True,IsLeftCancelMul,False,
8331,isLeftCancelMul,protected lemma isLeftCancelMul [Mul β] [IsLeftCancelMul β] : letI,1,apply IsLeftCancelMul.leftCancelMul,0.23,unconstrained,apply IsLeftCancelMul.leftCancelMul,named,apply_tac,apply,True,IsLeftCancelMul.leftCancelMul,False,
8331,isLeftCancelMul,protected lemma isLeftCancelMul [Mul β] [IsLeftCancelMul β] : letI,2,`unfold IsLeftCancelMul`,0.2,unconstrained,`unfold IsLeftCancelMul`,parse_fail,"No terminal matches '`' in the current parser context, at line 1 col 1",<punct>,True,IsLeftCancelMul,False,
8331,isLeftCancelMul,protected lemma isLeftCancelMul [Mul β] [IsLeftCancelMul β] : letI,3,`apply IsLeftCancelMul.left_cancel_mul`,0.27,unconstrained,`apply IsLeftCancelMul.left_cancel_mul`,parse_fail,"No terminal matches '`' in the current parser context, at line 1 col 1",<punct>,True,IsLeftCancelMul.left_cancel_mul,False,
8331,isLeftCancelMul,protected lemma isLeftCancelMul [Mul β] [IsLeftCancelMul β] : letI,4,`apply is_left_cancel_mul`,0.21,unconstrained,`apply is_left_cancel_mul`,parse_fail,"No terminal matches '`' in the current parser context, at line 1 col 1",<punct>,True,is_left_cancel_mul,False,
8331,isLeftCancelMul,protected lemma isLeftCancelMul [Mul β] [IsLeftCancelMul β] : letI,5,`unfold IsLeftCancelMul`,0.21,unconstrained,`unfold IsLeftCancelMul`,parse_fail,"No terminal matches '`' in the current parser context, at line 1 col 1",<punct>,True,IsLeftCancelMul,False,
8331,isLeftCancelMul,protected lemma isLeftCancelMul [Mul β] [IsLeftCancelMul β] : letI,6,`use left_cancel_mul`,0.18,unconstrained,`use left_cancel_mul`,parse_fail,"No terminal matches '`' in the current parser context, at line 1 col 1",<punct>,True,left_cancel_mul,False,
8331,isLeftCancelMul,protected lemma isLeftCancelMul [Mul β] [IsLeftCancelMul β] : letI,7,`intro`,0.11,unconstrained,`intro`,parse_fail,"No terminal matches '`' in the current parser context, at line 1 col 1",<punct>,True,,False,
7811,powers_one,lemma powers_one : powers (1 : M) = ⊥,0,`rw [powers_eq_bot]`,0.23,unconstrained,`rw [powers_eq_bot]`,parse_fail,"No terminal matches '`' in the current parser context, at line 1 col 1",<punct>,True,powers_eq_bot,False,
7811,powers_one,lemma powers_one : powers (1 : M) = ⊥,1,`norm_num`,0.13,unconstrained,`norm_num`,parse_fail,"No terminal matches '`' in the current parser context, at line 1 col 1",<punct>,True,,False,
7811,powers_one,lemma powers_one : powers (1 : M) = ⊥,2,"`use bot`
",0.13,unconstrained,`use bot`,parse_fail,"No terminal matches '`' in the current parser context, at line 1 col 1",<punct>,True,,False,
7811,powers_one,lemma powers_one : powers (1 : M) = ⊥,3,`unfold powers`,0.13,unconstrained,`unfold powers`,parse_fail,"No terminal matches '`' in the current parser context, at line 1 col 1",<punct>,True,,False,
7811,powers_one,lemma powers_one : powers (1 : M) = ⊥,4,rw [powers],0.13,unconstrained,rw [powers],named,rw_tac,rw,True,,False,
7811,powers_one,lemma powers_one : powers (1 : M) = ⊥,5,`rw [powers_one]`,0.2,unconstrained,`rw [powers_one]`,parse_fail,"No terminal matches '`' in the current parser context, at line 1 col 1",<punct>,True,,False,
7811,powers_one,lemma powers_one : powers (1 : M) = ⊥,6,rw [powers_eq_bot],0.18,unconstrained,rw [powers_eq_bot],named,rw_tac,rw,True,powers_eq_bot,False,
7811,powers_one,lemma powers_one : powers (1 : M) = ⊥,7,rw [powers],0.13,unconstrained,rw [powers],named,rw_tac,rw,True,,False,
24561,map_comap_eq,theorem map_comap_eq (f : R →+* S) (t : Subring S) : (t.comap f).map f = t ⊓ f.range,0,rw [comap_map],0.19,unconstrained,rw [comap_map],named,rw_tac,rw,True,,False,
24561,map_comap_eq,theorem map_comap_eq (f : R →+* S) (t : Subring S) : (t.comap f).map f = t ⊓ f.range,1,`rw [comap_map]`,0.23,unconstrained,`rw [comap_map]`,parse_fail,"No terminal matches '`' in the current parser context, at line 1 col 1",<punct>,True,,False,
24561,map_comap_eq,theorem map_comap_eq (f : R →+* S) (t : Subring S) : (t.comap f).map f = t ⊓ f.range,2,unfold comap map; unfold inf_set; congr',0.3,unconstrained,unfold comap map; unfold inf_set; congr',named,unfold_tac,unfold,True,inf_set,False,
24561,map_comap_eq,theorem map_comap_eq (f : R →+* S) (t : Subring S) : (t.comap f).map f = t ⊓ f.range,3,rw [comap_map],0.18,unconstrained,rw [comap_map],named,rw_tac,rw,True,,False,
24561,map_comap_eq,theorem map_comap_eq (f : R →+* S) (t : Subring S) : (t.comap f).map f = t ⊓ f.range,4,rw [comap_map],0.18,unconstrained,rw [comap_map],named,rw_tac,rw,True,,False,
24561,map_comap_eq,theorem map_comap_eq (f : R →+* S) (t : Subring S) : (t.comap f).map f = t ⊓ f.range,5,rw [comap_map],0.18,unconstrained,rw [comap_map],named,rw_tac,rw,True,,False,
24561,map_comap_eq,theorem map_comap_eq (f : R →+* S) (t : Subring S) : (t.comap f).map f = t ⊓ f.range,6,rw [map_comap],0.18,unconstrained,rw [map_comap],named,rw_tac,rw,True,,False,
24561,map_comap_eq,theorem map_comap_eq (f : R →+* S) (t : Subring S) : (t.comap f).map f = t ⊓ f.range,7,rw [comap_map],0.18,unconstrained,rw [comap_map],named,rw_tac,rw,True,,False,
57314,kernelIsoOfEq_hom_comp_,theorem kernelIsoOfEq_hom_comp_ι {f g : X ⟶ Y} [HasKernel f] [HasKernel g] (h : f = g) : (kernelIsoOfEq h).hom ≫ kernel.ι g = kernel.ι f,0,rw [←h],0.16,unconstrained,rw [←h],named,rw_tac,rw,True,,False,
57314,kernelIsoOfEq_hom_comp_,theorem kernelIsoOfEq_hom_comp_ι {f g : X ⟶ Y} [HasKernel f] [HasKernel g] (h : f = g) : (kernelIsoOfEq h).hom ≫ kernel.ι g = kernel.ι f,1,rw [h],0.14,unconstrained,rw [h],named,rw_tac,rw,True,,False,
57314,kernelIsoOfEq_hom_comp_,theorem kernelIsoOfEq_hom_comp_ι {f g : X ⟶ Y} [HasKernel f] [HasKernel g] (h : f = g) : (kernelIsoOfEq h).hom ≫ kernel.ι g = kernel.ι f,2,rw [← eq_to_hom h],0.23,unconstrained,rw [← eq_to_hom h],named,rw_tac,rw,True,eq_to_hom,False,
57314,kernelIsoOfEq_hom_comp_,theorem kernelIsoOfEq_hom_comp_ι {f g : X ⟶ Y} [HasKernel f] [HasKernel g] (h : f = g) : (kernelIsoOfEq h).hom ≫ kernel.ι g = kernel.ι f,3,`rw [h]`,0.18,unconstrained,`rw [h]`,parse_fail,"No terminal matches '`' in the current parser context, at line 1 col 1",<punct>,True,,False,
57314,kernelIsoOfEq_hom_comp_,theorem kernelIsoOfEq_hom_comp_ι {f g : X ⟶ Y} [HasKernel f] [HasKernel g] (h : f = g) : (kernelIsoOfEq h).hom ≫ kernel.ι g = kernel.ι f,4,"`have H : kernelIsoOfEq h = kernelIsoOfEq (id : X ⟶ Y), simp [H, kernelIsoOfEq_hom_comp_ι]`",0.9,unconstrained,"`have H : kernelIsoOfEq h = kernelIsoOfEq (id : X ⟶ Y), simp [H, kernelIsoOfEq_hom_comp_ι]`",parse_fail,"No terminal matches '`' in the current parser context, at line 1 col 1",<punct>,True,,False,
57314,kernelIsoOfEq_hom_comp_,theorem kernelIsoOfEq_hom_comp_ι {f g : X ⟶ Y} [HasKernel f] [HasKernel g] (h : f = g) : (kernelIsoOfEq h).hom ≫ kernel.ι g = kernel.ι f,5,rw [←kernelIsoOfEq_eq_of_hom_ext h],0.36,unconstrained,rw [←kernelIsoOfEq_eq_of_hom_ext h],named,rw_tac,rw,True,kernelIsoOfEq_eq_of_hom_ext,False,
57314,kernelIsoOfEq_hom_comp_,theorem kernelIsoOfEq_hom_comp_ι {f g : X ⟶ Y} [HasKernel f] [HasKernel g] (h : f = g) : (kernelIsoOfEq h).hom ≫ kernel.ι g = kernel.ι f,6,rw [kernelIsoOfEq],0.21,unconstrained,rw [kernelIsoOfEq],named,rw_tac,rw,True,,False,
57314,kernelIsoOfEq_hom_comp_,theorem kernelIsoOfEq_hom_comp_ι {f g : X ⟶ Y} [HasKernel f] [HasKernel g] (h : f = g) : (kernelIsoOfEq h).hom ≫ kernel.ι g = kernel.ι f,7,rw [h],0.14,unconstrained,rw [h],named,rw_tac,rw,True,,False,
60990,unop_comp,theorem unop_comp {X Y Z : Cᵒᵖ} {f : X ⟶ Y} {g : Y ⟶ Z} : (f ≫ g).unop = g.unop ≫ f.unop,0,funext h x,0.14,unconstrained,funext h x,named,ext_tac,funext,True,,False,
60990,unop_comp,theorem unop_comp {X Y Z : Cᵒᵖ} {f : X ⟶ Y} {g : Y ⟶ Z} : (f ≫ g).unop = g.unop ≫ f.unop,1,rewrite Functor.flip_id_right,0.16,unconstrained,rewrite Functor.flip_id_right,fallback,generic_tac,rewrite,False,Functor.flip_id_right,False,
60990,unop_comp,theorem unop_comp {X Y Z : Cᵒᵖ} {f : X ⟶ Y} {g : Y ⟶ Z} : (f ≫ g).unop = g.unop ≫ f.unop,2,rewrite assoc_comp_op_unop,0.18,unconstrained,rewrite assoc_comp_op_unop,fallback,generic_tac,rewrite,False,assoc_comp_op_unop,False,
60990,unop_comp,theorem unop_comp {X Y Z : Cᵒᵖ} {f : X ⟶ Y} {g : Y ⟶ Z} : (f ≫ g).unop = g.unop ≫ f.unop,3,rewrite op_comp_assoc,0.14,unconstrained,rewrite op_comp_assoc,fallback,generic_tac,rewrite,False,,False,
60990,unop_comp,theorem unop_comp {X Y Z : Cᵒᵖ} {f : X ⟶ Y} {g : Y ⟶ Z} : (f ≫ g).unop = g.unop ≫ f.unop,4,unop_comp_assoc,0.14,unconstrained,unop_comp_assoc,fallback,generic_tac,unop_comp_assoc,False,,False,
60990,unop_comp,theorem unop_comp {X Y Z : Cᵒᵖ} {f : X ⟶ Y} {g : Y ⟶ Z} : (f ≫ g).unop = g.unop ≫ f.unop,5,`rw [category_theory.compose_unop]`,0.3,unconstrained,`rw [category_theory.compose_unop]`,parse_fail,"No terminal matches '`' in the current parser context, at line 1 col 1",<punct>,True,category_theory.compose_unop,False,
60990,unop_comp,theorem unop_comp {X Y Z : Cᵒᵖ} {f : X ⟶ Y} {g : Y ⟶ Z} : (f ≫ g).unop = g.unop ≫ f.unop,6,rewrite assoc,0.09,unconstrained,rewrite assoc,fallback,generic_tac,rewrite,False,,False,
60990,unop_comp,theorem unop_comp {X Y Z : Cᵒᵖ} {f : X ⟶ Y} {g : Y ⟶ Z} : (f ≫ g).unop = g.unop ≫ f.unop,7,congr',0.11,unconstrained,congr',named,congr_tac,congr',False,,False,
132475,image_mulSingle_Ioo_right,theorem image_mulSingle_Ioo_right (i : ι) (b : α i) : Pi.mulSingle i '' Ioo 1 b = Ioo 1 (Pi.mulSingle i b),0,"casesI b; simp only [image_mulSingle_singleton]; unfold Ioo; casesI h; simp only [Pi.mulSingle_insert, insert_eq_of_mem]",0.83,unconstrained,"casesI b; simp only [image_mulSingle_singleton]; unfold Ioo; casesI h; simp only [Pi.mulSingle_insert, insert_eq_of_mem]",named,cases_tac,casesI,False,Pi.mulSingle_insert;casesI;image_mulSingle_singleton,False,
132475,image_mulSingle_Ioo_right,theorem image_mulSingle_Ioo_right (i : ι) (b : α i) : Pi.mulSingle i '' Ioo 1 b = Ioo 1 (Pi.mulSingle i b),1,`rw [image_mulSingle_Ioo_left]`,0.3,unconstrained,`rw [image_mulSingle_Ioo_left]`,parse_fail,"No terminal matches '`' in the current parser context, at line 1 col 1",<punct>,True,,False,
132475,image_mulSingle_Ioo_right,theorem image_mulSingle_Ioo_right (i : ι) (b : α i) : Pi.mulSingle i '' Ioo 1 b = Ioo 1 (Pi.mulSingle i b),2,unfold Pi.mulSingle; unfold Ioo; simp; apply Set.image_congr; intros x hx; simp at hx; exact hx; simp,0.73,unconstrained,unfold Pi.mulSingle; unfold Ioo; simp; apply Set.image_congr; intros x hx; simp at hx; exact hx; simp,named,unfold_tac,unfold,True,,False,
132475,image_mulSingle_Ioo_right,theorem image_mulSingle_Ioo_right (i : ι) (b : α i) : Pi.mulSingle i '' Ioo 1 b = Ioo 1 (Pi.mulSingle i b),3,rw [Pi.mulSingle_Ioo],0.23,unconstrained,rw [Pi.mulSingle_Ioo],named,rw_tac,rw,True,Pi.mulSingle_Ioo,False,
132475,image_mulSingle_Ioo_right,theorem image_mulSingle_Ioo_right (i : ι) (b : α i) : Pi.mulSingle i '' Ioo 1 b = Ioo 1 (Pi.mulSingle i b),4,unfold image_mulSingle_Ioo_right,0.21,unconstrained,unfold image_mulSingle_Ioo_right,named,unfold_tac,unfold,True,,False,
132475,image_mulSingle_Ioo_right,theorem image_mulSingle_Ioo_right (i : ι) (b : α i) : Pi.mulSingle i '' Ioo 1 b = Ioo 1 (Pi.mulSingle i b),5,rw [Pi.mulSingle_def],0.21,unconstrained,rw [Pi.mulSingle_def],named,rw_tac,rw,True,Pi.mulSingle_def,False,
132475,image_mulSingle_Ioo_right,theorem image_mulSingle_Ioo_right (i : ι) (b : α i) : Pi.mulSingle i '' Ioo 1 b = Ioo 1 (Pi.mulSingle i b),6,`rw [image_mulSingle_Ioo_left]`,0.3,unconstrained,`rw [image_mulSingle_Ioo_left]`,parse_fail,"No terminal matches '`' in the current parser context, at line 1 col 1",<punct>,True,,False,
132475,image_mulSingle_Ioo_right,theorem image_mulSingle_Ioo_right (i : ι) (b : α i) : Pi.mulSingle i '' Ioo 1 b = Ioo 1 (Pi.mulSingle i b),7,rw [Pi.mulSingle_def],0.2,unconstrained,rw [Pi.mulSingle_def],named,rw_tac,rw,True,Pi.mulSingle_def,False,
157815,t1Space_iff,theorem t1Space_iff : T1Space (G ⧸ N) ↔ IsClosed (N : Set G),0,"unfold T1Space IsClosed, rw [T1Space_quotient]",0.43,unconstrained,"unfold T1Space IsClosed, rw [T1Space_quotient]",named,unfold_tac,unfold,True,T1Space;T1Space_quotient,False,
157815,t1Space_iff,theorem t1Space_iff : T1Space (G ⧸ N) ↔ IsClosed (N : Set G),1,`intro h; unfold T1Space IsClosed`,0.3,unconstrained,`intro h; unfold T1Space IsClosed`,parse_fail,"No terminal matches '`' in the current parser context, at line 1 col 1",<punct>,True,T1Space,False,
157815,t1Space_iff,theorem t1Space_iff : T1Space (G ⧸ N) ↔ IsClosed (N : Set G),2,rw [t1Space_def],0.2,unconstrained,rw [t1Space_def],named,rw_tac,rw,True,t1Space_def,False,
157815,t1Space_iff,theorem t1Space_iff : T1Space (G ⧸ N) ↔ IsClosed (N : Set G),3,rw [T1Space_def],0.21,unconstrained,rw [T1Space_def],named,rw_tac,rw,True,T1Space_def,False,
157815,t1Space_iff,theorem t1Space_iff : T1Space (G ⧸ N) ↔ IsClosed (N : Set G),4,apply t1_space_equiv_is_closed_preimage; intros h; simp [h],0.44,unconstrained,apply t1_space_equiv_is_closed_preimage; intros h; simp [h],named,apply_tac,apply,True,t1_space_equiv_is_closed_preimage,False,
157815,t1Space_iff,theorem t1Space_iff : T1Space (G ⧸ N) ↔ IsClosed (N : Set G),5,rw [t1Space_def],0.21,unconstrained,rw [t1Space_def],named,rw_tac,rw,True,t1Space_def,False,
157815,t1Space_iff,theorem t1Space_iff : T1Space (G ⧸ N) ↔ IsClosed (N : Set G),6,rw [t1Space_def],0.21,unconstrained,rw [t1Space_def],named,rw_tac,rw,True,t1Space_def,False,
157815,t1Space_iff,theorem t1Space_iff : T1Space (G ⧸ N) ↔ IsClosed (N : Set G),7,rw [t1Space_def],0.21,unconstrained,rw [t1Space_def],named,rw_tac,rw,True,t1Space_def,False,
6956,prod_comp_prodMap,theorem prod_comp_prodMap (f : P →ₙ* M) (g : P →ₙ* N) (f' : M →ₙ* M') (g' : N →ₙ* N') : (f'.prodMap g').comp (f.prod g) = (f'.comp f).prod (g'.comp g),0,"dsimp [prod.comp, prodMap]",0.26,unconstrained,"dsimp [prod.comp, prodMap]",named,dsimp_tac,dsimp,True,,False,
6956,prod_comp_prodMap,theorem prod_comp_prodMap (f : P →ₙ* M) (g : P →ₙ* N) (f' : M →ₙ* M') (g' : N →ₙ* N') : (f'.prodMap g').comp (f.prod g) = (f'.comp f).prod (g'.comp g),1,unfold prod_comp_prodMap prodMap comp Prod.functor Prod.map_prod Prod.map_prod' Prod.map_functor Prod.map_functor',0.68,unconstrained,unfold prod_comp_prodMap prodMap comp Prod.functor Prod.map_prod Prod.map_prod' Prod.map_functor Prod.map_functor',named,unfold_tac,unfold,True,Prod.map_functor;Prod.map_functor';Prod.map_prod',False,
6956,prod_comp_prodMap,theorem prod_comp_prodMap (f : P →ₙ* M) (g : P →ₙ* N) (f' : M →ₙ* M') (g' : N →ₙ* N') : (f'.prodMap g').comp (f.prod g) = (f'.comp f).prod (g'.comp g),2,"rw [prodMap_def, comp_def]",0.25,unconstrained,"rw [prodMap_def, comp_def]",named,rw_tac,rw,True,,False,
6956,prod_comp_prodMap,theorem prod_comp_prodMap (f : P →ₙ* M) (g : P →ₙ* N) (f' : M →ₙ* M') (g' : N →ₙ* N') : (f'.prodMap g').comp (f.prod g) = (f'.comp f).prod (g'.comp g),3,ext x y,0.11,unconstrained,ext x y,named,ext_tac,ext,True,,False,
6956,prod_comp_prodMap,theorem prod_comp_prodMap (f : P →ₙ* M) (g : P →ₙ* N) (f' : M →ₙ* M') (g' : N →ₙ* N') : (f'.prodMap g').comp (f.prod g) = (f'.comp f).prod (g'.comp g),4,rw [prod_map_comp],0.19,unconstrained,rw [prod_map_comp],named,rw_tac,rw,True,prod_map_comp,False,
6956,prod_comp_prodMap,theorem prod_comp_prodMap (f : P →ₙ* M) (g : P →ₙ* N) (f' : M →ₙ* M') (g' : N →ₙ* N') : (f'.prodMap g').comp (f.prod g) = (f'.comp f).prod (g'.comp g),5,rewrite prodMap_def comp_def,0.19,unconstrained,rewrite prodMap_def comp_def,fallback,generic_tac,rewrite,False,,False,
6956,prod_comp_prodMap,theorem prod_comp_prodMap (f : P →ₙ* M) (g : P →ₙ* N) (f' : M →ₙ* M') (g' : N →ₙ* N') : (f'.prodMap g').comp (f.prod g) = (f'.comp f).prod (g'.comp g),6,rewrite prod_map_comp; rw comp_prod,0.23,unconstrained,rewrite prod_map_comp; rw comp_prod,fallback,generic_tac,rewrite,False,comp_prod;prod_map_comp,False,
6956,prod_comp_prodMap,theorem prod_comp_prodMap (f : P →ₙ* M) (g : P →ₙ* N) (f' : M →ₙ* M') (g' : N →ₙ* N') : (f'.prodMap g').comp (f.prod g) = (f'.comp f).prod (g'.comp g),7,`rewrite (eq.trans (mapProd_comp _ _ _ _) (mapComp_prod _ _ _))`,0.56,unconstrained,`rewrite (eq.trans (mapProd_comp _ _ _ _) (mapComp_prod _ _ _))`,parse_fail,"No terminal matches '`' in the current parser context, at line 1 col 1",<punct>,True,mapComp_prod;mapProd_comp,False,
147127,isHomogeneous_one,theorem isHomogeneous_one : IsHomogeneous (1 : MvPolynomial σ R) 0,0,`rw [isHomogeneous_const]`,0.25,unconstrained,`rw [isHomogeneous_const]`,parse_fail,"No terminal matches '`' in the current parser context, at line 1 col 1",<punct>,True,isHomogeneous_const,False,
147127,isHomogeneous_one,theorem isHomogeneous_one : IsHomogeneous (1 : MvPolynomial σ R) 0,1,rw [IsHomogeneous.def],0.2,unconstrained,rw [IsHomogeneous.def],named,rw_tac,rw,True,,False,
147127,isHomogeneous_one,theorem isHomogeneous_one : IsHomogeneous (1 : MvPolynomial σ R) 0,2,`refl`,0.13,unconstrained,`refl`,parse_fail,"No terminal matches '`' in the current parser context, at line 1 col 1",<punct>,True,,False,
147127,isHomogeneous_one,theorem isHomogeneous_one : IsHomogeneous (1 : MvPolynomial σ R) 0,3,`rw [isHomogeneous_const]`,0.25,unconstrained,`rw [isHomogeneous_const]`,parse_fail,"No terminal matches '`' in the current parser context, at line 1 col 1",<punct>,True,isHomogeneous_const,False,
147127,isHomogeneous_one,theorem isHomogeneous_one : IsHomogeneous (1 : MvPolynomial σ R) 0,4,`refl`,0.13,unconstrained,`refl`,parse_fail,"No terminal matches '`' in the current parser context, at line 1 col 1",<punct>,True,,False,
147127,isHomogeneous_one,theorem isHomogeneous_one : IsHomogeneous (1 : MvPolynomial σ R) 0,5,`rw [IsHomogeneous.def]`,0.25,unconstrained,`rw [IsHomogeneous.def]`,parse_fail,"No terminal matches '`' in the current parser context, at line 1 col 1",<punct>,True,,False,
147127,isHomogeneous_one,theorem isHomogeneous_one : IsHomogeneous (1 : MvPolynomial σ R) 0,6,`rw [IsHomogeneous.def]`,0.25,unconstrained,`rw [IsHomogeneous.def]`,parse_fail,"No terminal matches '`' in the current parser context, at line 1 col 1",<punct>,True,,False,
147127,isHomogeneous_one,theorem isHomogeneous_one : IsHomogeneous (1 : MvPolynomial σ R) 0,7,`rw [IsHomogeneous.one]`,0.25,unconstrained,`rw [IsHomogeneous.one]`,parse_fail,"No terminal matches '`' in the current parser context, at line 1 col 1",<punct>,True,,False,
52124,geom_series_mul_one_add,"theorem geom_series_mul_one_add (x : R) (h : ‖x‖ < 1) : (1 + x) * ∑' i : ℕ, x ^ i = 2 * ∑' i : ℕ, x ^ i - 1",0,rw [← one_mul],0.19,unconstrained,rw [← one_mul],named,rw_tac,rw,True,,False,
52124,geom_series_mul_one_add,"theorem geom_series_mul_one_add (x : R) (h : ‖x‖ < 1) : (1 + x) * ∑' i : ℕ, x ^ i = 2 * ∑' i : ℕ, x ^ i - 1",1,`ring`,0.11,unconstrained,`ring`,parse_fail,"No terminal matches '`' in the current parser context, at line 1 col 1",<punct>,True,,False,
52124,geom_series_mul_one_add,"theorem geom_series_mul_one_add (x : R) (h : ‖x‖ < 1) : (1 + x) * ∑' i : ℕ, x ^ i = 2 * ∑' i : ℕ, x ^ i - 1",2,rw [geom_series_sum],0.18,unconstrained,rw [geom_series_sum],named,rw_tac,rw,True,geom_series_sum,False,
52124,geom_series_mul_one_add,"theorem geom_series_mul_one_add (x : R) (h : ‖x‖ < 1) : (1 + x) * ∑' i : ℕ, x ^ i = 2 * ∑' i : ℕ, x ^ i - 1",3,`rw [sum_div_sum]`,0.23,unconstrained,`rw [sum_div_sum]`,parse_fail,"No terminal matches '`' in the current parser context, at line 1 col 1",<punct>,True,sum_div_sum,False,
52124,geom_series_mul_one_add,"theorem geom_series_mul_one_add (x : R) (h : ‖x‖ < 1) : (1 + x) * ∑' i : ℕ, x ^ i = 2 * ∑' i : ℕ, x ^ i - 1",4,ring simp,0.09,unconstrained,ring simp,fallback,generic_tac,ring,True,,False,
52124,geom_series_mul_one_add,"theorem geom_series_mul_one_add (x : R) (h : ‖x‖ < 1) : (1 + x) * ∑' i : ℕ, x ^ i = 2 * ∑' i : ℕ, x ^ i - 1",5,`unfold summation summation'`,0.23,unconstrained,`unfold summation summation'`,parse_fail,"No terminal matches '`' in the current parser context, at line 1 col 1",<punct>,True,summation;summation',False,
52124,geom_series_mul_one_add,"theorem geom_series_mul_one_add (x : R) (h : ‖x‖ < 1) : (1 + x) * ∑' i : ℕ, x ^ i = 2 * ∑' i : ℕ, x ^ i - 1",6,unfold summation summation' ring_hom.coe_nat_cast sum_summable_summable',0.51,unconstrained,unfold summation summation' ring_hom.coe_nat_cast sum_summable_summable',named,unfold_tac,unfold,True,ring_hom.coe_nat_cast;sum_summable_summable';summation;summation',False,
52124,geom_series_mul_one_add,"theorem geom_series_mul_one_add (x : R) (h : ‖x‖ < 1) : (1 + x) * ∑' i : ℕ, x ^ i = 2 * ∑' i : ℕ, x ^ i - 1",7,ring homology.add_assoc _ _ _,0.23,unconstrained,ring homology.add_assoc _ _ _,fallback,generic_tac,ring,True,,False,
170363,UpperSemicontinuousAt,theorem UpperSemicontinuousAt.add {f g : α → γ} (hf : UpperSemicontinuousAt f x) (hg : UpperSemicontinuousAt g x) : UpperSemicontinuousAt (fun z => f z + g z) x,0,`apply UpperSemicontinuousAt.add`,0.31,unconstrained,`apply UpperSemicontinuousAt.add`,parse_fail,"No terminal matches '`' in the current parser context, at line 1 col 1",<punct>,True,,False,
170363,UpperSemicontinuousAt,theorem UpperSemicontinuousAt.add {f g : α → γ} (hf : UpperSemicontinuousAt f x) (hg : UpperSemicontinuousAt g x) : UpperSemicontinuousAt (fun z => f z + g z) x,1,"use hf, hg",0.14,unconstrained,"use hf, hg",named,use_tac,use,True,,False,
170363,UpperSemicontinuousAt,theorem UpperSemicontinuousAt.add {f g : α → γ} (hf : UpperSemicontinuousAt f x) (hg : UpperSemicontinuousAt g x) : UpperSemicontinuousAt (fun z => f z + g z) x,2,`rw [UpperSemicontinuousAt]`,0.32,unconstrained,`rw [UpperSemicontinuousAt]`,parse_fail,"No terminal matches '`' in the current parser context, at line 1 col 1",<punct>,True,,False,
170363,UpperSemicontinuousAt,theorem UpperSemicontinuousAt.add {f g : α → γ} (hf : UpperSemicontinuousAt f x) (hg : UpperSemicontinuousAt g x) : UpperSemicontinuousAt (fun z => f z + g z) x,3,"use hf, hg",0.13,unconstrained,"use hf, hg",named,use_tac,use,True,,False,
170363,UpperSemicontinuousAt,theorem UpperSemicontinuousAt.add {f g : α → γ} (hf : UpperSemicontinuousAt f x) (hg : UpperSemicontinuousAt g x) : UpperSemicontinuousAt (fun z => f z + g z) x,4,`rw [UpperSemicontinuousAt]`,0.32,unconstrained,`rw [UpperSemicontinuousAt]`,parse_fail,"No terminal matches '`' in the current parser context, at line 1 col 1",<punct>,True,,False,
170363,UpperSemicontinuousAt,theorem UpperSemicontinuousAt.add {f g : α → γ} (hf : UpperSemicontinuousAt f x) (hg : UpperSemicontinuousAt g x) : UpperSemicontinuousAt (fun z => f z + g z) x,5,"apply UpperSemicontinuousAt.congr_arg₂ hf hg; intros y h; specialize hf y h; specialize hg y h; simp [add_assoc] at *; exact add_le_add (hf y h) (hg y h); 
rw [←add_le_add_iff]; apply le_trans;",1.54,unconstrained,apply UpperSemicontinuousAt.congr_arg₂ hf hg; intros y h; specialize hf y h; specialize hg y h; simp [add_assoc] at *; exact add_le_add (hf y h) (hg y h);,named,apply_tac,apply,True,add_le_add,False,multiline:2
170363,UpperSemicontinuousAt,theorem UpperSemicontinuousAt.add {f g : α → γ} (hf : UpperSemicontinuousAt f x) (hg : UpperSemicontinuousAt g x) : UpperSemicontinuousAt (fun z => f z + g z) x,6,"use hf, hg",0.13,unconstrained,"use hf, hg",named,use_tac,use,True,,False,
170363,UpperSemicontinuousAt,theorem UpperSemicontinuousAt.add {f g : α → γ} (hf : UpperSemicontinuousAt f x) (hg : UpperSemicontinuousAt g x) : UpperSemicontinuousAt (fun z => f z + g z) x,7,`intro ε; exists ε / 2`,0.28,unconstrained,`intro ε; exists ε / 2`,parse_fail,"No terminal matches '`' in the current parser context, at line 1 col 1",<punct>,True,,False,
142853,CommRingCat,lemma CommRingCat.finrank_eq_of_isPushout {R S T P : CommRingCat.{u}} {f : R ⟶ S} {g : R ⟶ T} {inl : S ⟶ P} {inr : T ⟶ P} (h : CategoryTheory.IsPushout f g inl inr) (hf : f.hom.Flat) (hfin : f.hom.Finite) (x : PrimeSpectrum T) : inr.hom.finrank x = f.hom.finrank (PrimeSpectrum.comap g.hom x),0,rw [CategoryTheory.IsPushout.commutes],0.3,unconstrained,rw [CategoryTheory.IsPushout.commutes],named,rw_tac,rw,True,,False,
142853,CommRingCat,lemma CommRingCat.finrank_eq_of_isPushout {R S T P : CommRingCat.{u}} {f : R ⟶ S} {g : R ⟶ T} {inl : S ⟶ P} {inr : T ⟶ P} (h : CategoryTheory.IsPushout f g inl inr) (hf : f.hom.Flat) (hfin : f.hom.Finite) (x : PrimeSpectrum T) : inr.hom.finrank x = f.hom.finrank (PrimeSpectrum.comap g.hom x),1,cases h; unfold IsPushout; cases this.1; unfold Pushout.isPushout; unfold Pushout.ofEquiv; simp at this; exact this.2.2,0.93,unconstrained,cases h; unfold IsPushout; cases this.1; unfold Pushout.isPushout; unfold Pushout.ofEquiv; simp at this; exact this.2.2,named,cases_tac,cases,True,this.1;this.2.2,False,
142853,CommRingCat,lemma CommRingCat.finrank_eq_of_isPushout {R S T P : CommRingCat.{u}} {f : R ⟶ S} {g : R ⟶ T} {inl : S ⟶ P} {inr : T ⟶ P} (h : CategoryTheory.IsPushout f g inl inr) (hf : f.hom.Flat) (hfin : f.hom.Finite) (x : PrimeSpectrum T) : inr.hom.finrank x = f.hom.finrank (PrimeSpectrum.comap g.hom x),2,`change finrank (PrimeSpectrum.comap g hom x) = finrank x`,0.49,unconstrained,`change finrank (PrimeSpectrum.comap g hom x) = finrank x`,parse_fail,"No terminal matches '`' in the current parser context, at line 1 col 1",<punct>,True,,False,
142853,CommRingCat,lemma CommRingCat.finrank_eq_of_isPushout {R S T P : CommRingCat.{u}} {f : R ⟶ S} {g : R ⟶ T} {inl : S ⟶ P} {inr : T ⟶ P} (h : CategoryTheory.IsPushout f g inl inr) (hf : f.hom.Flat) (hfin : f.hom.Finite) (x : PrimeSpectrum T) : inr.hom.finrank x = f.hom.finrank (PrimeSpectrum.comap g.hom x),3,`rw [CategoryTheory.IsPushout.pushout]`,0.33,unconstrained,`rw [CategoryTheory.IsPushout.pushout]`,parse_fail,"No terminal matches '`' in the current parser context, at line 1 col 1",<punct>,True,,False,
142853,CommRingCat,lemma CommRingCat.finrank_eq_of_isPushout {R S T P : CommRingCat.{u}} {f : R ⟶ S} {g : R ⟶ T} {inl : S ⟶ P} {inr : T ⟶ P} (h : CategoryTheory.IsPushout f g inl inr) (hf : f.hom.Flat) (hfin : f.hom.Finite) (x : PrimeSpectrum T) : inr.hom.finrank x = f.hom.finrank (PrimeSpectrum.comap g.hom x),4,`rw [CategoryTheory.IsPushout.def]`,0.3,unconstrained,`rw [CategoryTheory.IsPushout.def]`,parse_fail,"No terminal matches '`' in the current parser context, at line 1 col 1",<punct>,True,,False,
142853,CommRingCat,lemma CommRingCat.finrank_eq_of_isPushout {R S T P : CommRingCat.{u}} {f : R ⟶ S} {g : R ⟶ T} {inl : S ⟶ P} {inr : T ⟶ P} (h : CategoryTheory.IsPushout f g inl inr) (hf : f.hom.Flat) (hfin : f.hom.Finite) (x : PrimeSpectrum T) : inr.hom.finrank x = f.hom.finrank (PrimeSpectrum.comap g.hom x),5,use h,0.09,unconstrained,use h,named,use_tac,use,True,,False,
142853,CommRingCat,lemma CommRingCat.finrank_eq_of_isPushout {R S T P : CommRingCat.{u}} {f : R ⟶ S} {g : R ⟶ T} {inl : S ⟶ P} {inr : T ⟶ P} (h : CategoryTheory.IsPushout f g inl inr) (hf : f.hom.Flat) (hfin : f.hom.Finite) (x : PrimeSpectrum T) : inr.hom.finrank x = f.hom.finrank (PrimeSpectrum.comap g.hom x),6,use h,0.09,unconstrained,use h,named,use_tac,use,True,,False,
142853,CommRingCat,lemma CommRingCat.finrank_eq_of_isPushout {R S T P : CommRingCat.{u}} {f : R ⟶ S} {g : R ⟶ T} {inl : S ⟶ P} {inr : T ⟶ P} (h : CategoryTheory.IsPushout f g inl inr) (hf : f.hom.Flat) (hfin : f.hom.Finite) (x : PrimeSpectrum T) : inr.hom.finrank x = f.hom.finrank (PrimeSpectrum.comap g.hom x),7,`rw [CategoryTheory.IsPushout.pushout_ι_hom]`,0.4,unconstrained,`rw [CategoryTheory.IsPushout.pushout_ι_hom]`,parse_fail,"No terminal matches '`' in the current parser context, at line 1 col 1",<punct>,True,CategoryTheory.IsPushout.pushout_;ι_hom,False,
109974,tprod_tprod,"theorem tprod_tprod (l : List δ) (μ : ∀ i, Measure (X i)) [∀ i, SigmaFinite (μ i)] (s : ∀ i, Set (X i)) : Measure.tprod l μ (Set.tprod l s) = (l.map fun i => (μ i) (s i)).prod",0,apply Finset.induction_on (List.length l); intros; simp *; unfold Set.tprod Measure.tprod; rw [Finset.prod_map]; congr; apply Finset.sum_congr; intros; unfold Set.preimage; rw [Measure.measure_union_of_disjoint]; simp *; unfold Measure.measure_union_of,1.55,unconstrained,apply Finset.induction_on (List.length l); intros; simp *; unfold Set.tprod Measure.tprod; rw [Finset.prod_map]; congr; apply Finset.sum_congr; intros; unfold Set.preimage; rw [Measure.measure_union_of_disjoint]; simp *; unfold Measure.measure_union_of,named,apply_tac,apply,True,Measure.measure_union_of;Measure.measure_union_of_disjoint,False,
109974,tprod_tprod,"theorem tprod_tprod (l : List δ) (μ : ∀ i, Measure (X i)) [∀ i, SigmaFinite (μ i)] (s : ∀ i, Set (X i)) : Measure.tprod l μ (Set.tprod l s) = (l.map fun i => (μ i) (s i)).prod",1,`simp`,0.11,unconstrained,`simp`,parse_fail,"No terminal matches '`' in the current parser context, at line 1 col 1",<punct>,True,,False,
109974,tprod_tprod,"theorem tprod_tprod (l : List δ) (μ : ∀ i, Measure (X i)) [∀ i, SigmaFinite (μ i)] (s : ∀ i, Set (X i)) : Measure.tprod l μ (Set.tprod l s) = (l.map fun i => (μ i) (s i)).prod",2,`rw [Measure.tprod_set_prod]`,0.28,unconstrained,`rw [Measure.tprod_set_prod]`,parse_fail,"No terminal matches '`' in the current parser context, at line 1 col 1",<punct>,True,Measure.tprod_set_prod,False,
109974,tprod_tprod,"theorem tprod_tprod (l : List δ) (μ : ∀ i, Measure (X i)) [∀ i, SigmaFinite (μ i)] (s : ∀ i, Set (X i)) : Measure.tprod l μ (Set.tprod l s) = (l.map fun i => (μ i) (s i)).prod",3,"`rw [tprod_def, tprod_set_prod]`",0.34,unconstrained,"`rw [tprod_def, tprod_set_prod]`",parse_fail,"No terminal matches '`' in the current parser context, at line 1 col 1",<punct>,True,tprod_def;tprod_set_prod,False,
109974,tprod_tprod,"theorem tprod_tprod (l : List δ) (μ : ∀ i, Measure (X i)) [∀ i, SigmaFinite (μ i)] (s : ∀ i, Set (X i)) : Measure.tprod l μ (Set.tprod l s) = (l.map fun i => (μ i) (s i)).prod",4,rw [tprod_set_prod],0.21,unconstrained,rw [tprod_set_prod],named,rw_tac,rw,True,tprod_set_prod,False,
109974,tprod_tprod,"theorem tprod_tprod (l : List δ) (μ : ∀ i, Measure (X i)) [∀ i, SigmaFinite (μ i)] (s : ∀ i, Set (X i)) : Measure.tprod l μ (Set.tprod l s) = (l.map fun i => (μ i) (s i)).prod",5,"induction l with [ | hd tl ih ]; simp; rw [tprod_tprod_base], ih; unfold Measure.tprod Set.tprod; congr' 1; rw [prod_map]; simp",1.02,unconstrained,"induction l with [ | hd tl ih ]; simp; rw [tprod_tprod_base], ih; unfold Measure.tprod Set.tprod; congr' 1; rw [prod_map]; simp",named,induction_tac,induction,True,hd;tl;tprod_tprod_base,False,
109974,tprod_tprod,"theorem tprod_tprod (l : List δ) (μ : ∀ i, Measure (X i)) [∀ i, SigmaFinite (μ i)] (s : ∀ i, Set (X i)) : Measure.tprod l μ (Set.tprod l s) = (l.map fun i => (μ i) (s i)).prod",6,`rw [Measure.tprod_setprod]`,0.28,unconstrained,`rw [Measure.tprod_setprod]`,parse_fail,"No terminal matches '`' in the current parser context, at line 1 col 1",<punct>,True,Measure.tprod_setprod,False,
109974,tprod_tprod,"theorem tprod_tprod (l : List δ) (μ : ∀ i, Measure (X i)) [∀ i, SigmaFinite (μ i)] (s : ∀ i, Set (X i)) : Measure.tprod l μ (Set.tprod l s) = (l.map fun i => (μ i) (s i)).prod",7,`rw [Measure.tprod_set_prod]`,0.28,unconstrained,`rw [Measure.tprod_set_prod]`,parse_fail,"No terminal matches '`' in the current parser context, at line 1 col 1",<punct>,True,Measure.tprod_set_prod,False,
57787,isIso_fst_of_isIso,lemma isIso_fst_of_isIso (h : IsPullback fst snd f g) (inst : IsIso g,0,`apply h.right_inv`,0.19,unconstrained,`apply h.right_inv`,parse_fail,"No terminal matches '`' in the current parser context, at line 1 col 1",<punct>,True,,False,
57787,isIso_fst_of_isIso,lemma isIso_fst_of_isIso (h : IsPullback fst snd f g) (inst : IsIso g,1,`apply is_iso.fst_of_is_iso' h.inst g.inst`,0.4,unconstrained,`apply is_iso.fst_of_is_iso' h.inst g.inst`,parse_fail,"No terminal matches '`' in the current parser context, at line 1 col 1",<punct>,True,g.inst;h.inst;is_iso.fst_of_is_iso',False,
57787,isIso_fst_of_isIso,lemma isIso_fst_of_isIso (h : IsPullback fst snd f g) (inst : IsIso g,2,`use g⁻¹`,0.18,unconstrained,`use g⁻¹`,parse_fail,"No terminal matches '`' in the current parser context, at line 1 col 1",<punct>,True,,False,
57787,isIso_fst_of_isIso,lemma isIso_fst_of_isIso (h : IsPullback fst snd f g) (inst : IsIso g,3,`rw [isIso_def]`,0.23,unconstrained,`rw [isIso_def]`,parse_fail,"No terminal matches '`' in the current parser context, at line 1 col 1",<punct>,True,isIso_def,False,
57787,isIso_fst_of_isIso,lemma isIso_fst_of_isIso (h : IsPullback fst snd f g) (inst : IsIso g,4,`cases h`,0.14,unconstrained,`cases h`,parse_fail,"No terminal matches '`' in the current parser context, at line 1 col 1",<punct>,True,,False,
57787,isIso_fst_of_isIso,lemma isIso_fst_of_isIso (h : IsPullback fst snd f g) (inst : IsIso g,5,`cases h`,0.14,unconstrained,`cases h`,parse_fail,"No terminal matches '`' in the current parser context, at line 1 col 1",<punct>,True,,False,
57787,isIso_fst_of_isIso,lemma isIso_fst_of_isIso (h : IsPullback fst snd f g) (inst : IsIso g,6,`apply h.fst_iso`,0.21,unconstrained,`apply h.fst_iso`,parse_fail,"No terminal matches '`' in the current parser context, at line 1 col 1",<punct>,True,h.fst_iso,False,
57787,isIso_fst_of_isIso,lemma isIso_fst_of_isIso (h : IsPullback fst snd f g) (inst : IsIso g,7,`rw [← h.is_iso]`,0.25,unconstrained,`rw [← h.is_iso]`,parse_fail,"No terminal matches '`' in the current parser context, at line 1 col 1",<punct>,True,h.is_iso,False,
117757,sum_restrict_disjointed_spanningSets,theorem sum_restrict_disjointed_spanningSets (μ ν : Measure α) [SigmaFinite ν] : sum (fun n ↦ μ.restrict (disjointed (spanningSets ν) n)) = μ,0,induction on `n` with `generalizing (μ ν)`,0.38,unconstrained,induction on `n` with `generalizing (μ ν)`,named,induction_tac,induction,True,generalizing,False,
117757,sum_restrict_disjointed_spanningSets,theorem sum_restrict_disjointed_spanningSets (μ ν : Measure α) [SigmaFinite ν] : sum (fun n ↦ μ.restrict (disjointed (spanningSets ν) n)) = μ,1,induction μ using Measure.rec_on; simp; intros n; unfold disjointed; simp; congr; simp; intros x hx; apply le_antisymm; simp; apply le_trans; simp; apply Measure.measure_le_of_subset; simp; apply disjointed_subset_spanningSets; simp; apply disjointed_non,1.54,unconstrained,induction μ using Measure.rec_on; simp; intros n; unfold disjointed; simp; congr; simp; intros x hx; apply le_antisymm; simp; apply le_trans; simp; apply Measure.measure_le_of_subset; simp; apply disjointed_subset_spanningSets; simp; apply disjointed_non,named,induction_tac,induction,True,Measure.measure_le_of_subset;Measure.rec_on;disjointed_non;disjointed_subset_spanningSets,False,
117757,sum_restrict_disjointed_spanningSets,theorem sum_restrict_disjointed_spanningSets (μ ν : Measure α) [SigmaFinite ν] : sum (fun n ↦ μ.restrict (disjointed (spanningSets ν) n)) = μ,2,rw [sum_restricted_union_disjointed],0.28,unconstrained,rw [sum_restricted_union_disjointed],named,rw_tac,rw,True,sum_restricted_union_disjointed,False,
117757,sum_restrict_disjointed_spanningSets,theorem sum_restrict_disjointed_spanningSets (μ ν : Measure α) [SigmaFinite ν] : sum (fun n ↦ μ.restrict (disjointed (spanningSets ν) n)) = μ,3,use finset.unfold_sum_induction,0.23,unconstrained,use finset.unfold_sum_induction,named,use_tac,use,True,finset.unfold_sum_induction,False,
117757,sum_restrict_disjointed_spanningSets,theorem sum_restrict_disjointed_spanningSets (μ ν : Measure α) [SigmaFinite ν] : sum (fun n ↦ μ.restrict (disjointed (spanningSets ν) n)) = μ,4,`rw [sum_restricted_measure_set]`,0.28,unconstrained,`rw [sum_restricted_measure_set]`,parse_fail,"No terminal matches '`' in the current parser context, at line 1 col 1",<punct>,True,sum_restricted_measure_set,False,
117757,sum_restrict_disjointed_spanningSets,theorem sum_restrict_disjointed_spanningSets (μ ν : Measure α) [SigmaFinite ν] : sum (fun n ↦ μ.restrict (disjointed (spanningSets ν) n)) = μ,5,change (sum (fun n ↦ μ.restrict (disjointed (spanningSets ν) n))) to (sum (fun n ↦ μ.restrict (spanningSets ν)).map (coe : Disjointed (-spanningSets ν) n → ℕ)),1.39,unconstrained,change (sum (fun n ↦ μ.restrict (disjointed (spanningSets ν) n))) to (sum (fun n ↦ μ.restrict (spanningSets ν)).map (coe : Disjointed (-spanningSets ν) n → ℕ)),named,change_tac,change,True,Disjointed,False,
117757,sum_restrict_disjointed_spanningSets,theorem sum_restrict_disjointed_spanningSets (μ ν : Measure α) [SigmaFinite ν] : sum (fun n ↦ μ.restrict (disjointed (spanningSets ν) n)) = μ,6,rw [sum_restricted_measure],0.21,unconstrained,rw [sum_restricted_measure],named,rw_tac,rw,True,sum_restricted_measure,False,
117757,sum_restrict_disjointed_spanningSets,theorem sum_restrict_disjointed_spanningSets (μ ν : Measure α) [SigmaFinite ν] : sum (fun n ↦ μ.restrict (disjointed (spanningSets ν) n)) = μ,7,`use finset.univ.sum_range fun n => μ.restrict (disjointed (spanningSets ν) n)`,0.66,unconstrained,`use finset.univ.sum_range fun n => μ.restrict (disjointed (spanningSets ν) n)`,parse_fail,"No terminal matches '`' in the current parser context, at line 1 col 1",<punct>,True,,False,
154472,nfp_lt_ord_of_isRegular,"theorem nfp_lt_ord_of_isRegular {f : Ordinal → Ordinal} {c} (hc : IsRegular c) (hc' : c ≠ ℵ₀) (hf : ∀ i < c.ord, f i < c.ord) {a} : a < c.ord → nfp f a < c.ord",0,induction h hc hc' hf using ord_inductive; intros; simp [nfp],0.5,unconstrained,induction h hc hc' hf using ord_inductive; intros; simp [nfp],named,induction_tac,induction,True,ord_inductive,False,
154472,nfp_lt_ord_of_isRegular,"theorem nfp_lt_ord_of_isRegular {f : Ordinal → Ordinal} {c} (hc : IsRegular c) (hc' : c ≠ ℵ₀) (hf : ∀ i < c.ord, f i < c.ord) {a} : a < c.ord → nfp f a < c.ord",1,apply hc.omega hf; assumption,0.21,unconstrained,apply hc.omega hf; assumption,named,apply_tac,apply,True,,False,
154472,nfp_lt_ord_of_isRegular,"theorem nfp_lt_ord_of_isRegular {f : Ordinal → Ordinal} {c} (hc : IsRegular c) (hc' : c ≠ ℵ₀) (hf : ∀ i < c.ord, f i < c.ord) {a} : a < c.ord → nfp f a < c.ord",2,cases hc',0.11,unconstrained,cases hc',named,cases_tac,cases,True,,False,
154472,nfp_lt_ord_of_isRegular,"theorem nfp_lt_ord_of_isRegular {f : Ordinal → Ordinal} {c} (hc : IsRegular c) (hc' : c ≠ ℵ₀) (hf : ∀ i < c.ord, f i < c.ord) {a} : a < c.ord → nfp f a < c.ord",3,`use hf`,0.13,unconstrained,`use hf`,parse_fail,"No terminal matches '`' in the current parser context, at line 1 col 1",<punct>,True,,False,
154472,nfp_lt_ord_of_isRegular,"theorem nfp_lt_ord_of_isRegular {f : Ordinal → Ordinal} {c} (hc : IsRegular c) (hc' : c ≠ ℵ₀) (hf : ∀ i < c.ord, f i < c.ord) {a} : a < c.ord → nfp f a < c.ord",4,use hc,0.09,unconstrained,use hc,named,use_tac,use,True,,False,
154472,nfp_lt_ord_of_isRegular,"theorem nfp_lt_ord_of_isRegular {f : Ordinal → Ordinal} {c} (hc : IsRegular c) (hc' : c ≠ ℵ₀) (hf : ∀ i < c.ord, f i < c.ord) {a} : a < c.ord → nfp f a < c.ord",5,`unfold nfp at *`,0.2,unconstrained,`unfold nfp at *`,parse_fail,"No terminal matches '`' in the current parser context, at line 1 col 1",<punct>,True,,False,
154472,nfp_lt_ord_of_isRegular,"theorem nfp_lt_ord_of_isRegular {f : Ordinal → Ordinal} {c} (hc : IsRegular c) (hc' : c ≠ ℵ₀) (hf : ∀ i < c.ord, f i < c.ord) {a} : a < c.ord → nfp f a < c.ord",6,`use hc hc' hf`,0.2,unconstrained,`use hc hc' hf`,parse_fail,"No terminal matches '`' in the current parser context, at line 1 col 1",<punct>,True,,False,
154472,nfp_lt_ord_of_isRegular,"theorem nfp_lt_ord_of_isRegular {f : Ordinal → Ordinal} {c} (hc : IsRegular c) (hc' : c ≠ ℵ₀) (hf : ∀ i < c.ord, f i < c.ord) {a} : a < c.ord → nfp f a < c.ord",7,use hc hc' hf,0.16,unconstrained,use hc hc' hf,named,use_tac,use,True,,False,
72926,tail_update_zero,theorem tail_update_zero : tail (update q 0 z) = tail q,0,rw [tail_update],0.16,unconstrained,rw [tail_update],named,rw_tac,rw,True,tail_update,False,
72926,tail_update_zero,theorem tail_update_zero : tail (update q 0 z) = tail q,1,rewrite update_nil_right_tail_eq_tail,0.21,unconstrained,rewrite update_nil_right_tail_eq_tail,fallback,generic_tac,rewrite,False,update_nil_right_tail_eq_tail,False,
72926,tail_update_zero,theorem tail_update_zero : tail (update q 0 z) = tail q,2,`rw [update_tail]`,0.2,unconstrained,`rw [update_tail]`,parse_fail,"No terminal matches '`' in the current parser context, at line 1 col 1",<punct>,True,update_tail,False,
72926,tail_update_zero,theorem tail_update_zero : tail (update q 0 z) = tail q,3,`rewrite update_zero`,0.16,unconstrained,`rewrite update_zero`,parse_fail,"No terminal matches '`' in the current parser context, at line 1 col 1",<punct>,True,update_zero,False,
72926,tail_update_zero,theorem tail_update_zero : tail (update q 0 z) = tail q,4,dsimp [tail],0.16,unconstrained,dsimp [tail],named,dsimp_tac,dsimp,True,,False,
72926,tail_update_zero,theorem tail_update_zero : tail (update q 0 z) = tail q,5,cases q,0.09,unconstrained,cases q,named,cases_tac,cases,True,,False,
72926,tail_update_zero,theorem tail_update_zero : tail (update q 0 z) = tail q,6,rw [tail_update],0.16,unconstrained,rw [tail_update],named,rw_tac,rw,True,tail_update,False,
72926,tail_update_zero,theorem tail_update_zero : tail (update q 0 z) = tail q,7,`rewrite update_same`,0.16,unconstrained,`rewrite update_same`,parse_fail,"No terminal matches '`' in the current parser context, at line 1 col 1",<punct>,True,update_same,False,
1703,op_finsuppSum,lemma op_finsuppSum (f : ι →₀ N) (g : ι → N → M) : op (f.sum g) = f.sum fun i n ↦ op (g i n),0,apply Finset.sum_congr',0.21,unconstrained,apply Finset.sum_congr',named,apply_tac,apply,True,,False,
1703,op_finsuppSum,lemma op_finsuppSum (f : ι →₀ N) (g : ι → N → M) : op (f.sum g) = f.sum fun i n ↦ op (g i n),1,"induction f; simp only [op, finsupp.sum, sum_apply]",0.42,unconstrained,"induction f; simp only [op, finsupp.sum, sum_apply]",named,induction_tac,induction,True,,False,
1703,op_finsuppSum,lemma op_finsuppSum (f : ι →₀ N) (g : ι → N → M) : op (f.sum g) = f.sum fun i n ↦ op (g i n),2,rw [op_sum],0.16,unconstrained,rw [op_sum],named,rw_tac,rw,True,,False,
1703,op_finsuppSum,lemma op_finsuppSum (f : ι →₀ N) (g : ι → N → M) : op (f.sum g) = f.sum fun i n ↦ op (g i n),3,"induction f with (zero | sum), simp [op_zero, finsupp.sum], intros i n ih, simp [ih]",0.69,unconstrained,"induction f with (zero | sum), simp [op_zero, finsupp.sum], intros i n ih, simp [ih]",named,induction_tac,induction,True,,False,
1703,op_finsuppSum,lemma op_finsuppSum (f : ι →₀ N) (g : ι → N → M) : op (f.sum g) = f.sum fun i n ↦ op (g i n),4,rw [ finsupp_sum ],0.18,unconstrained,rw [ finsupp_sum ],named,rw_tac,rw,True,finsupp_sum,False,
1703,op_finsuppSum,lemma op_finsuppSum (f : ι →₀ N) (g : ι → N → M) : op (f.sum g) = f.sum fun i n ↦ op (g i n),5,`rw [op_sum]`,0.21,unconstrained,`rw [op_sum]`,parse_fail,"No terminal matches '`' in the current parser context, at line 1 col 1",<punct>,True,,False,
1703,op_finsuppSum,lemma op_finsuppSum (f : ι →₀ N) (g : ι → N → M) : op (f.sum g) = f.sum fun i n ↦ op (g i n),6,rw [op_sum],0.16,unconstrained,rw [op_sum],named,rw_tac,rw,True,,False,
1703,op_finsuppSum,lemma op_finsuppSum (f : ι →₀ N) (g : ι → N → M) : op (f.sum g) = f.sum fun i n ↦ op (g i n),7,induction f using finsupp.induction; unfold op; simp *; intros; apply finsupp.mem_sum; unfold op; simp *; intros; apply finsupp.mem_sum; unfold op; simp *; intros; apply finsupp.mem_sum; unfold op; simp *.,1.39,unconstrained,induction f using finsupp.induction; unfold op; simp *; intros; apply finsupp.mem_sum; unfold op; simp *; intros; apply finsupp.mem_sum; unfold op; simp *; intros; apply finsupp.mem_sum; unfold op; simp *.,named,induction_tac,induction,True,,False,
41853,bot_orthogonal_eq_top,theorem bot_orthogonal_eq_top : (⊥ : ClosedSubmodule 𝕜 E)ᗮ = ⊤,0,`exact orthogonal_complement_bot_eq_top`,0.26,unconstrained,`exact orthogonal_complement_bot_eq_top`,parse_fail,"No terminal matches '`' in the current parser context, at line 1 col 1",<punct>,True,orthogonal_complement_bot_eq_top,False,
41853,bot_orthogonal_eq_top,theorem bot_orthogonal_eq_top : (⊥ : ClosedSubmodule 𝕜 E)ᗮ = ⊤,1,rw [orthogonal_complement_bot],0.23,unconstrained,rw [orthogonal_complement_bot],named,rw_tac,rw,True,orthogonal_complement_bot,False,
41853,bot_orthogonal_eq_top,theorem bot_orthogonal_eq_top : (⊥ : ClosedSubmodule 𝕜 E)ᗮ = ⊤,2,`rw [ClosedSubmodule.complement_bot]`,0.3,unconstrained,`rw [ClosedSubmodule.complement_bot]`,parse_fail,"No terminal matches '`' in the current parser context, at line 1 col 1",<punct>,True,ClosedSubmodule.complement_bot,False,
41853,bot_orthogonal_eq_top,theorem bot_orthogonal_eq_top : (⊥ : ClosedSubmodule 𝕜 E)ᗮ = ⊤,3,use submodule.orthogonal_top,0.18,unconstrained,use submodule.orthogonal_top,named,use_tac,use,True,submodule.orthogonal_top,False,
41853,bot_orthogonal_eq_top,theorem bot_orthogonal_eq_top : (⊥ : ClosedSubmodule 𝕜 E)ᗮ = ⊤,4,`rw [ClosedSubmodule.complement_complement]`,0.32,unconstrained,`rw [ClosedSubmodule.complement_complement]`,parse_fail,"No terminal matches '`' in the current parser context, at line 1 col 1",<punct>,True,ClosedSubmodule.complement_complement,False,
41853,bot_orthogonal_eq_top,theorem bot_orthogonal_eq_top : (⊥ : ClosedSubmodule 𝕜 E)ᗮ = ⊤,5,use submodule.bot_sup_eq_top,0.18,unconstrained,use submodule.bot_sup_eq_top,named,use_tac,use,True,submodule.bot_sup_eq_top,False,
41853,bot_orthogonal_eq_top,theorem bot_orthogonal_eq_top : (⊥ : ClosedSubmodule 𝕜 E)ᗮ = ⊤,6,`dsimp [bot_orthogonal]`,0.28,unconstrained,`dsimp [bot_orthogonal]`,parse_fail,"No terminal matches '`' in the current parser context, at line 1 col 1",<punct>,True,bot_orthogonal,False,
41853,bot_orthogonal_eq_top,theorem bot_orthogonal_eq_top : (⊥ : ClosedSubmodule 𝕜 E)ᗮ = ⊤,7,ring tactic,0.09,unconstrained,ring tactic,fallback,generic_tac,ring,True,,False,
110785,essInf_measure_zero,theorem essInf_measure_zero {_ : MeasurableSpace α} {f : α → β} : essInf f (0 : Measure α) = ⊤,0,`apply essInf_zero_top`,0.21,unconstrained,`apply essInf_zero_top`,parse_fail,"No terminal matches '`' in the current parser context, at line 1 col 1",<punct>,True,essInf_zero_top,False,
110785,essInf_measure_zero,theorem essInf_measure_zero {_ : MeasurableSpace α} {f : α → β} : essInf f (0 : Measure α) = ⊤,1,"casesI h : essInf f (0 : Measure α) with val | ⊥ :=
| val => sorry
| ⊥ => sorry
```",0.78,unconstrained,casesI h : essInf f (0 : Measure α) with val | ⊥ :=,named,cases_tac,casesI,False,,False,multiline:3
110785,essInf_measure_zero,theorem essInf_measure_zero {_ : MeasurableSpace α} {f : α → β} : essInf f (0 : Measure α) = ⊤,2,`rw [essInf_eq_top]`,0.25,unconstrained,`rw [essInf_eq_top]`,parse_fail,"No terminal matches '`' in the current parser context, at line 1 col 1",<punct>,True,essInf_eq_top,False,
110785,essInf_measure_zero,theorem essInf_measure_zero {_ : MeasurableSpace α} {f : α → β} : essInf f (0 : Measure α) = ⊤,3,"`exact essSup_congr' (λ x, by simp)`",0.37,unconstrained,"`exact essSup_congr' (λ x, by simp)`",parse_fail,"No terminal matches '`' in the current parser context, at line 1 col 1",<punct>,True,essSup_congr',False,
110785,essInf_measure_zero,theorem essInf_measure_zero {_ : MeasurableSpace α} {f : α → β} : essInf f (0 : Measure α) = ⊤,4,"simp only [essInf, zero_apply]",0.25,unconstrained,"simp only [essInf, zero_apply]",named,simp_tac,simp,True,,False,
110785,essInf_measure_zero,theorem essInf_measure_zero {_ : MeasurableSpace α} {f : α → β} : essInf f (0 : Measure α) = ⊤,5,simp,0.06,unconstrained,simp,named,simp_tac,simp,True,,False,
110785,essInf_measure_zero,theorem essInf_measure_zero {_ : MeasurableSpace α} {f : α → β} : essInf f (0 : Measure α) = ⊤,6,rw [essSup_neg],0.18,unconstrained,rw [essSup_neg],named,rw_tac,rw,True,essSup_neg,False,
110785,essInf_measure_zero,theorem essInf_measure_zero {_ : MeasurableSpace α} {f : α → β} : essInf f (0 : Measure α) = ⊤,7,`use ⊤`,0.16,unconstrained,`use ⊤`,parse_fail,"No terminal matches '`' in the current parser context, at line 1 col 1",<punct>,True,,False,
89194,liftAlgHom_fieldRange_eq_of_range_eq,theorem liftAlgHom_fieldRange_eq_of_range_eq (hg : Function.Injective g) {s : Set L} (hs : g.range = Algebra.adjoin F s) : (liftAlgHom hg : K →ₐ[F] L).fieldRange = IntermediateField.adjoin F s,0,rw [IntermediateField.adjoin_eq_span],0.26,unconstrained,rw [IntermediateField.adjoin_eq_span],named,rw_tac,rw,True,,False,
89194,liftAlgHom_fieldRange_eq_of_range_eq,theorem liftAlgHom_fieldRange_eq_of_range_eq (hg : Function.Injective g) {s : Set L} (hs : g.range = Algebra.adjoin F s) : (liftAlgHom hg : K →ₐ[F] L).fieldRange = IntermediateField.adjoin F s,1,"`rw [IntermediateField.adjoin.fieldRange, Algebra.adjoin.fieldRange]`",0.45,unconstrained,"`rw [IntermediateField.adjoin.fieldRange, Algebra.adjoin.fieldRange]`",parse_fail,"No terminal matches '`' in the current parser context, at line 1 col 1",<punct>,True,,False,
89194,liftAlgHom_fieldRange_eq_of_range_eq,theorem liftAlgHom_fieldRange_eq_of_range_eq (hg : Function.Injective g) {s : Set L} (hs : g.range = Algebra.adjoin F s) : (liftAlgHom hg : K →ₐ[F] L).fieldRange = IntermediateField.adjoin F s,2,unfold liftAlgHom fieldRangeIntermediateField.adjoin,0.28,unconstrained,unfold liftAlgHom fieldRangeIntermediateField.adjoin,named,unfold_tac,unfold,True,,False,
89194,liftAlgHom_fieldRange_eq_of_range_eq,theorem liftAlgHom_fieldRange_eq_of_range_eq (hg : Function.Injective g) {s : Set L} (hs : g.range = Algebra.adjoin F s) : (liftAlgHom hg : K →ₐ[F] L).fieldRange = IntermediateField.adjoin F s,3,rw [←hg.injective.range_image_eq_preimage],0.33,unconstrained,rw [←hg.injective.range_image_eq_preimage],named,rw_tac,rw,True,hg.injective.range_image_eq_preimage,False,
89194,liftAlgHom_fieldRange_eq_of_range_eq,theorem liftAlgHom_fieldRange_eq_of_range_eq (hg : Function.Injective g) {s : Set L} (hs : g.range = Algebra.adjoin F s) : (liftAlgHom hg : K →ₐ[F] L).fieldRange = IntermediateField.adjoin F s,4,"apply IntermediateField.fieldRange_eq_of_adjoin_eq_of_injective; exact hs; apply hg.injective_field_range_eq; apply Algebra.adjoin_subset; intro x hx; cases hx; apply Algebra.adjoin_induction_on x; intros y hy; simp [hy]; constructor; assumption
```",1.47,unconstrained,apply IntermediateField.fieldRange_eq_of_adjoin_eq_of_injective; exact hs; apply hg.injective_field_range_eq; apply Algebra.adjoin_subset; intro x hx; cases hx; apply Algebra.adjoin_induction_on x; intros y hy; simp [hy]; constructor; assumption,named,apply_tac,apply,True,Algebra.adjoin_induction_on;Algebra.adjoin_subset;IntermediateField.fieldRange_eq_of_adjoin_eq_of_injective;hg.injective_field_range_eq,False,
89194,liftAlgHom_fieldRange_eq_of_range_eq,theorem liftAlgHom_fieldRange_eq_of_range_eq (hg : Function.Injective g) {s : Set L} (hs : g.range = Algebra.adjoin F s) : (liftAlgHom hg : K →ₐ[F] L).fieldRange = IntermediateField.adjoin F s,5,"`rw [IntermediateField.adjoin_eq_image_range, hs]`",0.37,unconstrained,"`rw [IntermediateField.adjoin_eq_image_range, hs]`",parse_fail,"No terminal matches '`' in the current parser context, at line 1 col 1",<punct>,True,IntermediateField.adjoin_eq_image_range,False,
89194,liftAlgHom_fieldRange_eq_of_range_eq,theorem liftAlgHom_fieldRange_eq_of_range_eq (hg : Function.Injective g) {s : Set L} (hs : g.range = Algebra.adjoin F s) : (liftAlgHom hg : K →ₐ[F] L).fieldRange = IntermediateField.adjoin F s,6,cases hs,0.09,unconstrained,cases hs,named,cases_tac,cases,True,,False,
89194,liftAlgHom_fieldRange_eq_of_range_eq,theorem liftAlgHom_fieldRange_eq_of_range_eq (hg : Function.Injective g) {s : Set L} (hs : g.range = Algebra.adjoin F s) : (liftAlgHom hg : K →ₐ[F] L).fieldRange = IntermediateField.adjoin F s,7,`rw [IntermediateField.adjoin_def]`,0.28,unconstrained,`rw [IntermediateField.adjoin_def]`,parse_fail,"No terminal matches '`' in the current parser context, at line 1 col 1",<punct>,True,IntermediateField.adjoin_def,False,
72842,succAbove_castPred_self,lemma succAbove_castPred_self (p : Fin (n + 1)) (h : p ≠ last n) : succAbove p (p.castPred h) = (p.castPred h).succ,0,rw [succAbove],0.16,unconstrained,rw [succAbove],named,rw_tac,rw,True,,False,
72842,succAbove_castPred_self,lemma succAbove_castPred_self (p : Fin (n + 1)) (h : p ≠ last n) : succAbove p (p.castPred h) = (p.castPred h).succ,1,rw [castPred_def],0.18,unconstrained,rw [castPred_def],named,rw_tac,rw,True,castPred_def,False,
72842,succAbove_castPred_self,lemma succAbove_castPred_self (p : Fin (n + 1)) (h : p ≠ last n) : succAbove p (p.castPred h) = (p.castPred h).succ,2,cases p,0.08,unconstrained,cases p,named,cases_tac,cases,True,,False,
72842,succAbove_castPred_self,lemma succAbove_castPred_self (p : Fin (n + 1)) (h : p ≠ last n) : succAbove p (p.castPred h) = (p.castPred h).succ,3,rw [cast_pred],0.15,unconstrained,rw [cast_pred],named,rw_tac,rw,True,,False,
72842,succAbove_castPred_self,lemma succAbove_castPred_self (p : Fin (n + 1)) (h : p ≠ last n) : succAbove p (p.castPred h) = (p.castPred h).succ,4,`rw [castPred]`,0.2,unconstrained,`rw [castPred]`,parse_fail,"No terminal matches '`' in the current parser context, at line 1 col 1",<punct>,True,,False,
72842,succAbove_castPred_self,lemma succAbove_castPred_self (p : Fin (n + 1)) (h : p ≠ last n) : succAbove p (p.castPred h) = (p.castPred h).succ,5,"rw [castPred, succAbove]",0.23,unconstrained,"rw [castPred, succAbove]",named,rw_tac,rw,True,,False,
72842,succAbove_castPred_self,lemma succAbove_castPred_self (p : Fin (n + 1)) (h : p ≠ last n) : succAbove p (p.castPred h) = (p.castPred h).succ,6,apply succAbove_of_ne_last; assumption,0.23,unconstrained,apply succAbove_of_ne_last; assumption,named,apply_tac,apply,True,succAbove_of_ne_last,False,
72842,succAbove_castPred_self,lemma succAbove_castPred_self (p : Fin (n + 1)) (h : p ≠ last n) : succAbove p (p.castPred h) = (p.castPred h).succ,7,`rw [castPred_eq]`,0.23,unconstrained,`rw [castPred_eq]`,parse_fail,"No terminal matches '`' in the current parser context, at line 1 col 1",<punct>,True,castPred_eq,False,
40758,continuous_ofSupportedIn,"theorem continuous_ofSupportedIn {K : Compacts E} (K_sub_Ω : (K : Set E) ⊆ Ω) : Continuous (ofSupportedIn K_sub_Ω : 𝓓^{n}_{K}(E, F) → 𝓓^{n}(Ω, F))",0,`use fun f => by exact (f.mapContinuous (toLocallyConstantContinuous _))`,0.52,unconstrained,`use fun f => by exact (f.mapContinuous (toLocallyConstantContinuous _))`,parse_fail,"No terminal matches '`' in the current parser context, at line 1 col 1",<punct>,True,f.mapContinuous;toLocallyConstantContinuous,False,
40758,continuous_ofSupportedIn,"theorem continuous_ofSupportedIn {K : Compacts E} (K_sub_Ω : (K : Set E) ⊆ Ω) : Continuous (ofSupportedIn K_sub_Ω : 𝓓^{n}_{K}(E, F) → 𝓓^{n}(Ω, F))",1,`apply continuous_compact_support`,0.2,unconstrained,`apply continuous_compact_support`,parse_fail,"No terminal matches '`' in the current parser context, at line 1 col 1",<punct>,True,continuous_compact_support,False,
40758,continuous_ofSupportedIn,"theorem continuous_ofSupportedIn {K : Compacts E} (K_sub_Ω : (K : Set E) ⊆ Ω) : Continuous (ofSupportedIn K_sub_Ω : 𝓓^{n}_{K}(E, F) → 𝓓^{n}(Ω, F))",2,apply continuous_of_supported_in_compact_subset,0.23,unconstrained,apply continuous_of_supported_in_compact_subset,named,apply_tac,apply,True,continuous_of_supported_in_compact_subset,False,
40758,continuous_ofSupportedIn,"theorem continuous_ofSupportedIn {K : Compacts E} (K_sub_Ω : (K : Set E) ⊆ Ω) : Continuous (ofSupportedIn K_sub_Ω : 𝓓^{n}_{K}(E, F) → 𝓓^{n}(Ω, F))",3,`apply continuous_of_supported_in_of_compact_subset`,0.3,unconstrained,`apply continuous_of_supported_in_of_compact_subset`,parse_fail,"No terminal matches '`' in the current parser context, at line 1 col 1",<punct>,True,continuous_of_supported_in_of_compact_subset,False,
40758,continuous_ofSupportedIn,"theorem continuous_ofSupportedIn {K : Compacts E} (K_sub_Ω : (K : Set E) ⊆ Ω) : Continuous (ofSupportedIn K_sub_Ω : 𝓓^{n}_{K}(E, F) → 𝓓^{n}(Ω, F))",4,use continuous_const_on_orthogonal_projection,0.23,unconstrained,use continuous_const_on_orthogonal_projection,named,use_tac,use,True,continuous_const_on_orthogonal_projection,False,
40758,continuous_ofSupportedIn,"theorem continuous_ofSupportedIn {K : Compacts E} (K_sub_Ω : (K : Set E) ⊆ Ω) : Continuous (ofSupportedIn K_sub_Ω : 𝓓^{n}_{K}(E, F) → 𝓓^{n}(Ω, F))",5,cases K_sub_Ω; apply continuous_pi'.continuous_fst; continuity; continuity; continuity; continuity; continuity; continuity; continuity; continuity; continuity; continuity; continuity; continuity; continuity; continuity; continuity; continuity; continuity; continuity; continuity; continuity; continuity; continuity; continuity; continuity; continuity;,1.55,unconstrained,cases K_sub_Ω; apply continuous_pi'.continuous_fst; continuity; continuity; continuity; continuity; continuity; continuity; continuity; continuity; continuity; continuity; continuity; continuity; continuity; continuity; continuity; continuity; continuity; continuity; continuity; continuity; continuity; continuity; continuity; continuity; continuity;,named,cases_tac,cases,True,K_sub_,False,
40758,continuous_ofSupportedIn,"theorem continuous_ofSupportedIn {K : Compacts E} (K_sub_Ω : (K : Set E) ⊆ Ω) : Continuous (ofSupportedIn K_sub_Ω : 𝓓^{n}_{K}(E, F) → 𝓓^{n}(Ω, F))",6,`intro h`,0.13,unconstrained,`intro h`,parse_fail,"No terminal matches '`' in the current parser context, at line 1 col 1",<punct>,True,,False,
40758,continuous_ofSupportedIn,"theorem continuous_ofSupportedIn {K : Compacts E} (K_sub_Ω : (K : Set E) ⊆ Ω) : Continuous (ofSupportedIn K_sub_Ω : 𝓓^{n}_{K}(E, F) → 𝓓^{n}(Ω, F))",7,intro h continuity_h apply continuous_of_compact_subset continuity_h K_sub_Ω continuity_h continuity_h continuity_h continuity_h continuity_h continuity_h continuity_h continuity_h continuity_h continuity_h continuity_h continuity_h continuity_h continuity_h continuity_h continuity_h continuity_h continuity_h continuity_h continuity_h continuity_h continuity_h continuity_h continuity_h,1.54,unconstrained,intro h continuity_h apply continuous_of_compact_subset continuity_h K_sub_Ω continuity_h continuity_h continuity_h continuity_h continuity_h continuity_h continuity_h continuity_h continuity_h continuity_h continuity_h continuity_h continuity_h continuity_h continuity_h continuity_h continuity_h continuity_h continuity_h continuity_h continuity_h continuity_h continuity_h continuity_h,named,intro_tac,intro,True,K_sub_;continuity_h;continuous_of_compact_subset,False,
56443,preservesFiniteColimits_of_evaluation,"lemma preservesFiniteColimits_of_evaluation {D : Type*} [Category* D] {E : Type*} [Category* E] (F : C ⥤ D ⥤ E) (h : ∀ d : D, PreservesFiniteColimits (F ⋙ (evaluation D E).obj d)) : PreservesFiniteColimits F",0,`apply (preserves_finite_colimits_comp _ _)`,0.35,unconstrained,`apply (preserves_finite_colimits_comp _ _)`,parse_fail,"No terminal matches '`' in the current parser context, at line 1 col 1",<punct>,True,preserves_finite_colimits_comp,False,
56443,preservesFiniteColimits_of_evaluation,"lemma preservesFiniteColimits_of_evaluation {D : Type*} [Category* D] {E : Type*} [Category* E] (F : C ⥤ D ⥤ E) (h : ∀ d : D, PreservesFiniteColimits (F ⋙ (evaluation D E).obj d)) : PreservesFiniteColimits F",1,`apply preservesFiniteColimits_comp`,0.23,unconstrained,`apply preservesFiniteColimits_comp`,parse_fail,"No terminal matches '`' in the current parser context, at line 1 col 1",<punct>,True,preservesFiniteColimits_comp,False,
56443,preservesFiniteColimits_of_evaluation,"lemma preservesFiniteColimits_of_evaluation {D : Type*} [Category* D] {E : Type*} [Category* E] (F : C ⥤ D ⥤ E) (h : ∀ d : D, PreservesFiniteColimits (F ⋙ (evaluation D E).obj d)) : PreservesFiniteColimits F",2,`intro d`,0.14,unconstrained,`intro d`,parse_fail,"No terminal matches '`' in the current parser context, at line 1 col 1",<punct>,True,,False,
56443,preservesFiniteColimits_of_evaluation,"lemma preservesFiniteColimits_of_evaluation {D : Type*} [Category* D] {E : Type*} [Category* E] (F : C ⥤ D ⥤ E) (h : ∀ d : D, PreservesFiniteColimits (F ⋙ (evaluation D E).obj d)) : PreservesFiniteColimits F",3,apply CategoryTheory.limits.preserves_colimit.of_preserves_limit_at FiniteColimit.to_limit_cone_hom,0.57,unconstrained,apply CategoryTheory.limits.preserves_colimit.of_preserves_limit_at FiniteColimit.to_limit_cone_hom,named,apply_tac,apply,True,CategoryTheory.limits.preserves_colimit.of_preserves_limit_at;FiniteColimit.to_limit_cone_hom,False,
56443,preservesFiniteColimits_of_evaluation,"lemma preservesFiniteColimits_of_evaluation {D : Type*} [Category* D] {E : Type*} [Category* E] (F : C ⥤ D ⥤ E) (h : ∀ d : D, PreservesFiniteColimits (F ⋙ (evaluation D E).obj d)) : PreservesFiniteColimits F",4,`induction h`,0.15,unconstrained,`induction h`,parse_fail,"No terminal matches '`' in the current parser context, at line 1 col 1",<punct>,True,,False,
56443,preservesFiniteColimits_of_evaluation,"lemma preservesFiniteColimits_of_evaluation {D : Type*} [Category* D] {E : Type*} [Category* E] (F : C ⥤ D ⥤ E) (h : ∀ d : D, PreservesFiniteColimits (F ⋙ (evaluation D E).obj d)) : PreservesFiniteColimits F",5,apply preserves_colimits_of_evaluator_preserves_colimits,0.3,unconstrained,apply preserves_colimits_of_evaluator_preserves_colimits,named,apply_tac,apply,True,preserves_colimits_of_evaluator_preserves_colimits,False,
56443,preservesFiniteColimits_of_evaluation,"lemma preservesFiniteColimits_of_evaluation {D : Type*} [Category* D] {E : Type*} [Category* E] (F : C ⥤ D ⥤ E) (h : ∀ d : D, PreservesFiniteColimits (F ⋙ (evaluation D E).obj d)) : PreservesFiniteColimits F",6,`intros X s; apply h X; intros Y j hfj; apply hfj; intros Z k hfk; apply hfk; intros z; exact z`,0.87,unconstrained,`intros X s; apply h X; intros Y j hfj; apply hfj; intros Z k hfk; apply hfk; intros z; exact z`,parse_fail,"No terminal matches '`' in the current parser context, at line 1 col 1",<punct>,True,,False,
56443,preservesFiniteColimits_of_evaluation,"lemma preservesFiniteColimits_of_evaluation {D : Type*} [Category* D] {E : Type*} [Category* E] (F : C ⥤ D ⥤ E) (h : ∀ d : D, PreservesFiniteColimits (F ⋙ (evaluation D E).obj d)) : PreservesFiniteColimits F",7,`cases h`,0.14,unconstrained,`cases h`,parse_fail,"No terminal matches '`' in the current parser context, at line 1 col 1",<punct>,True,,False,
88236,lt_translationNumber_of_forall_add_lt,"theorem lt_translationNumber_of_forall_add_lt (hf : Continuous f) {z : ℝ} (hz : ∀ x, x + z < f x) : z < τ f",0,use hf.continuity_at_zero,0.21,unconstrained,use hf.continuity_at_zero,named,use_tac,use,True,hf.continuity_at_zero,False,
88236,lt_translationNumber_of_forall_add_lt,"theorem lt_translationNumber_of_forall_add_lt (hf : Continuous f) {z : ℝ} (hz : ∀ x, x + z < f x) : z < τ f",1,rw [translation_number_def],0.18,unconstrained,rw [translation_number_def],named,rw_tac,rw,True,translation_number_def,False,
88236,lt_translationNumber_of_forall_add_lt,"theorem lt_translationNumber_of_forall_add_lt (hf : Continuous f) {z : ℝ} (hz : ∀ x, x + z < f x) : z < τ f",2,rw [translationNumber_def],0.18,unconstrained,rw [translationNumber_def],named,rw_tac,rw,True,translationNumber_def,False,
88236,lt_translationNumber_of_forall_add_lt,"theorem lt_translationNumber_of_forall_add_lt (hf : Continuous f) {z : ℝ} (hz : ∀ x, x + z < f x) : z < τ f",3,"`use hf, hz`",0.21,unconstrained,"`use hf, hz`",parse_fail,"No terminal matches '`' in the current parser context, at line 1 col 1",<punct>,True,,False,
88236,lt_translationNumber_of_forall_add_lt,"theorem lt_translationNumber_of_forall_add_lt (hf : Continuous f) {z : ℝ} (hz : ∀ x, x + z < f x) : z < τ f",4,`have hz' := by simp [hz]`,0.33,unconstrained,`have hz' := by simp [hz]`,parse_fail,"No terminal matches '`' in the current parser context, at line 1 col 1",<punct>,True,hz',False,
88236,lt_translationNumber_of_forall_add_lt,"theorem lt_translationNumber_of_forall_add_lt (hf : Continuous f) {z : ℝ} (hz : ∀ x, x + z < f x) : z < τ f",5,`apply continuous_at_tendsto_zero`,0.25,unconstrained,`apply continuous_at_tendsto_zero`,parse_fail,"No terminal matches '`' in the current parser context, at line 1 col 1",<punct>,True,continuous_at_tendsto_zero,False,
88236,lt_translationNumber_of_forall_add_lt,"theorem lt_translationNumber_of_forall_add_lt (hf : Continuous f) {z : ℝ} (hz : ∀ x, x + z < f x) : z < τ f",6,continuity_at_unbounded_below tau_f hf hz,0.3,unconstrained,continuity_at_unbounded_below tau_f hf hz,fallback,generic_tac,continuity_at_unbounded_below,False,tau_f,False,
88236,lt_translationNumber_of_forall_add_lt,"theorem lt_translationNumber_of_forall_add_lt (hf : Continuous f) {z : ℝ} (hz : ∀ x, x + z < f x) : z < τ f",7,"```lean
intro htau;
```",0.23,unconstrained,intro htau;,named,intro_tac,intro,True,htau,False,
26793,natDegree_,lemma natDegree_Ψ₂Sq (h : (4 : R) ≠ 0) : W.Ψ₂Sq.natDegree = 3,0,rw [W.Ψ₂Sq.natDegree],0.31,unconstrained,rw [W.Ψ₂Sq.natDegree],named,rw_tac,rw,True,,False,
26793,natDegree_,lemma natDegree_Ψ₂Sq (h : (4 : R) ≠ 0) : W.Ψ₂Sq.natDegree = 3,1,refine W.Ψ₂Sq.natDegree_eq_of_coeff₃_ne_zero h; simp; ring; assumption,0.61,unconstrained,refine W.Ψ₂Sq.natDegree_eq_of_coeff₃_ne_zero h; simp; ring; assumption,named,refine_tac,refine,True,Sq.natDegree_eq_of_coeff;_ne_zero,False,
26793,natDegree_,lemma natDegree_Ψ₂Sq (h : (4 : R) ≠ 0) : W.Ψ₂Sq.natDegree = 3,2,`refine (W.Ψ₂Sq.natDegree_eq_of_coeff_nonzero _ h)`,0.51,unconstrained,`refine (W.Ψ₂Sq.natDegree_eq_of_coeff_nonzero _ h)`,parse_fail,"No terminal matches '`' in the current parser context, at line 1 col 1",<punct>,True,Sq.natDegree_eq_of_coeff_nonzero,False,
26793,natDegree_,lemma natDegree_Ψ₂Sq (h : (4 : R) ≠ 0) : W.Ψ₂Sq.natDegree = 3,3,`ring`,0.11,unconstrained,`ring`,parse_fail,"No terminal matches '`' in the current parser context, at line 1 col 1",<punct>,True,,False,
26793,natDegree_,lemma natDegree_Ψ₂Sq (h : (4 : R) ≠ 0) : W.Ψ₂Sq.natDegree = 3,4,rw [W.Ψ₂Sq.def],0.25,unconstrained,rw [W.Ψ₂Sq.def],named,rw_tac,rw,True,,False,
26793,natDegree_,lemma natDegree_Ψ₂Sq (h : (4 : R) ≠ 0) : W.Ψ₂Sq.natDegree = 3,5,`norm_num`,0.13,unconstrained,`norm_num`,parse_fail,"No terminal matches '`' in the current parser context, at line 1 col 1",<punct>,True,,False,
26793,natDegree_,lemma natDegree_Ψ₂Sq (h : (4 : R) ≠ 0) : W.Ψ₂Sq.natDegree = 3,6,have h₀ := h.ne_zero_of_ne_zero,0.27,unconstrained,have h₀ := h.ne_zero_of_ne_zero,named,have_tac,have,True,h.ne_zero_of_ne_zero,False,
26793,natDegree_,lemma natDegree_Ψ₂Sq (h : (4 : R) ≠ 0) : W.Ψ₂Sq.natDegree = 3,7,rw [W.Ψ₂Sq.def],0.25,unconstrained,rw [W.Ψ₂Sq.def],named,rw_tac,rw,True,,False,
24312,Antiperiodic,theorem Antiperiodic.odd_nsmul_antiperiodic [AddMonoid α] [InvolutiveNeg β] (h : Antiperiodic f c) (n : ℕ) : Antiperiodic f ((2 * n + 1) • c),0,rw [Antiperiodic.def],0.23,unconstrained,rw [Antiperiodic.def],named,rw_tac,rw,True,,False,
24312,Antiperiodic,theorem Antiperiodic.odd_nsmul_antiperiodic [AddMonoid α] [InvolutiveNeg β] (h : Antiperiodic f c) (n : ℕ) : Antiperiodic f ((2 * n + 1) • c),1,rw [Antiperiodic.def],0.23,unconstrained,rw [Antiperiodic.def],named,rw_tac,rw,True,,False,
24312,Antiperiodic,theorem Antiperiodic.odd_nsmul_antiperiodic [AddMonoid α] [InvolutiveNeg β] (h : Antiperiodic f c) (n : ℕ) : Antiperiodic f ((2 * n + 1) • c),2,"use h, n, by simp only [odd_add_one]; apply nat.even_or_odd; intro even_h; rw [even_h]; exact nsmul_zero_left _; intro odd_h; rw [odd_h]; exact nsmul_one_right _",1.3,unconstrained,"use h, n, by simp only [odd_add_one]; apply nat.even_or_odd; intro even_h; rw [even_h]; exact nsmul_zero_left _; intro odd_h; rw [odd_h]; exact nsmul_one_right _",named,use_tac,use,True,nsmul_one_right;nsmul_zero_left,False,
24312,Antiperiodic,theorem Antiperiodic.odd_nsmul_antiperiodic [AddMonoid α] [InvolutiveNeg β] (h : Antiperiodic f c) (n : ℕ) : Antiperiodic f ((2 * n + 1) • c),3,`intro h'`,0.16,unconstrained,`intro h'`,parse_fail,"No terminal matches '`' in the current parser context, at line 1 col 1",<punct>,True,,False,
24312,Antiperiodic,theorem Antiperiodic.odd_nsmul_antiperiodic [AddMonoid α] [InvolutiveNeg β] (h : Antiperiodic f c) (n : ℕ) : Antiperiodic f ((2 * n + 1) • c),4,`apply h`,0.14,unconstrained,`apply h`,parse_fail,"No terminal matches '`' in the current parser context, at line 1 col 1",<punct>,True,,False,
24312,Antiperiodic,theorem Antiperiodic.odd_nsmul_antiperiodic [AddMonoid α] [InvolutiveNeg β] (h : Antiperiodic f c) (n : ℕ) : Antiperiodic f ((2 * n + 1) • c),5,`rw [Antiperiodic.def]`,0.28,unconstrained,`rw [Antiperiodic.def]`,parse_fail,"No terminal matches '`' in the current parser context, at line 1 col 1",<punct>,True,,False,
24312,Antiperiodic,theorem Antiperiodic.odd_nsmul_antiperiodic [AddMonoid α] [InvolutiveNeg β] (h : Antiperiodic f c) (n : ℕ) : Antiperiodic f ((2 * n + 1) • c),6,rw [Antiperiodic.def],0.23,unconstrained,rw [Antiperiodic.def],named,rw_tac,rw,True,,False,
24312,Antiperiodic,theorem Antiperiodic.odd_nsmul_antiperiodic [AddMonoid α] [InvolutiveNeg β] (h : Antiperiodic f c) (n : ℕ) : Antiperiodic f ((2 * n + 1) • c),7,`have h' : Antiperiodic f ((2 * n + 1) • c)`,0.54,unconstrained,`have h' : Antiperiodic f ((2 * n + 1) • c)`,parse_fail,"No terminal matches '`' in the current parser context, at line 1 col 1",<punct>,True,,False,
99595,sum_coord_apply_eq_one,"theorem sum_coord_apply_eq_one [Fintype ι] (q : P) : ∑ i, b.coord i q = 1",0,`rw [sum_coord_apply]`,0.23,unconstrained,`rw [sum_coord_apply]`,parse_fail,"No terminal matches '`' in the current parser context, at line 1 col 1",<punct>,True,sum_coord_apply,False,
99595,sum_coord_apply_eq_one,"theorem sum_coord_apply_eq_one [Fintype ι] (q : P) : ∑ i, b.coord i q = 1",1,`rw [sum_coord_apply_eq_one]`,0.27,unconstrained,`rw [sum_coord_apply_eq_one]`,parse_fail,"No terminal matches '`' in the current parser context, at line 1 col 1",<punct>,True,,False,
99595,sum_coord_apply_eq_one,"theorem sum_coord_apply_eq_one [Fintype ι] (q : P) : ∑ i, b.coord i q = 1",2,`rw [sum_coord_apply]`,0.22,unconstrained,`rw [sum_coord_apply]`,parse_fail,"No terminal matches '`' in the current parser context, at line 1 col 1",<punct>,True,sum_coord_apply,False,
99595,sum_coord_apply_eq_one,"theorem sum_coord_apply_eq_one [Fintype ι] (q : P) : ∑ i, b.coord i q = 1",3,rw [sum_coord_apply],0.18,unconstrained,rw [sum_coord_apply],named,rw_tac,rw,True,sum_coord_apply,False,
99595,sum_coord_apply_eq_one,"theorem sum_coord_apply_eq_one [Fintype ι] (q : P) : ∑ i, b.coord i q = 1",4,`rw [sum_coord_apply]`,0.23,unconstrained,`rw [sum_coord_apply]`,parse_fail,"No terminal matches '`' in the current parser context, at line 1 col 1",<punct>,True,sum_coord_apply,False,
99595,sum_coord_apply_eq_one,"theorem sum_coord_apply_eq_one [Fintype ι] (q : P) : ∑ i, b.coord i q = 1",5,simp only [P.sum_coord_apply_eq_one],0.28,unconstrained,simp only [P.sum_coord_apply_eq_one],named,simp_tac,simp,True,,False,
99595,sum_coord_apply_eq_one,"theorem sum_coord_apply_eq_one [Fintype ι] (q : P) : ∑ i, b.coord i q = 1",6,simp only [sum_coord_apply],0.21,unconstrained,simp only [sum_coord_apply],named,simp_tac,simp,True,sum_coord_apply,False,
99595,sum_coord_apply_eq_one,"theorem sum_coord_apply_eq_one [Fintype ι] (q : P) : ∑ i, b.coord i q = 1",7,use finset.sum_const_one,0.18,unconstrained,use finset.sum_const_one,named,use_tac,use,True,finset.sum_const_one,False,
25353,intrinsicStar_toLin',theorem intrinsicStar_toLin' (A : Matrix n m R) : star (toConv A.toLin') = toConv (A.map star).toLin',0,`rw [star_toConv]`,0.24,unconstrained,`rw [star_toConv]`,parse_fail,"No terminal matches '`' in the current parser context, at line 1 col 1",<punct>,True,star_toConv,False,
25353,intrinsicStar_toLin',theorem intrinsicStar_toLin' (A : Matrix n m R) : star (toConv A.toLin') = toConv (A.map star).toLin',1,dsimp [star],0.16,unconstrained,dsimp [star],named,dsimp_tac,dsimp,True,,False,
25353,intrinsicStar_toLin',theorem intrinsicStar_toLin' (A : Matrix n m R) : star (toConv A.toLin') = toConv (A.map star).toLin',2,"rw [star_toLin', toConv_map]",0.28,unconstrained,"rw [star_toLin', toConv_map]",named,rw_tac,rw,True,star_toLin';toConv_map,False,
25353,intrinsicStar_toLin',theorem intrinsicStar_toLin' (A : Matrix n m R) : star (toConv A.toLin') = toConv (A.map star).toLin',3,"`unfold toConv, star`",0.21,unconstrained,"`unfold toConv, star`",parse_fail,"No terminal matches '`' in the current parser context, at line 1 col 1",<punct>,True,toConv,False,
25353,intrinsicStar_toLin',theorem intrinsicStar_toLin' (A : Matrix n m R) : star (toConv A.toLin') = toConv (A.map star).toLin',4,rw [toConv_map],0.18,unconstrained,rw [toConv_map],named,rw_tac,rw,True,toConv_map,False,
25353,intrinsicStar_toLin',theorem intrinsicStar_toLin' (A : Matrix n m R) : star (toConv A.toLin') = toConv (A.map star).toLin',5,`rw [star_congr]`,0.23,unconstrained,`rw [star_congr]`,parse_fail,"No terminal matches '`' in the current parser context, at line 1 col 1",<punct>,True,star_congr,False,
25353,intrinsicStar_toLin',theorem intrinsicStar_toLin' (A : Matrix n m R) : star (toConv A.toLin') = toConv (A.map star).toLin',6,rw [star_apply],0.16,unconstrained,rw [star_apply],named,rw_tac,rw,True,,False,
25353,intrinsicStar_toLin',theorem intrinsicStar_toLin' (A : Matrix n m R) : star (toConv A.toLin') = toConv (A.map star).toLin',7,rewrite toConv_eq_map_star,0.2,unconstrained,rewrite toConv_eq_map_star,fallback,generic_tac,rewrite,False,toConv_eq_map_star,False,
94104,writtenInExtChartAt_sumSwap_eventuallyEq_id,lemma writtenInExtChartAt_sumSwap_eventuallyEq_id : writtenInExtChartAt I I p Sum.swap =ᶠ[𝓝[range I] (I <| chartAt H p p)] id,0,`rw [Sum.swap]`,0.21,unconstrained,`rw [Sum.swap]`,parse_fail,"No terminal matches '`' in the current parser context, at line 1 col 1",<punct>,True,,False,
94104,writtenInExtChartAt_sumSwap_eventuallyEq_id,lemma writtenInExtChartAt_sumSwap_eventuallyEq_id : writtenInExtChartAt I I p Sum.swap =ᶠ[𝓝[range I] (I <| chartAt H p p)] id,1,rw [writtenInExtChartAt_def],0.25,unconstrained,rw [writtenInExtChartAt_def],named,rw_tac,rw,True,writtenInExtChartAt_def,False,
94104,writtenInExtChartAt_sumSwap_eventuallyEq_id,lemma writtenInExtChartAt_sumSwap_eventuallyEq_id : writtenInExtChartAt I I p Sum.swap =ᶠ[𝓝[range I] (I <| chartAt H p p)] id,2,`rw [Sum.swap]`,0.21,unconstrained,`rw [Sum.swap]`,parse_fail,"No terminal matches '`' in the current parser context, at line 1 col 1",<punct>,True,,False,
94104,writtenInExtChartAt_sumSwap_eventuallyEq_id,lemma writtenInExtChartAt_sumSwap_eventuallyEq_id : writtenInExtChartAt I I p Sum.swap =ᶠ[𝓝[range I] (I <| chartAt H p p)] id,3,change $writtenInExtChartAt I I p Sum.swap$ to $writtenInExtChartAt I I p (swap Sum)$ by congr',0.76,unconstrained,change $writtenInExtChartAt I I p Sum.swap$ to $writtenInExtChartAt I I p (swap Sum)$ by congr',named,change_tac,change,True,,False,
94104,writtenInExtChartAt_sumSwap_eventuallyEq_id,lemma writtenInExtChartAt_sumSwap_eventuallyEq_id : writtenInExtChartAt I I p Sum.swap =ᶠ[𝓝[range I] (I <| chartAt H p p)] id,4,`unfold writtenInExtChartAt chartAt Sum.swap`,0.33,unconstrained,`unfold writtenInExtChartAt chartAt Sum.swap`,parse_fail,"No terminal matches '`' in the current parser context, at line 1 col 1",<punct>,True,,False,
94104,writtenInExtChartAt_sumSwap_eventuallyEq_id,lemma writtenInExtChartAt_sumSwap_eventuallyEq_id : writtenInExtChartAt I I p Sum.swap =ᶠ[𝓝[range I] (I <| chartAt H p p)] id,5,"change (writtenInExtChartAt I I p Sum.swap =ᶠ[𝓝[range I] (I <| chartAt H p p)] id) into ∀ ε > 0, ∃ δ > 0, ∀ x ∈ range I, |x - chartAt H p p| < δ →",1.56,unconstrained,"change (writtenInExtChartAt I I p Sum.swap =ᶠ[𝓝[range I] (I <| chartAt H p p)] id) into ∀ ε > 0, ∃ δ > 0, ∀ x ∈ range I, |x - chartAt H p p| < δ →",named,change_tac,change,True,into,False,
94104,writtenInExtChartAt_sumSwap_eventuallyEq_id,lemma writtenInExtChartAt_sumSwap_eventuallyEq_id : writtenInExtChartAt I I p Sum.swap =ᶠ[𝓝[range I] (I <| chartAt H p p)] id,6,rw [Sum.swap],0.16,unconstrained,rw [Sum.swap],named,rw_tac,rw,True,,False,
94104,writtenInExtChartAt_sumSwap_eventuallyEq_id,lemma writtenInExtChartAt_sumSwap_eventuallyEq_id : writtenInExtChartAt I I p Sum.swap =ᶠ[𝓝[range I] (I <| chartAt H p p)] id,7,`rw [Sum.swap_id]`,0.23,unconstrained,`rw [Sum.swap_id]`,parse_fail,"No terminal matches '`' in the current parser context, at line 1 col 1",<punct>,True,Sum.swap_id,False,
90165,card_of_separable,theorem card_of_separable (hp : p.Separable) : Nat.card p.Gal = finrank F p.SplittingField,0,`rw [p.splittingField_eq_finset_roots]`,0.38,unconstrained,`rw [p.splittingField_eq_finset_roots]`,parse_fail,"No terminal matches '`' in the current parser context, at line 1 col 1",<punct>,True,p.splittingField_eq_finset_roots,False,
90165,card_of_separable,theorem card_of_separable (hp : p.Separable) : Nat.card p.Gal = finrank F p.SplittingField,1,`rw [hp.separable]`,0.23,unconstrained,`rw [hp.separable]`,parse_fail,"No terminal matches '`' in the current parser context, at line 1 col 1",<punct>,True,,False,
90165,card_of_separable,theorem card_of_separable (hp : p.Separable) : Nat.card p.Gal = finrank F p.SplittingField,2,rw [hp.splitting_field_eq],0.23,unconstrained,rw [hp.splitting_field_eq],named,rw_tac,rw,True,hp.splitting_field_eq,False,
90165,card_of_separable,theorem card_of_separable (hp : p.Separable) : Nat.card p.Gal = finrank F p.SplittingField,3,rw [p.splitting_field_card],0.23,unconstrained,rw [p.splitting_field_card],named,rw_tac,rw,True,p.splitting_field_card,False,
90165,card_of_separable,theorem card_of_separable (hp : p.Separable) : Nat.card p.Gal = finrank F p.SplittingField,4,`rw [Separable.splittingFieldIsSplittingField]`,0.37,unconstrained,`rw [Separable.splittingFieldIsSplittingField]`,parse_fail,"No terminal matches '`' in the current parser context, at line 1 col 1",<punct>,True,Separable.splittingFieldIsSplittingField,False,
90165,card_of_separable,theorem card_of_separable (hp : p.Separable) : Nat.card p.Gal = finrank F p.SplittingField,5,rw [separable_def],0.18,unconstrained,rw [separable_def],named,rw_tac,rw,True,,False,
90165,card_of_separable,theorem card_of_separable (hp : p.Separable) : Nat.card p.Gal = finrank F p.SplittingField,6,rw [p.splittingField_eq_splittingExtension],0.3,unconstrained,rw [p.splittingField_eq_splittingExtension],named,rw_tac,rw,True,p.splittingField_eq_splittingExtension,False,
90165,card_of_separable,theorem card_of_separable (hp : p.Separable) : Nat.card p.Gal = finrank F p.SplittingField,7,`apply hp.separability_lemma`,0.25,unconstrained,`apply hp.separability_lemma`,parse_fail,"No terminal matches '`' in the current parser context, at line 1 col 1",<punct>,True,hp.separability_lemma,False,
158263,tsum_const_smul',"lemma tsum_const_smul' {γ : Type*} [Group γ] [DistribMulAction γ α] [ContinuousConstSMul γ α] [T2Space α] (g : γ) : ∑'[L] (i : β), g • f i = g • ∑'[L] (i : β), f i",0,`sorry`,0.11,unconstrained,`sorry`,parse_fail,"No terminal matches '`' in the current parser context, at line 1 col 1",<punct>,True,,True,
158263,tsum_const_smul',"lemma tsum_const_smul' {γ : Type*} [Group γ] [DistribMulAction γ α] [ContinuousConstSMul γ α] [T2Space α] (g : γ) : ∑'[L] (i : β), g • f i = g • ∑'[L] (i : β), f i",1,`rw [← smul_tsum']`,0.28,unconstrained,`rw [← smul_tsum']`,parse_fail,"No terminal matches '`' in the current parser context, at line 1 col 1",<punct>,True,smul_tsum',False,
158263,tsum_const_smul',"lemma tsum_const_smul' {γ : Type*} [Group γ] [DistribMulAction γ α] [ContinuousConstSMul γ α] [T2Space α] (g : γ) : ∑'[L] (i : β), g • f i = g • ∑'[L] (i : β), f i",2,`rw [← smul_tsum]`,0.28,unconstrained,`rw [← smul_tsum]`,parse_fail,"No terminal matches '`' in the current parser context, at line 1 col 1",<punct>,True,smul_tsum,False,
158263,tsum_const_smul',"lemma tsum_const_smul' {γ : Type*} [Group γ] [DistribMulAction γ α] [ContinuousConstSMul γ α] [T2Space α] (g : γ) : ∑'[L] (i : β), g • f i = g • ∑'[L] (i : β), f i",3,rw [smul_tsum'],0.21,unconstrained,rw [smul_tsum'],named,rw_tac,rw,True,smul_tsum',False,
158263,tsum_const_smul',"lemma tsum_const_smul' {γ : Type*} [Group γ] [DistribMulAction γ α] [ContinuousConstSMul γ α] [T2Space α] (g : γ) : ∑'[L] (i : β), g • f i = g • ∑'[L] (i : β), f i",4,`rw [smul_tsum]`,0.26,unconstrained,`rw [smul_tsum]`,parse_fail,"No terminal matches '`' in the current parser context, at line 1 col 1",<punct>,True,smul_tsum,False,
158263,tsum_const_smul',"lemma tsum_const_smul' {γ : Type*} [Group γ] [DistribMulAction γ α] [ContinuousConstSMul γ α] [T2Space α] (g : γ) : ∑'[L] (i : β), g • f i = g • ∑'[L] (i : β), f i",5,`rw [← sum_mul_distrib']`,0.28,unconstrained,`rw [← sum_mul_distrib']`,parse_fail,"No terminal matches '`' in the current parser context, at line 1 col 1",<punct>,True,sum_mul_distrib',False,
158263,tsum_const_smul',"lemma tsum_const_smul' {γ : Type*} [Group γ] [DistribMulAction γ α] [ContinuousConstSMul γ α] [T2Space α] (g : γ) : ∑'[L] (i : β), g • f i = g • ∑'[L] (i : β), f i",6,conv_rhs { rw [← smul_sum_distrib] },0.35,unconstrained,conv_rhs { rw [← smul_sum_distrib] },fallback,generic_tac,conv_rhs,True,smul_sum_distrib,False,
158263,tsum_const_smul',"lemma tsum_const_smul' {γ : Type*} [Group γ] [DistribMulAction γ α] [ContinuousConstSMul γ α] [T2Space α] (g : γ) : ∑'[L] (i : β), g • f i = g • ∑'[L] (i : β), f i",7,`simp [`ContinuousConstSMul.continuous_map]`,0.35,unconstrained,`simp [`ContinuousConstSMul.continuous_map]`,parse_fail,"No terminal matches '`' in the current parser context, at line 1 col 1",<punct>,True,,False,
69342,darts_drop,lemma darts_drop (p : G.Walk u v) (n : ℕ) : (p.drop n).darts = p.darts.drop n,0,rw [Walk.drop],0.16,unconstrained,rw [Walk.drop],named,rw_tac,rw,True,,False,
69342,darts_drop,lemma darts_drop (p : G.Walk u v) (n : ℕ) : (p.drop n).darts = p.darts.drop n,1,rewrite Walk.drop_darts,0.16,unconstrained,rewrite Walk.drop_darts,fallback,generic_tac,rewrite,False,Walk.drop_darts,False,
69342,darts_drop,lemma darts_drop (p : G.Walk u v) (n : ℕ) : (p.drop n).darts = p.darts.drop n,2,simp,0.06,unconstrained,simp,named,simp_tac,simp,True,,False,
69342,darts_drop,lemma darts_drop (p : G.Walk u v) (n : ℕ) : (p.drop n).darts = p.darts.drop n,3,`rw [G.Walk.drop_darts]`,0.3,unconstrained,`rw [G.Walk.drop_darts]`,parse_fail,"No terminal matches '`' in the current parser context, at line 1 col 1",<punct>,True,G.Walk.drop_darts,False,
69342,darts_drop,lemma darts_drop (p : G.Walk u v) (n : ℕ) : (p.drop n).darts = p.darts.drop n,4,`rw [Walk.drop_darts]`,0.25,unconstrained,`rw [Walk.drop_darts]`,parse_fail,"No terminal matches '`' in the current parser context, at line 1 col 1",<punct>,True,Walk.drop_darts,False,
69342,darts_drop,lemma darts_drop (p : G.Walk u v) (n : ℕ) : (p.drop n).darts = p.darts.drop n,5,rw [G.Walk.drop_darts],0.25,unconstrained,rw [G.Walk.drop_darts],named,rw_tac,rw,True,G.Walk.drop_darts,False,
69342,darts_drop,lemma darts_drop (p : G.Walk u v) (n : ℕ) : (p.drop n).darts = p.darts.drop n,6,rw [G.Walk.drop],0.2,unconstrained,rw [G.Walk.drop],named,rw_tac,rw,True,,False,
69342,darts_drop,lemma darts_drop (p : G.Walk u v) (n : ℕ) : (p.drop n).darts = p.darts.drop n,7,rw [G.Walk.drop],0.2,unconstrained,rw [G.Walk.drop],named,rw_tac,rw,True,,False,
11390,L,lemma L₀_g_δ : S.L₀.g ≫ S.δ = 0,0,`rw [S.g_δ_eq_zero]`,0.3,unconstrained,`rw [S.g_δ_eq_zero]`,parse_fail,"No terminal matches '`' in the current parser context, at line 1 col 1",<punct>,True,S.g_;δ_eq_zero,False,
11390,L,lemma L₀_g_δ : S.L₀.g ≫ S.δ = 0,1,rw [S.L₀.g_def],0.23,unconstrained,rw [S.L₀.g_def],named,rw_tac,rw,True,S.L;g_def,False,
11390,L,lemma L₀_g_δ : S.L₀.g ≫ S.δ = 0,2,"rw [S.L₀.g_def, S.δ_def]",0.35,unconstrained,"rw [S.L₀.g_def, S.δ_def]",named,rw_tac,rw,True,S.L;g_def;δ_def,False,
11390,L,lemma L₀_g_δ : S.L₀.g ≫ S.δ = 0,3,"rw [S.L₀.g_def, S.δ_def]",0.35,unconstrained,"rw [S.L₀.g_def, S.δ_def]",named,rw_tac,rw,True,S.L;g_def;δ_def,False,
11390,L,lemma L₀_g_δ : S.L₀.g ≫ S.δ = 0,4,rw [S.L₀.g_δ],0.25,unconstrained,rw [S.L₀.g_δ],named,rw_tac,rw,True,S.L;g_,False,
11390,L,lemma L₀_g_δ : S.L₀.g ≫ S.δ = 0,5,use comp_zero,0.11,unconstrained,use comp_zero,named,use_tac,use,True,,False,
11390,L,lemma L₀_g_δ : S.L₀.g ≫ S.δ = 0,6,rw [S.L₀_g_δ],0.25,unconstrained,rw [S.L₀_g_δ],named,rw_tac,rw,True,S.L;_g_,False,
11390,L,lemma L₀_g_δ : S.L₀.g ≫ S.δ = 0,7,`rw [S.L₀.g_assoc_S.δ]`,0.35,unconstrained,`rw [S.L₀.g_assoc_S.δ]`,parse_fail,"No terminal matches '`' in the current parser context, at line 1 col 1",<punct>,True,S.L,False,
120435,eval_modulus_sub,lemma eval_modulus_sub (x : ZMod n) : χ (n - x) = χ (-x),0,rw [ZMod.sub_neg],0.21,unconstrained,rw [ZMod.sub_neg],named,rw_tac,rw,True,,False,
120435,eval_modulus_sub,lemma eval_modulus_sub (x : ZMod n) : χ (n - x) = χ (-x),1,rw [ZMod.sub_neg],0.21,unconstrained,rw [ZMod.sub_neg],named,rw_tac,rw,True,,False,
120435,eval_modulus_sub,lemma eval_modulus_sub (x : ZMod n) : χ (n - x) = χ (-x),2,simplify [modulus.sub],0.21,unconstrained,simplify [modulus.sub],named,simp_tac,simplify,False,,False,
120435,eval_modulus_sub,lemma eval_modulus_sub (x : ZMod n) : χ (n - x) = χ (-x),3,rw [ZMod.sub_eq_add_neg],0.25,unconstrained,rw [ZMod.sub_eq_add_neg],named,rw_tac,rw,True,ZMod.sub_eq_add_neg,False,
120435,eval_modulus_sub,lemma eval_modulus_sub (x : ZMod n) : χ (n - x) = χ (-x),4,congr hoq: (n - x) = -x,0.35,unconstrained,congr hoq: (n - x) = -x,named,congr_tac,congr,True,hoq,False,
120435,eval_modulus_sub,lemma eval_modulus_sub (x : ZMod n) : χ (n - x) = χ (-x),5,rw [ZMod.sub_add_cancel],0.23,unconstrained,rw [ZMod.sub_add_cancel],named,rw_tac,rw,True,,False,
120435,eval_modulus_sub,lemma eval_modulus_sub (x : ZMod n) : χ (n - x) = χ (-x),6,rw [ZMod.nSub_eq_nAddNeg],0.3,unconstrained,rw [ZMod.nSub_eq_nAddNeg],named,rw_tac,rw,True,ZMod.nSub_eq_nAddNeg,False,
120435,eval_modulus_sub,lemma eval_modulus_sub (x : ZMod n) : χ (n - x) = χ (-x),7,`rewrite ZMod.sub_neg_one_eq_add_one`,0.3,unconstrained,`rewrite ZMod.sub_neg_one_eq_add_one`,parse_fail,"No terminal matches '`' in the current parser context, at line 1 col 1",<punct>,True,ZMod.sub_neg_one_eq_add_one,False,
140568,IsTranscendenceBasis,theorem IsTranscendenceBasis.isAlgebraic [Nontrivial R] (hx : IsTranscendenceBasis R x) : Algebra.IsAlgebraic (adjoin R (range x)) A,0,"use hx.transcendental, intro, apply IsTranscendenceBasis.range_transcendental, assumption",0.61,unconstrained,"use hx.transcendental, intro, apply IsTranscendenceBasis.range_transcendental, assumption",named,use_tac,use,True,IsTranscendenceBasis.range_transcendental,False,
140568,IsTranscendenceBasis,theorem IsTranscendenceBasis.isAlgebraic [Nontrivial R] (hx : IsTranscendenceBasis R x) : Algebra.IsAlgebraic (adjoin R (range x)) A,1,`rw [IsTranscendenceBasis.isAlgebraic_iff_adjoin_isFiniteDimensional]`,0.59,unconstrained,`rw [IsTranscendenceBasis.isAlgebraic_iff_adjoin_isFiniteDimensional]`,parse_fail,"No terminal matches '`' in the current parser context, at line 1 col 1",<punct>,True,IsTranscendenceBasis.isAlgebraic_iff_adjoin_isFiniteDimensional,False,
140568,IsTranscendenceBasis,theorem IsTranscendenceBasis.isAlgebraic [Nontrivial R] (hx : IsTranscendenceBasis R x) : Algebra.IsAlgebraic (adjoin R (range x)) A,2,use hx.toIsTranscendenceBasis.isAlgebraic,0.37,unconstrained,use hx.toIsTranscendenceBasis.isAlgebraic,named,use_tac,use,True,,False,
140568,IsTranscendenceBasis,theorem IsTranscendenceBasis.isAlgebraic [Nontrivial R] (hx : IsTranscendenceBasis R x) : Algebra.IsAlgebraic (adjoin R (range x)) A,3,have hx' := hx.transcendental_range_nonempty,0.33,unconstrained,have hx' := hx.transcendental_range_nonempty,named,have_tac,have,True,hx';hx.transcendental_range_nonempty,False,
140568,IsTranscendenceBasis,theorem IsTranscendenceBasis.isAlgebraic [Nontrivial R] (hx : IsTranscendenceBasis R x) : Algebra.IsAlgebraic (adjoin R (range x)) A,4,`apply IsTranscendenceBasis.isFiniteDimensional.`,0.38,unconstrained,`apply IsTranscendenceBasis.isFiniteDimensional.`,parse_fail,"No terminal matches '`' in the current parser context, at line 1 col 1",<punct>,True,,False,
140568,IsTranscendenceBasis,theorem IsTranscendenceBasis.isAlgebraic [Nontrivial R] (hx : IsTranscendenceBasis R x) : Algebra.IsAlgebraic (adjoin R (range x)) A,5,`rw [IsTranscendenceBasis.isAlgebraic_iff]`,0.45,unconstrained,`rw [IsTranscendenceBasis.isAlgebraic_iff]`,parse_fail,"No terminal matches '`' in the current parser context, at line 1 col 1",<punct>,True,,False,
140568,IsTranscendenceBasis,theorem IsTranscendenceBasis.isAlgebraic [Nontrivial R] (hx : IsTranscendenceBasis R x) : Algebra.IsAlgebraic (adjoin R (range x)) A,6,contradiction,0.11,unconstrained,contradiction,fallback,generic_tac,contradiction,True,,False,
140568,IsTranscendenceBasis,theorem IsTranscendenceBasis.isAlgebraic [Nontrivial R] (hx : IsTranscendenceBasis R x) : Algebra.IsAlgebraic (adjoin R (range x)) A,7,apply IsTranscendenceBasis.isAlgebraic_of_isAlgebraic_adjoin,0.5,unconstrained,apply IsTranscendenceBasis.isAlgebraic_of_isAlgebraic_adjoin,named,apply_tac,apply,True,IsTranscendenceBasis.isAlgebraic_of_isAlgebraic_adjoin,False,
32722,Commute,protected theorem Commute.cfc {a b : A} (hb₁ : Commute a b) (hb₂ : Commute (star a) b) (f : 𝕜 → 𝕜) : Commute (cfc f a) b,0,rw [Commute.cfc],0.22,unconstrained,rw [Commute.cfc],named,rw_tac,rw,True,,False,
32722,Commute,protected theorem Commute.cfc {a b : A} (hb₁ : Commute a b) (hb₂ : Commute (star a) b) (f : 𝕜 → 𝕜) : Commute (cfc f a) b,1,"unfold Commute, cfc",0.19,unconstrained,"unfold Commute, cfc",named,unfold_tac,unfold,True,,False,
32722,Commute,protected theorem Commute.cfc {a b : A} (hb₁ : Commute a b) (hb₂ : Commute (star a) b) (f : 𝕜 → 𝕜) : Commute (cfc f a) b,2,`unfold Commute cfc`,0.21,unconstrained,`unfold Commute cfc`,parse_fail,"No terminal matches '`' in the current parser context, at line 1 col 1",<punct>,True,,False,
32722,Commute,protected theorem Commute.cfc {a b : A} (hb₁ : Commute a b) (hb₂ : Commute (star a) b) (f : 𝕜 → 𝕜) : Commute (cfc f a) b,3,"rw [Commute.def] at hb₁ hb₂; unfold cfc; apply funext; intro x; simp only [star_apply, commutes_of_commute hb₁ hb₂]; rw [← star_apply]; apply hb₂; simp",1.25,unconstrained,"rw [Commute.def] at hb₁ hb₂; unfold cfc; apply funext; intro x; simp only [star_apply, commutes_of_commute hb₁ hb₂]; rw [← star_apply]; apply hb₂; simp",named,rw_tac,rw,True,commutes_of_commute;hb,False,
32722,Commute,protected theorem Commute.cfc {a b : A} (hb₁ : Commute a b) (hb₂ : Commute (star a) b) (f : 𝕜 → 𝕜) : Commute (cfc f a) b,4,`rw [Commute.mul_eq_mul] at hb₁ hb₂`,0.4,unconstrained,`rw [Commute.mul_eq_mul] at hb₁ hb₂`,parse_fail,"No terminal matches '`' in the current parser context, at line 1 col 1",<punct>,True,hb,False,
32722,Commute,protected theorem Commute.cfc {a b : A} (hb₁ : Commute a b) (hb₂ : Commute (star a) b) (f : 𝕜 → 𝕜) : Commute (cfc f a) b,5,unfold commute,0.09,unconstrained,unfold commute,named,unfold_tac,unfold,True,,False,
32722,Commute,protected theorem Commute.cfc {a b : A} (hb₁ : Commute a b) (hb₂ : Commute (star a) b) (f : 𝕜 → 𝕜) : Commute (cfc f a) b,6,`unfold Commute`,0.16,unconstrained,`unfold Commute`,parse_fail,"No terminal matches '`' in the current parser context, at line 1 col 1",<punct>,True,,False,
32722,Commute,protected theorem Commute.cfc {a b : A} (hb₁ : Commute a b) (hb₂ : Commute (star a) b) (f : 𝕜 → 𝕜) : Commute (cfc f a) b,7,unfold Commute; rw [Commute.def],0.28,unconstrained,unfold Commute; rw [Commute.def],named,unfold_tac,unfold,True,,False,
99230,vsub_apply,theorem vsub_apply (f g : P1 →ᵃ[k] P2) (p : P1) : (f -ᵥ g : P1 →ᵃ[k] V2) p = f p -ᵥ g p,0,rw [vsub_apply],0.19,unconstrained,rw [vsub_apply],named,rw_tac,rw,True,,False,
99230,vsub_apply,theorem vsub_apply (f g : P1 →ᵃ[k] P2) (p : P1) : (f -ᵥ g : P1 →ᵃ[k] V2) p = f p -ᵥ g p,1,rw [vsub_apply],0.18,unconstrained,rw [vsub_apply],named,rw_tac,rw,True,,False,
99230,vsub_apply,theorem vsub_apply (f g : P1 →ᵃ[k] P2) (p : P1) : (f -ᵥ g : P1 →ᵃ[k] V2) p = f p -ᵥ g p,2,ext p; unfold vsub_apply; simp [vsub_apply]; rw [add_sub_cancel'],0.52,unconstrained,ext p; unfold vsub_apply; simp [vsub_apply]; rw [add_sub_cancel'],named,ext_tac,ext,True,add_sub_cancel',False,
99230,vsub_apply,theorem vsub_apply (f g : P1 →ᵃ[k] P2) (p : P1) : (f -ᵥ g : P1 →ᵃ[k] V2) p = f p -ᵥ g p,3,rw [vsub_def],0.18,unconstrained,rw [vsub_def],named,rw_tac,rw,True,,False,
99230,vsub_apply,theorem vsub_apply (f g : P1 →ᵃ[k] P2) (p : P1) : (f -ᵥ g : P1 →ᵃ[k] V2) p = f p -ᵥ g p,4,rw [vsub_def],0.18,unconstrained,rw [vsub_def],named,rw_tac,rw,True,,False,
99230,vsub_apply,theorem vsub_apply (f g : P1 →ᵃ[k] P2) (p : P1) : (f -ᵥ g : P1 →ᵃ[k] V2) p = f p -ᵥ g p,5,rw [vsub_apply'],0.19,unconstrained,rw [vsub_apply'],named,rw_tac,rw,True,vsub_apply',False,
99230,vsub_apply,theorem vsub_apply (f g : P1 →ᵃ[k] P2) (p : P1) : (f -ᵥ g : P1 →ᵃ[k] V2) p = f p -ᵥ g p,6,rw [vsub_apply],0.18,unconstrained,rw [vsub_apply],named,rw_tac,rw,True,,False,
99230,vsub_apply,theorem vsub_apply (f g : P1 →ᵃ[k] P2) (p : P1) : (f -ᵥ g : P1 →ᵃ[k] V2) p = f p -ᵥ g p,7,rw [vsub_apply'],0.18,unconstrained,rw [vsub_apply'],named,rw_tac,rw,True,vsub_apply',False,
20656,stabilizer_subgroup_op,lemma stabilizer_subgroup_op (s : Subgroup Gᵐᵒᵖ) : stabilizer G (s : Set Gᵐᵒᵖ) = s.unop,0,rw [stabilizer_def],0.21,unconstrained,rw [stabilizer_def],named,rw_tac,rw,True,stabilizer_def,False,
20656,stabilizer_subgroup_op,lemma stabilizer_subgroup_op (s : Subgroup Gᵐᵒᵖ) : stabilizer G (s : Set Gᵐᵒᵖ) = s.unop,1,`rw [stabilizer_def]`,0.25,unconstrained,`rw [stabilizer_def]`,parse_fail,"No terminal matches '`' in the current parser context, at line 1 col 1",<punct>,True,stabilizer_def,False,
20656,stabilizer_subgroup_op,lemma stabilizer_subgroup_op (s : Subgroup Gᵐᵒᵖ) : stabilizer G (s : Set Gᵐᵒᵖ) = s.unop,2,rw [stabilizer_def],0.21,unconstrained,rw [stabilizer_def],named,rw_tac,rw,True,stabilizer_def,False,
20656,stabilizer_subgroup_op,lemma stabilizer_subgroup_op (s : Subgroup Gᵐᵒᵖ) : stabilizer G (s : Set Gᵐᵒᵖ) = s.unop,3,rw [stabilizer_def],0.21,unconstrained,rw [stabilizer_def],named,rw_tac,rw,True,stabilizer_def,False,
20656,stabilizer_subgroup_op,lemma stabilizer_subgroup_op (s : Subgroup Gᵐᵒᵖ) : stabilizer G (s : Set Gᵐᵒᵖ) = s.unop,4,"unfold stabilizer, unop",0.18,unconstrained,"unfold stabilizer, unop",named,unfold_tac,unfold,True,,False,
20656,stabilizer_subgroup_op,lemma stabilizer_subgroup_op (s : Subgroup Gᵐᵒᵖ) : stabilizer G (s : Set Gᵐᵒᵖ) = s.unop,5,refine subgroup.stabilizer_eq_unop s _; rw [s.to_subgroup]; simp only [set_coe_to_subgroup],0.74,unconstrained,refine subgroup.stabilizer_eq_unop s _; rw [s.to_subgroup]; simp only [set_coe_to_subgroup],named,refine_tac,refine,True,set_coe_to_subgroup;subgroup.stabilizer_eq_unop,False,
20656,stabilizer_subgroup_op,lemma stabilizer_subgroup_op (s : Subgroup Gᵐᵒᵖ) : stabilizer G (s : Set Gᵐᵒᵖ) = s.unop,6,unify goal with `stabilizer G s = s.unop`,0.4,unconstrained,unify goal with `stabilizer G s = s.unop`,fallback,generic_tac,unify,False,goal,False,
20656,stabilizer_subgroup_op,lemma stabilizer_subgroup_op (s : Subgroup Gᵐᵒᵖ) : stabilizer G (s : Set Gᵐᵒᵖ) = s.unop,7,rw [stabilizer_def],0.21,unconstrained,rw [stabilizer_def],named,rw_tac,rw,True,stabilizer_def,False,
144714,smul_under,theorem smul_under [MulSemiringAction G A] [SMulDistribClass G A B] : g • P.under A = (g • P).under A,0,rw [smul_distrib_class_smul],0.29,unconstrained,rw [smul_distrib_class_smul],named,rw_tac,rw,True,smul_distrib_class_smul,False,
144714,smul_under,theorem smul_under [MulSemiringAction G A] [SMulDistribClass G A B] : g • P.under A = (g • P).under A,1,refl,0.09,unconstrained,refl,fallback,generic_tac,refl,False,,False,
144714,smul_under,theorem smul_under [MulSemiringAction G A] [SMulDistribClass G A B] : g • P.under A = (g • P).under A,2,rw [← SMulDistribClass.smul_distrib],0.35,unconstrained,rw [← SMulDistribClass.smul_distrib],named,rw_tac,rw,True,SMulDistribClass.smul_distrib,False,
144714,smul_under,theorem smul_under [MulSemiringAction G A] [SMulDistribClass G A B] : g • P.under A = (g • P).under A,3,`rw [← mul_smul_distrib]`,0.3,unconstrained,`rw [← mul_smul_distrib]`,parse_fail,"No terminal matches '`' in the current parser context, at line 1 col 1",<punct>,True,mul_smul_distrib,False,
144714,smul_under,theorem smul_under [MulSemiringAction G A] [SMulDistribClass G A B] : g • P.under A = (g • P).under A,4,rw [smul_def],0.18,unconstrained,rw [smul_def],named,rw_tac,rw,True,,False,
144714,smul_under,theorem smul_under [MulSemiringAction G A] [SMulDistribClass G A B] : g • P.under A = (g • P).under A,5,rw [smul_distrib],0.21,unconstrained,rw [smul_distrib],named,rw_tac,rw,True,smul_distrib,False,
144714,smul_under,theorem smul_under [MulSemiringAction G A] [SMulDistribClass G A B] : g • P.under A = (g • P).under A,6,rw [smul_distrib_class_smul_eq_smul_distrib],0.4,unconstrained,rw [smul_distrib_class_smul_eq_smul_distrib],named,rw_tac,rw,True,smul_distrib_class_smul_eq_smul_distrib,False,
144714,smul_under,theorem smul_under [MulSemiringAction G A] [SMulDistribClass G A B] : g • P.under A = (g • P).under A,7,rw [smul_distrib_mul_action],0.25,unconstrained,rw [smul_distrib_mul_action],named,rw_tac,rw,True,smul_distrib_mul_action,False,
76854,log_mono_right,theorem log_mono_right {b : ℕ} {r₁ r₂ : R} (h₀ : 0 < r₁) (h : r₁ ≤ r₂) : log b r₁ ≤ log b r₂,0,"rw [log] at *; exact le_trans (log_le_log_of_nonzero h₀) h
```",0.59,unconstrained,rw [log] at *; exact le_trans (log_le_log_of_nonzero h₀) h,named,rw_tac,rw,True,log_le_log_of_nonzero,False,
76854,log_mono_right,theorem log_mono_right {b : ℕ} {r₁ r₂ : R} (h₀ : 0 < r₁) (h : r₁ ≤ r₂) : log b r₁ ≤ log b r₂,1,linarith,0.09,unconstrained,linarith,named,linarith_tac,linarith,True,,False,
76854,log_mono_right,theorem log_mono_right {b : ℕ} {r₁ r₂ : R} (h₀ : 0 < r₁) (h : r₁ ≤ r₂) : log b r₁ ≤ log b r₂,2,rw [log_eq_integral],0.18,unconstrained,rw [log_eq_integral],named,rw_tac,rw,True,,False,
76854,log_mono_right,theorem log_mono_right {b : ℕ} {r₁ r₂ : R} (h₀ : 0 < r₁) (h : r₁ ≤ r₂) : log b r₁ ≤ log b r₂,3,rw [log_le_log] at h; assumption,0.28,unconstrained,rw [log_le_log] at h; assumption,named,rw_tac,rw,True,,False,
76854,log_mono_right,theorem log_mono_right {b : ℕ} {r₁ r₂ : R} (h₀ : 0 < r₁) (h : r₁ ≤ r₂) : log b r₁ ≤ log b r₂,4,rw [log_le_log],0.18,unconstrained,rw [log_le_log],named,rw_tac,rw,True,,False,
76854,log_mono_right,theorem log_mono_right {b : ℕ} {r₁ r₂ : R} (h₀ : 0 < r₁) (h : r₁ ≤ r₂) : log b r₁ ≤ log b r₂,5,`rw [log_def] at *`,0.26,unconstrained,`rw [log_def] at *`,parse_fail,"No terminal matches '`' in the current parser context, at line 1 col 1",<punct>,True,log_def,False,
76854,log_mono_right,theorem log_mono_right {b : ℕ} {r₁ r₂ : R} (h₀ : 0 < r₁) (h : r₁ ≤ r₂) : log b r₁ ≤ log b r₂,6,rw [log_def],0.16,unconstrained,rw [log_def],named,rw_tac,rw,True,log_def,False,
76854,log_mono_right,theorem log_mono_right {b : ℕ} {r₁ r₂ : R} (h₀ : 0 < r₁) (h : r₁ ≤ r₂) : log b r₁ ≤ log b r₂,7,`cases h`,0.14,unconstrained,`cases h`,parse_fail,"No terminal matches '`' in the current parser context, at line 1 col 1",<punct>,True,,False,
164794,image_closure,theorem image_closure (hf : IsHomeomorph f) (s : Set X) : f '' closure s = closure (f '' s),0,rw [hf.continuous.closure_eq],0.28,unconstrained,rw [hf.continuous.closure_eq],named,rw_tac,rw,True,,False,
164794,image_closure,theorem image_closure (hf : IsHomeomorph f) (s : Set X) : f '' closure s = closure (f '' s),1,rw [closure_preimage],0.18,unconstrained,rw [closure_preimage],named,rw_tac,rw,True,,False,
164794,image_closure,theorem image_closure (hf : IsHomeomorph f) (s : Set X) : f '' closure s = closure (f '' s),2,rw [hf.to_homeomorphism.image_eq],0.28,unconstrained,rw [hf.to_homeomorphism.image_eq],named,rw_tac,rw,True,,False,
164794,image_closure,theorem image_closure (hf : IsHomeomorph f) (s : Set X) : f '' closure s = closure (f '' s),3,rw [homeomorph.image_closure],0.23,unconstrained,rw [homeomorph.image_closure],named,rw_tac,rw,True,,False,
164794,image_closure,theorem image_closure (hf : IsHomeomorph f) (s : Set X) : f '' closure s = closure (f '' s),4,rw [hf.to_homeomorph.image_eq_preimage],0.32,unconstrained,rw [hf.to_homeomorph.image_eq_preimage],named,rw_tac,rw,True,hf.to_homeomorph.image_eq_preimage,False,
164794,image_closure,theorem image_closure (hf : IsHomeomorph f) (s : Set X) : f '' closure s = closure (f '' s),5,rw [homeomorph.image_eq_preimage hf],0.3,unconstrained,rw [homeomorph.image_eq_preimage hf],named,rw_tac,rw,True,homeomorph.image_eq_preimage,False,
164794,image_closure,theorem image_closure (hf : IsHomeomorph f) (s : Set X) : f '' closure s = closure (f '' s),6,`rw [hf.image_preimage]`,0.25,unconstrained,`rw [hf.image_preimage]`,parse_fail,"No terminal matches '`' in the current parser context, at line 1 col 1",<punct>,True,,False,
164794,image_closure,theorem image_closure (hf : IsHomeomorph f) (s : Set X) : f '' closure s = closure (f '' s),7,rw [hf.map_image_eq],0.21,unconstrained,rw [hf.map_image_eq],named,rw_tac,rw,True,hf.map_image_eq,False,
162141,isPreconnected_iUnion,"theorem isPreconnected_iUnion {ι : Sort*} {s : ι → Set α} (h₁ : (⋂ i, s i).Nonempty) (h₂ : ∀ i, IsPreconnected (s i)) : IsPreconnected (⋃ i, s i)",0,"`intro x hx; rcases h₂ (hx.2) with ⟨y, hy1, hy2⟩; refine ⟨y, hy1, _⟩`",0.88,unconstrained,"`intro x hx; rcases h₂ (hx.2) with ⟨y, hy1, hy2⟩; refine ⟨y, hy1, _⟩`",parse_fail,"No terminal matches '`' in the current parser context, at line 1 col 1",<punct>,True,hx.2;hy1;hy2,False,
162141,isPreconnected_iUnion,"theorem isPreconnected_iUnion {ι : Sort*} {s : ι → Set α} (h₁ : (⋂ i, s i).Nonempty) (h₂ : ∀ i, IsPreconnected (s i)) : IsPreconnected (⋃ i, s i)",1,intro h3; refine preconnected_iUnion_of_nonempty h₁ h₂ h3,0.48,unconstrained,intro h3; refine preconnected_iUnion_of_nonempty h₁ h₂ h3,named,intro_tac,intro,True,h3;preconnected_iUnion_of_nonempty,False,
162141,isPreconnected_iUnion,"theorem isPreconnected_iUnion {ι : Sort*} {s : ι → Set α} (h₁ : (⋂ i, s i).Nonempty) (h₂ : ∀ i, IsPreconnected (s i)) : IsPreconnected (⋃ i, s i)",2,intro h3,0.12,unconstrained,intro h3,named,intro_tac,intro,True,h3,False,
162141,isPreconnected_iUnion,"theorem isPreconnected_iUnion {ι : Sort*} {s : ι → Set α} (h₁ : (⋂ i, s i).Nonempty) (h₂ : ∀ i, IsPreconnected (s i)) : IsPreconnected (⋃ i, s i)",3,"induction h₁ as ⟨x, hx⟩",0.29,unconstrained,"induction h₁ as ⟨x, hx⟩",named,induction_tac,induction,True,as;hx,False,
162141,isPreconnected_iUnion,"theorem isPreconnected_iUnion {ι : Sort*} {s : ι → Set α} (h₁ : (⋂ i, s i).Nonempty) (h₂ : ∀ i, IsPreconnected (s i)) : IsPreconnected (⋃ i, s i)",4,`intro x hx; cases h₂ hx`,0.28,unconstrained,`intro x hx; cases h₂ hx`,parse_fail,"No terminal matches '`' in the current parser context, at line 1 col 1",<punct>,True,,False,
162141,isPreconnected_iUnion,"theorem isPreconnected_iUnion {ι : Sort*} {s : ι → Set α} (h₁ : (⋂ i, s i).Nonempty) (h₂ : ∀ i, IsPreconnected (s i)) : IsPreconnected (⋃ i, s i)",5,cases h₁,0.11,unconstrained,cases h₁,named,cases_tac,cases,True,,False,
162141,isPreconnected_iUnion,"theorem isPreconnected_iUnion {ι : Sort*} {s : ι → Set α} (h₁ : (⋂ i, s i).Nonempty) (h₂ : ∀ i, IsPreconnected (s i)) : IsPreconnected (⋃ i, s i)",6,`intro x hx`,0.16,unconstrained,`intro x hx`,parse_fail,"No terminal matches '`' in the current parser context, at line 1 col 1",<punct>,True,,False,
162141,isPreconnected_iUnion,"theorem isPreconnected_iUnion {ι : Sort*} {s : ι → Set α} (h₁ : (⋂ i, s i).Nonempty) (h₂ : ∀ i, IsPreconnected (s i)) : IsPreconnected (⋃ i, s i)",7,`rintro x hx`,0.19,unconstrained,`rintro x hx`,parse_fail,"No terminal matches '`' in the current parser context, at line 1 col 1",<punct>,True,,False,
94800,_root_,protected lemma _root_.MDifferentiableAt.mpullback_vectorField (hV : MDiffAt (T% V) (f x₀)) (hf : CMDiffAt n f x₀) (hf' : (mfderiv% f x₀).IsInvertible) (hmn : 2 ≤ n) : MDiffAt (T% (mpullback I I' f V)) x₀,0,apply mdifferentiable_at_compose',0.25,unconstrained,apply mdifferentiable_at_compose',named,apply_tac,apply,True,mdifferentiable_at_compose',False,
94800,_root_,protected lemma _root_.MDifferentiableAt.mpullback_vectorField (hV : MDiffAt (T% V) (f x₀)) (hf : CMDiffAt n f x₀) (hf' : (mfderiv% f x₀).IsInvertible) (hmn : 2 ≤ n) : MDiffAt (T% (mpullback I I' f V)) x₀,1,unfold MDifferentiableAt mpullback I I',0.31,unconstrained,unfold MDifferentiableAt mpullback I I',named,unfold_tac,unfold,True,I',False,
94800,_root_,protected lemma _root_.MDifferentiableAt.mpullback_vectorField (hV : MDiffAt (T% V) (f x₀)) (hf : CMDiffAt n f x₀) (hf' : (mfderiv% f x₀).IsInvertible) (hmn : 2 ≤ n) : MDiffAt (T% (mpullback I I' f V)) x₀,2,"unfold MDifferentiableAt, CMDiffAt, mfderiv",0.33,unconstrained,"unfold MDifferentiableAt, CMDiffAt, mfderiv",named,unfold_tac,unfold,True,CMDiffAt,False,
94800,_root_,protected lemma _root_.MDifferentiableAt.mpullback_vectorField (hV : MDiffAt (T% V) (f x₀)) (hf : CMDiffAt n f x₀) (hf' : (mfderiv% f x₀).IsInvertible) (hmn : 2 ≤ n) : MDiffAt (T% (mpullback I I' f V)) x₀,3,"use hV, hf, hf', hmn",0.29,unconstrained,"use hV, hf, hf', hmn",named,use_tac,use,True,,False,
94800,_root_,protected lemma _root_.MDifferentiableAt.mpullback_vectorField (hV : MDiffAt (T% V) (f x₀)) (hf : CMDiffAt n f x₀) (hf' : (mfderiv% f x₀).IsInvertible) (hmn : 2 ≤ n) : MDiffAt (T% (mpullback I I' f V)) x₀,4,`rw [mdifferentiable_at_mpullback]`,0.33,unconstrained,`rw [mdifferentiable_at_mpullback]`,parse_fail,"No terminal matches '`' in the current parser context, at line 1 col 1",<punct>,True,mdifferentiable_at_mpullback,False,
94800,_root_,protected lemma _root_.MDifferentiableAt.mpullback_vectorField (hV : MDiffAt (T% V) (f x₀)) (hf : CMDiffAt n f x₀) (hf' : (mfderiv% f x₀).IsInvertible) (hmn : 2 ≤ n) : MDiffAt (T% (mpullback I I' f V)) x₀,5,rw [MPullback_I_I'],0.23,unconstrained,rw [MPullback_I_I'],named,rw_tac,rw,True,MPullback_I_I',False,
94800,_root_,protected lemma _root_.MDifferentiableAt.mpullback_vectorField (hV : MDiffAt (T% V) (f x₀)) (hf : CMDiffAt n f x₀) (hf' : (mfderiv% f x₀).IsInvertible) (hmn : 2 ≤ n) : MDiffAt (T% (mpullback I I' f V)) x₀,6,`unfold MDifferentiableAt`,0.21,unconstrained,`unfold MDifferentiableAt`,parse_fail,"No terminal matches '`' in the current parser context, at line 1 col 1",<punct>,True,,False,
94800,_root_,protected lemma _root_.MDifferentiableAt.mpullback_vectorField (hV : MDiffAt (T% V) (f x₀)) (hf : CMDiffAt n f x₀) (hf' : (mfderiv% f x₀).IsInvertible) (hmn : 2 ≤ n) : MDiffAt (T% (mpullback I I' f V)) x₀,7,"apply MDifferentiableAt.comp; intro u; apply hf; intros ε δ hδ; refine exists _ (λ _, dist x₀ u < δ); simp [dist_eq_norm]; apply hV; refine exists _ (λ _, dist x₀ u < δ); simp [dist_eq_norm]",1.51,unconstrained,"apply MDifferentiableAt.comp; intro u; apply hf; intros ε δ hδ; refine exists _ (λ _, dist x₀ u < δ); simp [dist_eq_norm]; apply hV; refine exists _ (λ _, dist x₀ u < δ); simp [dist_eq_norm]",named,apply_tac,apply,True,,False,
151349,zeroLocus_eq_univ_iff,theorem zeroLocus_eq_univ_iff (s : Set R) : zeroLocus s = Set.univ ↔ s ⊆ nilradical R,0,split_ifs with hzeroLocus; rw [hzeroLocus]; unfold nilradical; intros x hx; apply mem_zeroLocus; simp [hx],0.88,unconstrained,split_ifs with hzeroLocus; rw [hzeroLocus]; unfold nilradical; intros x hx; apply mem_zeroLocus; simp [hx],named,split_ifs_tac,split_ifs,True,hzeroLocus,False,
151349,zeroLocus_eq_univ_iff,theorem zeroLocus_eq_univ_iff (s : Set R) : zeroLocus s = Set.univ ↔ s ⊆ nilradical R,1,rw [zeroLocus_def],0.21,unconstrained,rw [zeroLocus_def],named,rw_tac,rw,True,,False,
151349,zeroLocus_eq_univ_iff,theorem zeroLocus_eq_univ_iff (s : Set R) : zeroLocus s = Set.univ ↔ s ⊆ nilradical R,2,rw [zeroLocus],0.18,unconstrained,rw [zeroLocus],named,rw_tac,rw,True,,False,
151349,zeroLocus_eq_univ_iff,theorem zeroLocus_eq_univ_iff (s : Set R) : zeroLocus s = Set.univ ↔ s ⊆ nilradical R,3,"rw [zeroLocus, univ]",0.25,unconstrained,"rw [zeroLocus, univ]",named,rw_tac,rw,True,,False,
151349,zeroLocus_eq_univ_iff,theorem zeroLocus_eq_univ_iff (s : Set R) : zeroLocus s = Set.univ ↔ s ⊆ nilradical R,4,rw [zeroLocus_def],0.21,unconstrained,rw [zeroLocus_def],named,rw_tac,rw,True,,False,
151349,zeroLocus_eq_univ_iff,theorem zeroLocus_eq_univ_iff (s : Set R) : zeroLocus s = Set.univ ↔ s ⊆ nilradical R,5,rw [zeroLocus_def],0.21,unconstrained,rw [zeroLocus_def],named,rw_tac,rw,True,,False,
151349,zeroLocus_eq_univ_iff,theorem zeroLocus_eq_univ_iff (s : Set R) : zeroLocus s = Set.univ ↔ s ⊆ nilradical R,6,rw [zeroLocus_def],0.21,unconstrained,rw [zeroLocus_def],named,rw_tac,rw,True,,False,
151349,zeroLocus_eq_univ_iff,theorem zeroLocus_eq_univ_iff (s : Set R) : zeroLocus s = Set.univ ↔ s ⊆ nilradical R,7,`rw [zeroLocus_def]`,0.25,unconstrained,`rw [zeroLocus_def]`,parse_fail,"No terminal matches '`' in the current parser context, at line 1 col 1",<punct>,True,,False,
50407,rpow_inv_natCast_pow,lemma rpow_inv_natCast_pow {n : ℕ} (hn : n ≠ 0) (x : ℝ≥0∞) : (x ^ (n⁻¹ : ℝ)) ^ n = x,0,rw [inv_pow_cancel],0.19,unconstrained,rw [inv_pow_cancel],named,rw_tac,rw,True,inv_pow_cancel,False,
50407,rpow_inv_natCast_pow,lemma rpow_inv_natCast_pow {n : ℕ} (hn : n ≠ 0) (x : ℝ≥0∞) : (x ^ (n⁻¹ : ℝ)) ^ n = x,1,rw [inv_mul_self],0.18,unconstrained,rw [inv_mul_self],named,rw_tac,rw,True,inv_mul_self,False,
50407,rpow_inv_natCast_pow,lemma rpow_inv_natCast_pow {n : ℕ} (hn : n ≠ 0) (x : ℝ≥0∞) : (x ^ (n⁻¹ : ℝ)) ^ n = x,2,rw [inv_mul_self],0.18,unconstrained,rw [inv_mul_self],named,rw_tac,rw,True,inv_mul_self,False,
50407,rpow_inv_natCast_pow,lemma rpow_inv_natCast_pow {n : ℕ} (hn : n ≠ 0) (x : ℝ≥0∞) : (x ^ (n⁻¹ : ℝ)) ^ n = x,3,rw [← pow_mul],0.18,unconstrained,rw [← pow_mul],named,rw_tac,rw,True,,False,
50407,rpow_inv_natCast_pow,lemma rpow_inv_natCast_pow {n : ℕ} (hn : n ≠ 0) (x : ℝ≥0∞) : (x ^ (n⁻¹ : ℝ)) ^ n = x,4,"simp only [inv_mul_cancel, mul_self_cancel]",0.31,unconstrained,"simp only [inv_mul_cancel, mul_self_cancel]",named,simp_tac,simp,True,mul_self_cancel,False,
50407,rpow_inv_natCast_pow,lemma rpow_inv_natCast_pow {n : ℕ} (hn : n ≠ 0) (x : ℝ≥0∞) : (x ^ (n⁻¹ : ℝ)) ^ n = x,5,rw [←rpow_mul],0.21,unconstrained,rw [←rpow_mul],named,rw_tac,rw,True,,False,
50407,rpow_inv_natCast_pow,lemma rpow_inv_natCast_pow {n : ℕ} (hn : n ≠ 0) (x : ℝ≥0∞) : (x ^ (n⁻¹ : ℝ)) ^ n = x,6,unfold Real.pow_invNatCastpow; apply Real.rpow_mul; simp; assumption,0.46,unconstrained,unfold Real.pow_invNatCastpow; apply Real.rpow_mul; simp; assumption,named,unfold_tac,unfold,True,Real.pow_invNatCastpow,False,
50407,rpow_inv_natCast_pow,lemma rpow_inv_natCast_pow {n : ℕ} (hn : n ≠ 0) (x : ℝ≥0∞) : (x ^ (n⁻¹ : ℝ)) ^ n = x,7,rw [inv_mul_cancel hn],0.21,unconstrained,rw [inv_mul_cancel hn],named,rw_tac,rw,True,,False,
18233,PosMulMono,theorem PosMulMono.toPosMulReflectLT [PosMulMono α] : PosMulReflectLT α where elim,0,unfold PosMulMono PosMulReflectLT; intros h₁ h₂; apply h₁ h₂; simp,0.57,unconstrained,unfold PosMulMono PosMulReflectLT; intros h₁ h₂; apply h₁ h₂; simp,named,unfold_tac,unfold,True,PosMulMono;PosMulReflectLT,False,
18233,PosMulMono,theorem PosMulMono.toPosMulReflectLT [PosMulMono α] : PosMulReflectLT α where elim,1,unfolding PosMulReflectLT_def,0.23,unconstrained,unfolding PosMulReflectLT_def,named,unfold_tac,unfolding,False,PosMulReflectLT_def,False,
18233,PosMulMono,theorem PosMulMono.toPosMulReflectLT [PosMulMono α] : PosMulReflectLT α where elim,2,`apply PosMulMono.toPosMulReflectLT`,0.3,unconstrained,`apply PosMulMono.toPosMulReflectLT`,parse_fail,"No terminal matches '`' in the current parser context, at line 1 col 1",<punct>,True,,False,
18233,PosMulMono,theorem PosMulMono.toPosMulReflectLT [PosMulMono α] : PosMulReflectLT α where elim,3,`intro hlt`,0.16,unconstrained,`intro hlt`,parse_fail,"No terminal matches '`' in the current parser context, at line 1 col 1",<punct>,True,,False,
18233,PosMulMono,theorem PosMulMono.toPosMulReflectLT [PosMulMono α] : PosMulReflectLT α where elim,4,`unfold PosMulMono PosMulReflectLT`,0.28,unconstrained,`unfold PosMulMono PosMulReflectLT`,parse_fail,"No terminal matches '`' in the current parser context, at line 1 col 1",<punct>,True,PosMulMono;PosMulReflectLT,False,
18233,PosMulMono,theorem PosMulMono.toPosMulReflectLT [PosMulMono α] : PosMulReflectLT α where elim,5,`exact PosMulMono.elim`,0.23,unconstrained,`exact PosMulMono.elim`,parse_fail,"No terminal matches '`' in the current parser context, at line 1 col 1",<punct>,True,,False,
18233,PosMulMono,theorem PosMulMono.toPosMulReflectLT [PosMulMono α] : PosMulReflectLT α where elim,6,"intros x y hxy hxhy; unfold PosMulReflectLT; refine' ⟨_, _⟩; simp_all; intros z hz; specialize (hxhy z hz); assumption",0.95,unconstrained,"intros x y hxy hxhy; unfold PosMulReflectLT; refine' ⟨_, _⟩; simp_all; intros z hz; specialize (hxhy z hz); assumption",named,intro_tac,intros,True,PosMulReflectLT;hxhy,False,
18233,PosMulMono,theorem PosMulMono.toPosMulReflectLT [PosMulMono α] : PosMulReflectLT α where elim,7,intros x y hxy; unfold PosMulReflectLT; rw [hxy]; simp; apply pos_mul_mono.mp; assumption,0.66,unconstrained,intros x y hxy; unfold PosMulReflectLT; rw [hxy]; simp; apply pos_mul_mono.mp; assumption,named,intro_tac,intros,True,PosMulReflectLT,False,
12012,hom_ext,"theorem hom_ext {F₁ F₂ : FreeLieAlgebra R X →ₗ⁅R⁆ L} (h : ∀ x, F₁ (of R x) = F₂ (of R x)) : F₁ = F₂",0,`rw [ext]`,0.19,unconstrained,`rw [ext]`,parse_fail,"No terminal matches '`' in the current parser context, at line 1 col 1",<punct>,True,,False,
12012,hom_ext,"theorem hom_ext {F₁ F₂ : FreeLieAlgebra R X →ₗ⁅R⁆ L} (h : ∀ x, F₁ (of R x) = F₂ (of R x)) : F₁ = F₂",1,`ext`,0.11,unconstrained,`ext`,parse_fail,"No terminal matches '`' in the current parser context, at line 1 col 1",<punct>,True,,False,
12012,hom_ext,"theorem hom_ext {F₁ F₂ : FreeLieAlgebra R X →ₗ⁅R⁆ L} (h : ∀ x, F₁ (of R x) = F₂ (of R x)) : F₁ = F₂",2,apply funext,0.11,unconstrained,apply funext,named,apply_tac,apply,True,,False,
12012,hom_ext,"theorem hom_ext {F₁ F₂ : FreeLieAlgebra R X →ₗ⁅R⁆ L} (h : ∀ x, F₁ (of R x) = F₂ (of R x)) : F₁ = F₂",3,apply funext,0.11,unconstrained,apply funext,named,apply_tac,apply,True,,False,
12012,hom_ext,"theorem hom_ext {F₁ F₂ : FreeLieAlgebra R X →ₗ⁅R⁆ L} (h : ∀ x, F₁ (of R x) = F₂ (of R x)) : F₁ = F₂",4,rw [ext],0.13,unconstrained,rw [ext],named,rw_tac,rw,True,,False,
12012,hom_ext,"theorem hom_ext {F₁ F₂ : FreeLieAlgebra R X →ₗ⁅R⁆ L} (h : ∀ x, F₁ (of R x) = F₂ (of R x)) : F₁ = F₂",5,`ext`,0.11,unconstrained,`ext`,parse_fail,"No terminal matches '`' in the current parser context, at line 1 col 1",<punct>,True,,False,
12012,hom_ext,"theorem hom_ext {F₁ F₂ : FreeLieAlgebra R X →ₗ⁅R⁆ L} (h : ∀ x, F₁ (of R x) = F₂ (of R x)) : F₁ = F₂",6,ext x,0.09,unconstrained,ext x,named,ext_tac,ext,True,,False,
12012,hom_ext,"theorem hom_ext {F₁ F₂ : FreeLieAlgebra R X →ₗ⁅R⁆ L} (h : ∀ x, F₁ (of R x) = F₂ (of R x)) : F₁ = F₂",7,`apply funext`,0.16,unconstrained,`apply funext`,parse_fail,"No terminal matches '`' in the current parser context, at line 1 col 1",<punct>,True,,False,
59742,id_hom,theorem id_hom (A : CommComon C) : Comon.Hom.hom (InducedCategory.Hom.hom (𝟙 A)) = 𝟙 A.X,0,`rw [InducedCategory.Hom.hom_id]`,0.33,unconstrained,`rw [InducedCategory.Hom.hom_id]`,parse_fail,"No terminal matches '`' in the current parser context, at line 1 col 1",<punct>,True,,False,
59742,id_hom,theorem id_hom (A : CommComon C) : Comon.Hom.hom (InducedCategory.Hom.hom (𝟙 A)) = 𝟙 A.X,1,rw [InducedCategory_Hom_hom_id],0.28,unconstrained,rw [InducedCategory_Hom_hom_id],named,rw_tac,rw,True,InducedCategory_Hom_hom_id,False,
59742,id_hom,theorem id_hom (A : CommComon C) : Comon.Hom.hom (InducedCategory.Hom.hom (𝟙 A)) = 𝟙 A.X,2,`rewrite InducedCategory.Hom.id_hom`,0.28,unconstrained,`rewrite InducedCategory.Hom.id_hom`,parse_fail,"No terminal matches '`' in the current parser context, at line 1 col 1",<punct>,True,,False,
59742,id_hom,theorem id_hom (A : CommComon C) : Comon.Hom.hom (InducedCategory.Hom.hom (𝟙 A)) = 𝟙 A.X,3,rewrite InducedCategory.Hom hom_id,0.23,unconstrained,rewrite InducedCategory.Hom hom_id,fallback,generic_tac,rewrite,False,,False,
59742,id_hom,theorem id_hom (A : CommComon C) : Comon.Hom.hom (InducedCategory.Hom.hom (𝟙 A)) = 𝟙 A.X,4,`rw [Hom_comp]`,0.21,unconstrained,`rw [Hom_comp]`,parse_fail,"No terminal matches '`' in the current parser context, at line 1 col 1",<punct>,True,Hom_comp,False,
59742,id_hom,theorem id_hom (A : CommComon C) : Comon.Hom.hom (InducedCategory.Hom.hom (𝟙 A)) = 𝟙 A.X,5,`unfold InducedCategory.Hom hom`,0.28,unconstrained,`unfold InducedCategory.Hom hom`,parse_fail,"No terminal matches '`' in the current parser context, at line 1 col 1",<punct>,True,,False,
59742,id_hom,theorem id_hom (A : CommComon C) : Comon.Hom.hom (InducedCategory.Hom.hom (𝟙 A)) = 𝟙 A.X,6,`rw [InducedCategory_Hom_hom]`,0.3,unconstrained,`rw [InducedCategory_Hom_hom]`,parse_fail,"No terminal matches '`' in the current parser context, at line 1 col 1",<punct>,True,InducedCategory_Hom_hom,False,
59742,id_hom,theorem id_hom (A : CommComon C) : Comon.Hom.hom (InducedCategory.Hom.hom (𝟙 A)) = 𝟙 A.X,7,dsimp,0.09,unconstrained,dsimp,named,dsimp_tac,dsimp,True,,False,
75861,optionElim_ne_zero_iff,theorem optionElim_ne_zero_iff (y : M) (f : α →₀ M) : f.optionElim y ≠ 0 ↔ f ≠ 0 ∨ y ≠ 0,0,"cases' f.optionElim y with
| zero =>
| nonZero => exact Or.inr hnonZero",0.57,unconstrained,cases' f.optionElim y with,named,cases_tac,cases',True,,False,multiline:3
75861,optionElim_ne_zero_iff,theorem optionElim_ne_zero_iff (y : M) (f : α →₀ M) : f.optionElim y ≠ 0 ↔ f ≠ 0 ∨ y ≠ 0,1,rw [Ne.def],0.16,unconstrained,rw [Ne.def],named,rw_tac,rw,True,,False,
75861,optionElim_ne_zero_iff,theorem optionElim_ne_zero_iff (y : M) (f : α →₀ M) : f.optionElim y ≠ 0 ↔ f ≠ 0 ∨ y ≠ 0,2,split_ifs,0.11,unconstrained,split_ifs,named,split_ifs_tac,split_ifs,True,,False,
75861,optionElim_ne_zero_iff,theorem optionElim_ne_zero_iff (y : M) (f : α →₀ M) : f.optionElim y ≠ 0 ↔ f ≠ 0 ∨ y ≠ 0,3,"cases f; cases y; simp; split_ifs with h₁ h₂; finish
```",0.51,unconstrained,cases f; cases y; simp; split_ifs with h₁ h₂; finish,named,cases_tac,cases,True,,False,
75861,optionElim_ne_zero_iff,theorem optionElim_ne_zero_iff (y : M) (f : α →₀ M) : f.optionElim y ≠ 0 ↔ f ≠ 0 ∨ y ≠ 0,4,induction f; simp,0.16,unconstrained,induction f; simp,named,induction_tac,induction,True,,False,
75861,optionElim_ne_zero_iff,theorem optionElim_ne_zero_iff (y : M) (f : α →₀ M) : f.optionElim y ≠ 0 ↔ f ≠ 0 ∨ y ≠ 0,5,rw [option_elim_eq_zero],0.21,unconstrained,rw [option_elim_eq_zero],named,rw_tac,rw,True,option_elim_eq_zero,False,
75861,optionElim_ne_zero_iff,theorem optionElim_ne_zero_iff (y : M) (f : α →₀ M) : f.optionElim y ≠ 0 ↔ f ≠ 0 ∨ y ≠ 0,6,`cases h : f.optionElim y; simp [h]; cases f; simp [h]`,0.54,unconstrained,`cases h : f.optionElim y; simp [h]; cases f; simp [h]`,parse_fail,"No terminal matches '`' in the current parser context, at line 1 col 1",<punct>,True,,False,
75861,optionElim_ne_zero_iff,theorem optionElim_ne_zero_iff (y : M) (f : α →₀ M) : f.optionElim y ≠ 0 ↔ f ≠ 0 ∨ y ≠ 0,7,`cases h : f.optionElim y = 0; simp`,0.37,unconstrained,`cases h : f.optionElim y = 0; simp`,parse_fail,"No terminal matches '`' in the current parser context, at line 1 col 1",<punct>,True,,False,
20916,natCast_mul,theorem natCast_mul (n : ℕ) (p : R[X]) : (n : R[X]) * p = n • p,0,rw [cast_mul],0.16,unconstrained,rw [cast_mul],named,rw_tac,rw,True,,False,
20916,natCast_mul,theorem natCast_mul (n : ℕ) (p : R[X]) : (n : R[X]) * p = n • p,1,rw [nat.castRingHom],0.21,unconstrained,rw [nat.castRingHom],named,rw_tac,rw,True,,False,
20916,natCast_mul,theorem natCast_mul (n : ℕ) (p : R[X]) : (n : R[X]) * p = n • p,2,rw [nat_cast],0.16,unconstrained,rw [nat_cast],named,rw_tac,rw,True,nat_cast,False,
20916,natCast_mul,theorem natCast_mul (n : ℕ) (p : R[X]) : (n : R[X]) * p = n • p,3,rw [cast_nat_mul],0.18,unconstrained,rw [cast_nat_mul],named,rw_tac,rw,True,cast_nat_mul,False,
20916,natCast_mul,theorem natCast_mul (n : ℕ) (p : R[X]) : (n : R[X]) * p = n • p,4,rw [Nat.castRingHom],0.21,unconstrained,rw [Nat.castRingHom],named,rw_tac,rw,True,,False,
20916,natCast_mul,theorem natCast_mul (n : ℕ) (p : R[X]) : (n : R[X]) * p = n • p,5,rw [cast_nat],0.16,unconstrained,rw [cast_nat],named,rw_tac,rw,True,cast_nat,False,
20916,natCast_mul,theorem natCast_mul (n : ℕ) (p : R[X]) : (n : R[X]) * p = n • p,6,ring,0.06,unconstrained,ring,named,ring_tac,ring,True,,False,
20916,natCast_mul,theorem natCast_mul (n : ℕ) (p : R[X]) : (n : R[X]) * p = n • p,7,rw [cast_nat],0.16,unconstrained,rw [cast_nat],named,rw_tac,rw,True,cast_nat,False,
61024,op_symm,theorem op_symm (α : X ≅ Y) : Iso.op α.symm = (Iso.op α).symm,0,simp [Iso.op],0.16,unconstrained,simp [Iso.op],named,simp_tac,simp,True,,False,
61024,op_symm,theorem op_symm (α : X ≅ Y) : Iso.op α.symm = (Iso.op α).symm,1,congr hoist rw Iso.op_symm,0.25,unconstrained,congr hoist rw Iso.op_symm,named,congr_tac,congr,True,hoist,False,
61024,op_symm,theorem op_symm (α : X ≅ Y) : Iso.op α.symm = (Iso.op α).symm,2,rw [Iso.op_comp],0.18,unconstrained,rw [Iso.op_comp],named,rw_tac,rw,True,,False,
61024,op_symm,theorem op_symm (α : X ≅ Y) : Iso.op α.symm = (Iso.op α).symm,3,rewrite Iso.op_comp_iso,0.16,unconstrained,rewrite Iso.op_comp_iso,fallback,generic_tac,rewrite,False,Iso.op_comp_iso,False,
61024,op_symm,theorem op_symm (α : X ≅ Y) : Iso.op α.symm = (Iso.op α).symm,4,rw [Iso.op_comp],0.18,unconstrained,rw [Iso.op_comp],named,rw_tac,rw,True,,False,
61024,op_symm,theorem op_symm (α : X ≅ Y) : Iso.op α.symm = (Iso.op α).symm,5,rw [Iso.op_comp_iso],0.21,unconstrained,rw [Iso.op_comp_iso],named,rw_tac,rw,True,Iso.op_comp_iso,False,
61024,op_symm,theorem op_symm (α : X ≅ Y) : Iso.op α.symm = (Iso.op α).symm,6,rewrite Iso.op_comp_iso_op; rw Iso.comp_op_symm; rw Iso.symm_comp_iso_op; simp Only [Iso.id],0.7,unconstrained,rewrite Iso.op_comp_iso_op; rw Iso.comp_op_symm; rw Iso.symm_comp_iso_op; simp Only [Iso.id],fallback,generic_tac,rewrite,False,Iso.comp_op_symm;Iso.op_comp_iso_op;Iso.symm_comp_iso_op;Only,False,
61024,op_symm,theorem op_symm (α : X ≅ Y) : Iso.op α.symm = (Iso.op α).symm,7,dsimp [Iso.op],0.18,unconstrained,dsimp [Iso.op],named,dsimp_tac,dsimp,True,,False,
26476,PartialMap,lemma PartialMap.id_comp {X Y : Scheme.{u}} [IrreducibleSpace X] (f : X.PartialMap Y) : (PartialMap.id X).comp f = f,0,rewrite (PartialMap.comp_id_left f),0.26,unconstrained,rewrite (PartialMap.comp_id_left f),fallback,generic_tac,rewrite,False,,False,
26476,PartialMap,lemma PartialMap.id_comp {X Y : Scheme.{u}} [IrreducibleSpace X] (f : X.PartialMap Y) : (PartialMap.id X).comp f = f,1,dsimp,0.09,unconstrained,dsimp,named,dsimp_tac,dsimp,True,,False,
26476,PartialMap,lemma PartialMap.id_comp {X Y : Scheme.{u}} [IrreducibleSpace X] (f : X.PartialMap Y) : (PartialMap.id X).comp f = f,2,rw [PartialMap.comp_id],0.21,unconstrained,rw [PartialMap.comp_id],named,rw_tac,rw,True,,False,
26476,PartialMap,lemma PartialMap.id_comp {X Y : Scheme.{u}} [IrreducibleSpace X] (f : X.PartialMap Y) : (PartialMap.id X).comp f = f,3,"rw [PartialMap.comp_def, PartialMap.id_def]",0.33,unconstrained,"rw [PartialMap.comp_def, PartialMap.id_def]",named,rw_tac,rw,True,,False,
26476,PartialMap,lemma PartialMap.id_comp {X Y : Scheme.{u}} [IrreducibleSpace X] (f : X.PartialMap Y) : (PartialMap.id X).comp f = f,4,rw [PartialMap.id_def],0.21,unconstrained,rw [PartialMap.id_def],named,rw_tac,rw,True,,False,
26476,PartialMap,lemma PartialMap.id_comp {X Y : Scheme.{u}} [IrreducibleSpace X] (f : X.PartialMap Y) : (PartialMap.id X).comp f = f,5,`rw [PartialMap.id_def]`,0.25,unconstrained,`rw [PartialMap.id_def]`,parse_fail,"No terminal matches '`' in the current parser context, at line 1 col 1",<punct>,True,,False,
26476,PartialMap,lemma PartialMap.id_comp {X Y : Scheme.{u}} [IrreducibleSpace X] (f : X.PartialMap Y) : (PartialMap.id X).comp f = f,6,rw [PartialMap.comp_def],0.2,unconstrained,rw [PartialMap.comp_def],named,rw_tac,rw,True,,False,
26476,PartialMap,lemma PartialMap.id_comp {X Y : Scheme.{u}} [IrreducibleSpace X] (f : X.PartialMap Y) : (PartialMap.id X).comp f = f,7,`apply comp_id_left`,0.18,unconstrained,`apply comp_id_left`,parse_fail,"No terminal matches '`' in the current parser context, at line 1 col 1",<punct>,True,,False,
99647,weightedVSubOfPoint_sdiff,theorem weightedVSubOfPoint_sdiff [DecidableEq ι] {s₂ : Finset ι} (h : s₂ ⊆ s) (w : ι → k) (p : ι → P) (b : P) : (s \ s₂).weightedVSubOfPoint p b w + s₂.weightedVSubOfPoint p b w = s.weightedVSubOfPoint p b w,0,`rw [Finset.sdiff_union_of_subset]`,0.34,unconstrained,`rw [Finset.sdiff_union_of_subset]`,parse_fail,"No terminal matches '`' in the current parser context, at line 1 col 1",<punct>,True,,False,
99647,weightedVSubOfPoint_sdiff,theorem weightedVSubOfPoint_sdiff [DecidableEq ι] {s₂ : Finset ι} (h : s₂ ⊆ s) (w : ι → k) (p : ι → P) (b : P) : (s \ s₂).weightedVSubOfPoint p b w + s₂.weightedVSubOfPoint p b w = s.weightedVSubOfPoint p b w,1,rw [sdiff_union_of_disjoint],0.26,unconstrained,rw [sdiff_union_of_disjoint],named,rw_tac,rw,True,sdiff_union_of_disjoint,False,
99647,weightedVSubOfPoint_sdiff,theorem weightedVSubOfPoint_sdiff [DecidableEq ι] {s₂ : Finset ι} (h : s₂ ⊆ s) (w : ι → k) (p : ι → P) (b : P) : (s \ s₂).weightedVSubOfPoint p b w + s₂.weightedVSubOfPoint p b w = s.weightedVSubOfPoint p b w,2,rw [weightedVSubOfPoint_add_of_disjoint],0.33,unconstrained,rw [weightedVSubOfPoint_add_of_disjoint],named,rw_tac,rw,True,weightedVSubOfPoint_add_of_disjoint,False,
99647,weightedVSubOfPoint_sdiff,theorem weightedVSubOfPoint_sdiff [DecidableEq ι] {s₂ : Finset ι} (h : s₂ ⊆ s) (w : ι → k) (p : ι → P) (b : P) : (s \ s₂).weightedVSubOfPoint p b w + s₂.weightedVSubOfPoint p b w = s.weightedVSubOfPoint p b w,3,rw [@sdiff_union_of_subset_left _ _ h],0.33,unconstrained,rw [@sdiff_union_of_subset_left _ _ h],named,rw_tac,rw,True,sdiff_union_of_subset_left,False,
99647,weightedVSubOfPoint_sdiff,theorem weightedVSubOfPoint_sdiff [DecidableEq ι] {s₂ : Finset ι} (h : s₂ ⊆ s) (w : ι → k) (p : ι → P) (b : P) : (s \ s₂).weightedVSubOfPoint p b w + s₂.weightedVSubOfPoint p b w = s.weightedVSubOfPoint p b w,4,rw [sdiff_union],0.18,unconstrained,rw [sdiff_union],named,rw_tac,rw,True,sdiff_union,False,
99647,weightedVSubOfPoint_sdiff,theorem weightedVSubOfPoint_sdiff [DecidableEq ι] {s₂ : Finset ι} (h : s₂ ⊆ s) (w : ι → k) (p : ι → P) (b : P) : (s \ s₂).weightedVSubOfPoint p b w + s₂.weightedVSubOfPoint p b w = s.weightedVSubOfPoint p b w,5,rw [sdiff_union_of_subset],0.23,unconstrained,rw [sdiff_union_of_subset],named,rw_tac,rw,True,,False,
99647,weightedVSubOfPoint_sdiff,theorem weightedVSubOfPoint_sdiff [DecidableEq ι] {s₂ : Finset ι} (h : s₂ ⊆ s) (w : ι → k) (p : ι → P) (b : P) : (s \ s₂).weightedVSubOfPoint p b w + s₂.weightedVSubOfPoint p b w = s.weightedVSubOfPoint p b w,6,rw [Finset.sdiff_union_compl],0.28,unconstrained,rw [Finset.sdiff_union_compl],named,rw_tac,rw,True,Finset.sdiff_union_compl,False,
99647,weightedVSubOfPoint_sdiff,theorem weightedVSubOfPoint_sdiff [DecidableEq ι] {s₂ : Finset ι} (h : s₂ ⊆ s) (w : ι → k) (p : ι → P) (b : P) : (s \ s₂).weightedVSubOfPoint p b w + s₂.weightedVSubOfPoint p b w = s.weightedVSubOfPoint p b w,7,rw [weightedVSubOfPoint_union_of_disjoint],0.33,unconstrained,rw [weightedVSubOfPoint_union_of_disjoint],named,rw_tac,rw,True,weightedVSubOfPoint_union_of_disjoint,False,
72869,predAbove_of_lt_succ,lemma predAbove_of_lt_succ (p : Fin n) (i : Fin (n + 1)) (h : i < succ p) : p.predAbove i = i.castPred (Fin.ne_last_of_lt h),0,"have h' := Nat.lt_trans (Nat.succ_le_pred p h) (Nat.le_of_lt h), rw [h'], congr'",0.73,unconstrained,"have h' := Nat.lt_trans (Nat.succ_le_pred p h) (Nat.le_of_lt h), rw [h'], congr'",named,have_tac,have,True,Nat.succ_le_pred,False,
72869,predAbove_of_lt_succ,lemma predAbove_of_lt_succ (p : Fin n) (i : Fin (n + 1)) (h : i < succ p) : p.predAbove i = i.castPred (Fin.ne_last_of_lt h),1,cases' h,0.11,unconstrained,cases' h,named,cases_tac,cases',True,,False,
72869,predAbove_of_lt_succ,lemma predAbove_of_lt_succ (p : Fin n) (i : Fin (n + 1)) (h : i < succ p) : p.predAbove i = i.castPred (Fin.ne_last_of_lt h),2,rw [predAbove_def],0.18,unconstrained,rw [predAbove_def],named,rw_tac,rw,True,predAbove_def,False,
72869,predAbove_of_lt_succ,lemma predAbove_of_lt_succ (p : Fin n) (i : Fin (n + 1)) (h : i < succ p) : p.predAbove i = i.castPred (Fin.ne_last_of_lt h),3,`rw [predAbove]`,0.21,unconstrained,`rw [predAbove]`,parse_fail,"No terminal matches '`' in the current parser context, at line 1 col 1",<punct>,True,,False,
72869,predAbove_of_lt_succ,lemma predAbove_of_lt_succ (p : Fin n) (i : Fin (n + 1)) (h : i < succ p) : p.predAbove i = i.castPred (Fin.ne_last_of_lt h),4,cases h,0.09,unconstrained,cases h,named,cases_tac,cases,True,,False,
72869,predAbove_of_lt_succ,lemma predAbove_of_lt_succ (p : Fin n) (i : Fin (n + 1)) (h : i < succ p) : p.predAbove i = i.castPred (Fin.ne_last_of_lt h),5,cases h : nat.lt_pred_cases h; simp only [Fin.coe_eq_cast],0.47,unconstrained,cases h : nat.lt_pred_cases h; simp only [Fin.coe_eq_cast],named,cases_tac,cases,True,Fin.coe_eq_cast;nat.lt_pred_cases,False,
72869,predAbove_of_lt_succ,lemma predAbove_of_lt_succ (p : Fin n) (i : Fin (n + 1)) (h : i < succ p) : p.predAbove i = i.castPred (Fin.ne_last_of_lt h),6,rw [predAbove_def],0.18,unconstrained,rw [predAbove_def],named,rw_tac,rw,True,predAbove_def,False,
72869,predAbove_of_lt_succ,lemma predAbove_of_lt_succ (p : Fin n) (i : Fin (n + 1)) (h : i < succ p) : p.predAbove i = i.castPred (Fin.ne_last_of_lt h),7,"`rw [predAbove, castPred]`",0.28,unconstrained,"`rw [predAbove, castPred]`",parse_fail,"No terminal matches '`' in the current parser context, at line 1 col 1",<punct>,True,,False,
118858,one_def,theorem one_def (α : Type*) : (1 : Language.ring.Term α) = Constants.term oneFunc,0,`rw [Language.ring.one_eq]`,0.28,unconstrained,`rw [Language.ring.one_eq]`,parse_fail,"No terminal matches '`' in the current parser context, at line 1 col 1",<punct>,True,,False,
118858,one_def,theorem one_def (α : Type*) : (1 : Language.ring.Term α) = Constants.term oneFunc,1,unfold Language.ring.one Constants.term oneFunc,0.25,unconstrained,unfold Language.ring.one Constants.term oneFunc,named,unfold_tac,unfold,True,,False,
118858,one_def,theorem one_def (α : Type*) : (1 : Language.ring.Term α) = Constants.term oneFunc,2,rw [Language.ring.one],0.21,unconstrained,rw [Language.ring.one],named,rw_tac,rw,True,,False,
118858,one_def,theorem one_def (α : Type*) : (1 : Language.ring.Term α) = Constants.term oneFunc,3,`unfold one_def`,0.16,unconstrained,`unfold one_def`,parse_fail,"No terminal matches '`' in the current parser context, at line 1 col 1",<punct>,True,,False,
118858,one_def,theorem one_def (α : Type*) : (1 : Language.ring.Term α) = Constants.term oneFunc,4,`rw [Language.ring.one_eq_const]`,0.3,unconstrained,`rw [Language.ring.one_eq_const]`,parse_fail,"No terminal matches '`' in the current parser context, at line 1 col 1",<punct>,True,Language.ring.one_eq_const,False,
118858,one_def,theorem one_def (α : Type*) : (1 : Language.ring.Term α) = Constants.term oneFunc,5,`rw [Language.ring.one_eq_oneFunc]`,0.32,unconstrained,`rw [Language.ring.one_eq_oneFunc]`,parse_fail,"No terminal matches '`' in the current parser context, at line 1 col 1",<punct>,True,Language.ring.one_eq_oneFunc,False,
118858,one_def,theorem one_def (α : Type*) : (1 : Language.ring.Term α) = Constants.term oneFunc,6,`cases on α`,0.16,unconstrained,`cases on α`,parse_fail,"No terminal matches '`' in the current parser context, at line 1 col 1",<punct>,True,,False,
118858,one_def,theorem one_def (α : Type*) : (1 : Language.ring.Term α) = Constants.term oneFunc,7,`rw [Language.ring.one]`,0.25,unconstrained,`rw [Language.ring.one]`,parse_fail,"No terminal matches '`' in the current parser context, at line 1 col 1",<punct>,True,,False,
166640,_root_,lemma _root_.Isometry.isCover_image_iff {f : X → Y} (hf : Isometry f) (C : Set X) : IsCover ε (f '' s) (f '' C) ↔ IsCover ε s C,0,rw [IsCover.image],0.19,unconstrained,rw [IsCover.image],named,rw_tac,rw,True,,False,
166640,_root_,lemma _root_.Isometry.isCover_image_iff {f : X → Y} (hf : Isometry f) (C : Set X) : IsCover ε (f '' s) (f '' C) ↔ IsCover ε s C,1,rw [isCover_image],0.18,unconstrained,rw [isCover_image],named,rw_tac,rw,True,isCover_image,False,
166640,_root_,lemma _root_.Isometry.isCover_image_iff {f : X → Y} (hf : Isometry f) (C : Set X) : IsCover ε (f '' s) (f '' C) ↔ IsCover ε s C,2,rw [isCover_image],0.18,unconstrained,rw [isCover_image],named,rw_tac,rw,True,isCover_image,False,
166640,_root_,lemma _root_.Isometry.isCover_image_iff {f : X → Y} (hf : Isometry f) (C : Set X) : IsCover ε (f '' s) (f '' C) ↔ IsCover ε s C,3,rw [← hf.image_isometry],0.23,unconstrained,rw [← hf.image_isometry],named,rw_tac,rw,True,hf.image_isometry,False,
166640,_root_,lemma _root_.Isometry.isCover_image_iff {f : X → Y} (hf : Isometry f) (C : Set X) : IsCover ε (f '' s) (f '' C) ↔ IsCover ε s C,4,rw [isCover_def],0.18,unconstrained,rw [isCover_def],named,rw_tac,rw,True,isCover_def,False,
166640,_root_,lemma _root_.Isometry.isCover_image_iff {f : X → Y} (hf : Isometry f) (C : Set X) : IsCover ε (f '' s) (f '' C) ↔ IsCover ε s C,5,rw [←image_preimage hf],0.23,unconstrained,rw [←image_preimage hf],named,rw_tac,rw,True,,False,
166640,_root_,lemma _root_.Isometry.isCover_image_iff {f : X → Y} (hf : Isometry f) (C : Set X) : IsCover ε (f '' s) (f '' C) ↔ IsCover ε s C,6,rw [isCover_image],0.18,unconstrained,rw [isCover_image],named,rw_tac,rw,True,isCover_image,False,
166640,_root_,lemma _root_.Isometry.isCover_image_iff {f : X → Y} (hf : Isometry f) (C : Set X) : IsCover ε (f '' s) (f '' C) ↔ IsCover ε s C,7,rw [hf.image_preimage],0.21,unconstrained,rw [hf.image_preimage],named,rw_tac,rw,True,,False,
95638,rightInvSeq_concat,theorem rightInvSeq_concat (ω : List B) (i : B) : ris (ω.concat i) = (List.map (MulAut.conj (s i)) (ris ω)).concat (s i),0,"induction ω with | nil => simp | cons h t ih => simp [Concat.cons, Map.map, Conj.conj_mul, ih]",0.76,unconstrained,"induction ω with | nil => simp | cons h t ih => simp [Concat.cons, Map.map, Conj.conj_mul, ih]",named,induction_tac,induction,True,,False,
95638,rightInvSeq_concat,theorem rightInvSeq_concat (ω : List B) (i : B) : ris (ω.concat i) = (List.map (MulAut.conj (s i)) (ris ω)).concat (s i),1,rw [rightInvSeq_concat],0.2,unconstrained,rw [rightInvSeq_concat],named,rw_tac,rw,True,,False,
95638,rightInvSeq_concat,theorem rightInvSeq_concat (ω : List B) (i : B) : ris (ω.concat i) = (List.map (MulAut.conj (s i)) (ris ω)).concat (s i),2,"induction ω as [] | (x :: xs) => 
   . simp
   . rw [List.concat_cons]
   . rw [List.map_cons]
   . unfold MulAut.conj
   . rw [← List.map_concat]
   . rw [← List.concat_assoc]
   . simp [*",1.55,unconstrained,induction ω as [] | (x :: xs) =>,named,induction_tac,induction,True,as;xs,False,multiline:8
95638,rightInvSeq_concat,theorem rightInvSeq_concat (ω : List B) (i : B) : ris (ω.concat i) = (List.map (MulAut.conj (s i)) (ris ω)).concat (s i),3,rw [rightInvSeq],0.18,unconstrained,rw [rightInvSeq],named,rw_tac,rw,True,,False,
95638,rightInvSeq_concat,theorem rightInvSeq_concat (ω : List B) (i : B) : ris (ω.concat i) = (List.map (MulAut.conj (s i)) (ris ω)).concat (s i),4,rw [rightInvSeq],0.18,unconstrained,rw [rightInvSeq],named,rw_tac,rw,True,,False,
95638,rightInvSeq_concat,theorem rightInvSeq_concat (ω : List B) (i : B) : ris (ω.concat i) = (List.map (MulAut.conj (s i)) (ris ω)).concat (s i),5,rw [List.concat_eq],0.18,unconstrained,rw [List.concat_eq],named,rw_tac,rw,True,List.concat_eq,False,
95638,rightInvSeq_concat,theorem rightInvSeq_concat (ω : List B) (i : B) : ris (ω.concat i) = (List.map (MulAut.conj (s i)) (ris ω)).concat (s i),6,rw [rightInvSeq_concat],0.21,unconstrained,rw [rightInvSeq_concat],named,rw_tac,rw,True,,False,
95638,rightInvSeq_concat,theorem rightInvSeq_concat (ω : List B) (i : B) : ris (ω.concat i) = (List.map (MulAut.conj (s i)) (ris ω)).concat (s i),7,rewrite List.concat_map_eq_map_concat; simp; rw [List.map_conj]; simp; rw [List.concat_assoc],0.64,unconstrained,rewrite List.concat_map_eq_map_concat; simp; rw [List.map_conj]; simp; rw [List.concat_assoc],fallback,generic_tac,rewrite,False,List.concat_assoc;List.concat_map_eq_map_concat,False,
42638,closure_subset_closedAbsConvexHull,theorem closure_subset_closedAbsConvexHull {s : Set E} : closure s ⊆ closedAbsConvexHull 𝕜 s,0,`rw [closedAbsConvexHull_eq_convexHull_closure]`,0.45,unconstrained,`rw [closedAbsConvexHull_eq_convexHull_closure]`,parse_fail,"No terminal matches '`' in the current parser context, at line 1 col 1",<punct>,True,closedAbsConvexHull_eq_convexHull_closure,False,
42638,closure_subset_closedAbsConvexHull,theorem closure_subset_closedAbsConvexHull {s : Set E} : closure s ⊆ closedAbsConvexHull 𝕜 s,1,`rw [closedAbsConvexHull_eq_convexClosure]`,0.39,unconstrained,`rw [closedAbsConvexHull_eq_convexClosure]`,parse_fail,"No terminal matches '`' in the current parser context, at line 1 col 1",<punct>,True,closedAbsConvexHull_eq_convexClosure,False,
42638,closure_subset_closedAbsConvexHull,theorem closure_subset_closedAbsConvexHull {s : Set E} : closure s ⊆ closedAbsConvexHull 𝕜 s,2,rw [closedAbsConvexHull_eq_closure_absConvexHull],0.42,unconstrained,rw [closedAbsConvexHull_eq_closure_absConvexHull],named,rw_tac,rw,True,,False,
42638,closure_subset_closedAbsConvexHull,theorem closure_subset_closedAbsConvexHull {s : Set E} : closure s ⊆ closedAbsConvexHull 𝕜 s,3,`rw [closedAbsConvexHull]`,0.3,unconstrained,`rw [closedAbsConvexHull]`,parse_fail,"No terminal matches '`' in the current parser context, at line 1 col 1",<punct>,True,,False,
42638,closure_subset_closedAbsConvexHull,theorem closure_subset_closedAbsConvexHull {s : Set E} : closure s ⊆ closedAbsConvexHull 𝕜 s,4,use subset_transitivity,0.13,unconstrained,use subset_transitivity,named,use_tac,use,True,subset_transitivity,False,
42638,closure_subset_closedAbsConvexHull,theorem closure_subset_closedAbsConvexHull {s : Set E} : closure s ⊆ closedAbsConvexHull 𝕜 s,5,`apply subset_trans`,0.16,unconstrained,`apply subset_trans`,parse_fail,"No terminal matches '`' in the current parser context, at line 1 col 1",<punct>,True,subset_trans,False,
42638,closure_subset_closedAbsConvexHull,theorem closure_subset_closedAbsConvexHull {s : Set E} : closure s ⊆ closedAbsConvexHull 𝕜 s,6,`apply closedAbsConvexHull.subset_closure`,0.32,unconstrained,`apply closedAbsConvexHull.subset_closure`,parse_fail,"No terminal matches '`' in the current parser context, at line 1 col 1",<punct>,True,,False,
42638,closure_subset_closedAbsConvexHull,theorem closure_subset_closedAbsConvexHull {s : Set E} : closure s ⊆ closedAbsConvexHull 𝕜 s,7,intro x hx; apply AbsConvexHull.mem_closure_of_mem; assumption,0.42,unconstrained,intro x hx; apply AbsConvexHull.mem_closure_of_mem; assumption,named,intro_tac,intro,True,hx,False,
97040,mk'_eq_iff_eq_mul,theorem mk'_eq_iff_eq_mul {x} {y : S} {z} : f.mk' x y = z ↔ f x = z * f y,0,rw [f.mk'],0.16,unconstrained,rw [f.mk'],named,rw_tac,rw,True,,False,
97040,mk'_eq_iff_eq_mul,theorem mk'_eq_iff_eq_mul {x} {y : S} {z} : f.mk' x y = z ↔ f x = z * f y,1,rw [f.mk'],0.16,unconstrained,rw [f.mk'],named,rw_tac,rw,True,,False,
97040,mk'_eq_iff_eq_mul,theorem mk'_eq_iff_eq_mul {x} {y : S} {z} : f.mk' x y = z ↔ f x = z * f y,2,rw [mk'],0.13,unconstrained,rw [mk'],named,rw_tac,rw,True,,False,
97040,mk'_eq_iff_eq_mul,theorem mk'_eq_iff_eq_mul {x} {y : S} {z} : f.mk' x y = z ↔ f x = z * f y,3,rw [f.mk'],0.16,unconstrained,rw [f.mk'],named,rw_tac,rw,True,,False,
97040,mk'_eq_iff_eq_mul,theorem mk'_eq_iff_eq_mul {x} {y : S} {z} : f.mk' x y = z ↔ f x = z * f y,4,cases z,0.08,unconstrained,cases z,named,cases_tac,cases,True,,False,
97040,mk'_eq_iff_eq_mul,theorem mk'_eq_iff_eq_mul {x} {y : S} {z} : f.mk' x y = z ↔ f x = z * f y,5,rw [mk'],0.13,unconstrained,rw [mk'],named,rw_tac,rw,True,,False,
97040,mk'_eq_iff_eq_mul,theorem mk'_eq_iff_eq_mul {x} {y : S} {z} : f.mk' x y = z ↔ f x = z * f y,6,rw [mk'],0.14,unconstrained,rw [mk'],named,rw_tac,rw,True,,False,
97040,mk'_eq_iff_eq_mul,theorem mk'_eq_iff_eq_mul {x} {y : S} {z} : f.mk' x y = z ↔ f x = z * f y,7,rw [f.mk'],0.16,unconstrained,rw [f.mk'],named,rw_tac,rw,True,,False,
93132,_root_,protected lemma _root_.ModelWithCorners.isImmersionAt {n : ℕ} {x : H} : IsImmersionAt I (modelWithCornersSelf 𝕜 E) n I x,0,unfolding modelWithCornersSelf at *,0.29,unconstrained,unfolding modelWithCornersSelf at *,named,unfold_tac,unfolding,False,,False,
93132,_root_,protected lemma _root_.ModelWithCorners.isImmersionAt {n : ℕ} {x : H} : IsImmersionAt I (modelWithCornersSelf 𝕜 E) n I x,1,`unfold ModelWithCorners.isImmersionAt modelWithCornersSelf I`,0.48,unconstrained,`unfold ModelWithCorners.isImmersionAt modelWithCornersSelf I`,parse_fail,"No terminal matches '`' in the current parser context, at line 1 col 1",<punct>,True,,False,
93132,_root_,protected lemma _root_.ModelWithCorners.isImmersionAt {n : ℕ} {x : H} : IsImmersionAt I (modelWithCornersSelf 𝕜 E) n I x,2,use modelWithCornersSelf_isLocalHomeomorphismAt,0.33,unconstrained,use modelWithCornersSelf_isLocalHomeomorphismAt,named,use_tac,use,True,modelWithCornersSelf_isLocalHomeomorphismAt,False,
93132,_root_,protected lemma _root_.ModelWithCorners.isImmersionAt {n : ℕ} {x : H} : IsImmersionAt I (modelWithCornersSelf 𝕜 E) n I x,3,`apply modelWithCornersSelf_isLocalEmbeddingAt`,0.35,unconstrained,`apply modelWithCornersSelf_isLocalEmbeddingAt`,parse_fail,"No terminal matches '`' in the current parser context, at line 1 col 1",<punct>,True,modelWithCornersSelf_isLocalEmbeddingAt,False,
93132,_root_,protected lemma _root_.ModelWithCorners.isImmersionAt {n : ℕ} {x : H} : IsImmersionAt I (modelWithCornersSelf 𝕜 E) n I x,4,apply immersionAt_def,0.14,unconstrained,apply immersionAt_def,named,apply_tac,apply,True,immersionAt_def,False,
93132,_root_,protected lemma _root_.ModelWithCorners.isImmersionAt {n : ℕ} {x : H} : IsImmersionAt I (modelWithCornersSelf 𝕜 E) n I x,5,refine ModelWithCorners.isImmersionAt_of_continuous_differentiable_at' _ (differentiableAt_modelWithCornersSelf' _) _,0.74,unconstrained,refine ModelWithCorners.isImmersionAt_of_continuous_differentiable_at' _ (differentiableAt_modelWithCornersSelf' _) _,named,refine_tac,refine,True,ModelWithCorners.isImmersionAt_of_continuous_differentiable_at';differentiableAt_modelWithCornersSelf',False,
93132,_root_,protected lemma _root_.ModelWithCorners.isImmersionAt {n : ℕ} {x : H} : IsImmersionAt I (modelWithCornersSelf 𝕜 E) n I x,6,`use modelWithCornersSelf𝕜EjectiveAtI x`,0.38,unconstrained,`use modelWithCornersSelf𝕜EjectiveAtI x`,parse_fail,"No terminal matches '`' in the current parser context, at line 1 col 1",<punct>,True,EjectiveAtI,False,
93132,_root_,protected lemma _root_.ModelWithCorners.isImmersionAt {n : ℕ} {x : H} : IsImmersionAt I (modelWithCornersSelf 𝕜 E) n I x,7,use modelWithCornersSelfIsLocalHomeomorphism_at_of_modelWithCornersSelf_isOpenMapAt,0.57,unconstrained,use modelWithCornersSelfIsLocalHomeomorphism_at_of_modelWithCornersSelf_isOpenMapAt,named,use_tac,use,True,modelWithCornersSelfIsLocalHomeomorphism_at_of_modelWithCornersSelf_isOpenMapAt,False,
54921,isIso_iff,"lemma isIso_iff {X Y : C} (f : X ⟶ Y) : IsIso f ↔ ∀ i, IsIso ((F i).map f)",0,cases h,0.09,unconstrained,cases h,named,cases_tac,cases,True,,False,
54921,isIso_iff,"lemma isIso_iff {X Y : C} (f : X ⟶ Y) : IsIso f ↔ ∀ i, IsIso ((F i).map f)",1,refine isIso_of_iso_comp_iso _ _ _; apply iso_comp_assoc,0.43,unconstrained,refine isIso_of_iso_comp_iso _ _ _; apply iso_comp_assoc,named,refine_tac,refine,True,isIso_of_iso_comp_iso;iso_comp_assoc,False,
54921,isIso_iff,"lemma isIso_iff {X Y : C} (f : X ⟶ Y) : IsIso f ↔ ∀ i, IsIso ((F i).map f)",2,"split_ifs; intros; apply isIso_of_iso_comp_iso; simp only [category_theory.category.id_right, category_theory.category.id_left]",0.79,unconstrained,"split_ifs; intros; apply isIso_of_iso_comp_iso; simp only [category_theory.category.id_right, category_theory.category.id_left]",named,split_ifs_tac,split_ifs,True,isIso_of_iso_comp_iso,False,
54921,isIso_iff,"lemma isIso_iff {X Y : C} (f : X ⟶ Y) : IsIso f ↔ ∀ i, IsIso ((F i).map f)",3,split_ifs; intros i hi; apply (iso_of_iso_map hi),0.43,unconstrained,split_ifs; intros i hi; apply (iso_of_iso_map hi),named,split_ifs_tac,split_ifs,True,iso_of_iso_map,False,
54921,isIso_iff,"lemma isIso_iff {X Y : C} (f : X ⟶ Y) : IsIso f ↔ ∀ i, IsIso ((F i).map f)",4,induction f; intros i; unfold IsIso; simp; intros j; apply iso_of_iso_map; assumption,0.6,unconstrained,induction f; intros i; unfold IsIso; simp; intros j; apply iso_of_iso_map; assumption,named,induction_tac,induction,True,IsIso;iso_of_iso_map,False,
54921,isIso_iff,"lemma isIso_iff {X Y : C} (f : X ⟶ Y) : IsIso f ↔ ∀ i, IsIso ((F i).map f)",5,split_ifs; intros i hi; rw [IsIso.map]; exact hi,0.43,unconstrained,split_ifs; intros i hi; rw [IsIso.map]; exact hi,named,split_ifs_tac,split_ifs,True,,False,
54921,isIso_iff,"lemma isIso_iff {X Y : C} (f : X ⟶ Y) : IsIso f ↔ ∀ i, IsIso ((F i).map f)",6,`apply isIso_def`,0.18,unconstrained,`apply isIso_def`,parse_fail,"No terminal matches '`' in the current parser context, at line 1 col 1",<punct>,True,isIso_def,False,
54921,isIso_iff,"lemma isIso_iff {X Y : C} (f : X ⟶ Y) : IsIso f ↔ ∀ i, IsIso ((F i).map f)",7,`split`,0.11,unconstrained,`split`,parse_fail,"No terminal matches '`' in the current parser context, at line 1 col 1",<punct>,True,,False,
69986,comp,theorem comp₂ {f : γ → σ} {g : α → β → γ} (hf : Computable f) (hg : Computable₂ g) : Computable₂ fun a b => f (g a b),0,unfold computable₂; unfold computable; apply hf; apply hg; intros a b; apply funext; intros x; unfold computable₂; unfold computable; simp; intros y; unfold computable₂; unfold computable; simp; congruence,1.36,unconstrained,unfold computable₂; unfold computable; apply hf; apply hg; intros a b; apply funext; intros x; unfold computable₂; unfold computable; simp; intros y; unfold computable₂; unfold computable; simp; congruence,named,unfold_tac,unfold,True,,False,
69986,comp,theorem comp₂ {f : γ → σ} {g : α → β → γ} (hf : Computable f) (hg : Computable₂ g) : Computable₂ fun a b => f (g a b),1,"`rw [Computable.def, Computable₂.def] at hf hg ⊢`",0.48,unconstrained,"`rw [Computable.def, Computable₂.def] at hf hg ⊢`",parse_fail,"No terminal matches '`' in the current parser context, at line 1 col 1",<punct>,True,,False,
69986,comp,theorem comp₂ {f : γ → σ} {g : α → β → γ} (hf : Computable f) (hg : Computable₂ g) : Computable₂ fun a b => f (g a b),2,`intros hf hg; unfold Computable₂; apply funext; intros a b; unfold Computable; simp; apply hg; exact hf`,0.77,unconstrained,`intros hf hg; unfold Computable₂; apply funext; intros a b; unfold Computable; simp; apply hg; exact hf`,parse_fail,"No terminal matches '`' in the current parser context, at line 1 col 1",<punct>,True,,False,
69986,comp,theorem comp₂ {f : γ → σ} {g : α → β → γ} (hf : Computable f) (hg : Computable₂ g) : Computable₂ fun a b => f (g a b),3,unfold Computable Computable₂,0.21,unconstrained,unfold Computable Computable₂,named,unfold_tac,unfold,True,,False,
69986,comp,theorem comp₂ {f : γ → σ} {g : α → β → γ} (hf : Computable f) (hg : Computable₂ g) : Computable₂ fun a b => f (g a b),4,intro a b hha hhb; unfold computable₂; apply hg; assumption,0.45,unconstrained,intro a b hha hhb; unfold computable₂; apply hg; assumption,named,intro_tac,intro,True,hha;hhb,False,
69986,comp,theorem comp₂ {f : γ → σ} {g : α → β → γ} (hf : Computable f) (hg : Computable₂ g) : Computable₂ fun a b => f (g a b),5,"apply computable₂_comp hf hg; intros x y; unfold fun a b => f (g a b); apply hf; apply hg; assumption;
```",0.81,unconstrained,apply computable₂_comp hf hg; intros x y; unfold fun a b => f (g a b); apply hf; apply hg; assumption;,named,apply_tac,apply,True,_comp,False,
69986,comp,theorem comp₂ {f : γ → σ} {g : α → β → γ} (hf : Computable f) (hg : Computable₂ g) : Computable₂ fun a b => f (g a b),6,intros a b,0.11,unconstrained,intros a b,named,intro_tac,intros,True,,False,
69986,comp,theorem comp₂ {f : γ → σ} {g : α → β → γ} (hf : Computable f) (hg : Computable₂ g) : Computable₂ fun a b => f (g a b),7,rw [Computable₂.def],0.21,unconstrained,rw [Computable₂.def],named,rw_tac,rw,True,,False,
169878,Icc_mem_nhdsLE_of_mem,theorem Icc_mem_nhdsLE_of_mem (H : b ∈ Ioc a c) : Icc a c ∈ 𝓝[≤] b,0,use mem_Icc.,0.16,unconstrained,use mem_Icc.,named,use_tac,use,True,,False,
169878,Icc_mem_nhdsLE_of_mem,theorem Icc_mem_nhdsLE_of_mem (H : b ∈ Ioc a c) : Icc a c ∈ 𝓝[≤] b,1,use H.2,0.13,unconstrained,use H.2,named,use_tac,use,True,H.2,False,
169878,Icc_mem_nhdsLE_of_mem,theorem Icc_mem_nhdsLE_of_mem (H : b ∈ Ioc a c) : Icc a c ∈ 𝓝[≤] b,2,use H.2,0.13,unconstrained,use H.2,named,use_tac,use,True,H.2,False,
169878,Icc_mem_nhdsLE_of_mem,theorem Icc_mem_nhdsLE_of_mem (H : b ∈ Ioc a c) : Icc a c ∈ 𝓝[≤] b,3,"use [Ioc_mem_Icc, nhdsIoc_le]
rw [Ioc_def, Icc_def] at H
exact H.1",0.78,unconstrained,"use [Ioc_mem_Icc, nhdsIoc_le]",named,use_tac,use,True,Ioc_mem_Icc;nhdsIoc_le,False,multiline:3
169878,Icc_mem_nhdsLE_of_mem,theorem Icc_mem_nhdsLE_of_mem (H : b ∈ Ioc a c) : Icc a c ∈ 𝓝[≤] b,4,use H,0.09,unconstrained,use H,named,use_tac,use,True,,False,
169878,Icc_mem_nhdsLE_of_mem,theorem Icc_mem_nhdsLE_of_mem (H : b ∈ Ioc a c) : Icc a c ∈ 𝓝[≤] b,5,use H.2,0.13,unconstrained,use H.2,named,use_tac,use,True,H.2,False,
169878,Icc_mem_nhdsLE_of_mem,theorem Icc_mem_nhdsLE_of_mem (H : b ∈ Ioc a c) : Icc a c ∈ 𝓝[≤] b,6,use H.2,0.14,unconstrained,use H.2,named,use_tac,use,True,H.2,False,
169878,Icc_mem_nhdsLE_of_mem,theorem Icc_mem_nhdsLE_of_mem (H : b ∈ Ioc a c) : Icc a c ∈ 𝓝[≤] b,7,"rw [Ioc_Icc_of_le, nhds_LE_clopen]",0.4,unconstrained,"rw [Ioc_Icc_of_le, nhds_LE_clopen]",named,rw_tac,rw,True,Ioc_Icc_of_le;nhds_LE_clopen,False,
18717,sup_eq_half_smul_add_add_abs_sub,lemma sup_eq_half_smul_add_add_abs_sub (x y : M) : x ⊔ y = (⅟2 : R) • (x + y + |y - x|),0,use (sup_le x y),0.21,unconstrained,use (sup_le x y),named,use_tac,use,True,,False,
18717,sup_eq_half_smul_add_add_abs_sub,lemma sup_eq_half_smul_add_add_abs_sub (x y : M) : x ⊔ y = (⅟2 : R) • (x + y + |y - x|),1,rw [sup_def],0.16,unconstrained,rw [sup_def],named,rw_tac,rw,True,,False,
18717,sup_eq_half_smul_add_add_abs_sub,lemma sup_eq_half_smul_add_add_abs_sub (x y : M) : x ⊔ y = (⅟2 : R) • (x + y + |y - x|),2,rw [sup_def],0.16,unconstrained,rw [sup_def],named,rw_tac,rw,True,,False,
18717,sup_eq_half_smul_add_add_abs_sub,lemma sup_eq_half_smul_add_add_abs_sub (x y : M) : x ⊔ y = (⅟2 : R) • (x + y + |y - x|),3,unfold Sup add_sup sup_of_le le_add_right abs_sub_add_right_add_left add_smul_add add_mul_two one_div_two_mul_two,0.71,unconstrained,unfold Sup add_sup sup_of_le le_add_right abs_sub_add_right_add_left add_smul_add add_mul_two one_div_two_mul_two,named,unfold_tac,unfold,True,Sup;abs_sub_add_right_add_left;add_mul_two;add_smul_add;one_div_two_mul_two;sup_of_le,False,
18717,sup_eq_half_smul_add_add_abs_sub,lemma sup_eq_half_smul_add_add_abs_sub (x y : M) : x ⊔ y = (⅟2 : R) • (x + y + |y - x|),4,ring,0.06,unconstrained,ring,named,ring_tac,ring,True,,False,
18717,sup_eq_half_smul_add_add_abs_sub,lemma sup_eq_half_smul_add_add_abs_sub (x y : M) : x ⊔ y = (⅟2 : R) • (x + y + |y - x|),5,unfold sup,0.09,unconstrained,unfold sup,named,unfold_tac,unfold,True,,False,
18717,sup_eq_half_smul_add_add_abs_sub,lemma sup_eq_half_smul_add_add_abs_sub (x y : M) : x ⊔ y = (⅟2 : R) • (x + y + |y - x|),6,rw [sup_def],0.16,unconstrained,rw [sup_def],named,rw_tac,rw,True,,False,
18717,sup_eq_half_smul_add_add_abs_sub,lemma sup_eq_half_smul_add_add_abs_sub (x y : M) : x ⊔ y = (⅟2 : R) • (x + y + |y - x|),7,rw [sup_def],0.16,unconstrained,rw [sup_def],named,rw_tac,rw,True,,False,
159680,ContinuousAt,theorem ContinuousAt.mul_const (hf : ContinuousAt f x) (b : M) : ContinuousAt (f · * b) x,0,apply ContinuousAt.mul_continuous_right hf continuity_of_const,0.28,unconstrained,apply ContinuousAt.mul_continuous_right hf continuity_of_const,named,apply_tac,apply,True,ContinuousAt.mul_continuous_right;continuity_of_const,False,
159680,ContinuousAt,theorem ContinuousAt.mul_const (hf : ContinuousAt f x) (b : M) : ContinuousAt (f · * b) x,1,"`conv { to_rhs, rw [←mul_comm] }`",0.37,unconstrained,"`conv { to_rhs, rw [←mul_comm] }`",parse_fail,"No terminal matches '`' in the current parser context, at line 1 col 1",<punct>,True,to_rhs,False,
159680,ContinuousAt,theorem ContinuousAt.mul_const (hf : ContinuousAt f x) (b : M) : ContinuousAt (f · * b) x,2,`apply ContinuousAt.prod_constant_left hf`,0.25,unconstrained,`apply ContinuousAt.prod_constant_left hf`,parse_fail,"No terminal matches '`' in the current parser context, at line 1 col 1",<punct>,True,ContinuousAt.prod_constant_left,False,
159680,ContinuousAt,theorem ContinuousAt.mul_const (hf : ContinuousAt f x) (b : M) : ContinuousAt (f · * b) x,3,`apply hf.continuous_at_mul_const`,0.28,unconstrained,`apply hf.continuous_at_mul_const`,parse_fail,"No terminal matches '`' in the current parser context, at line 1 col 1",<punct>,True,hf.continuous_at_mul_const,False,
159680,ContinuousAt,theorem ContinuousAt.mul_const (hf : ContinuousAt f x) (b : M) : ContinuousAt (f · * b) x,4,`conv_rhs { rw [mul_assoc] }`,0.3,unconstrained,`conv_rhs { rw [mul_assoc] }`,parse_fail,"No terminal matches '`' in the current parser context, at line 1 col 1",<punct>,True,,False,
159680,ContinuousAt,theorem ContinuousAt.mul_const (hf : ContinuousAt f x) (b : M) : ContinuousAt (f · * b) x,5,apply ContinuousAt.mul_continuous_right hf continuity_of_const,0.27,unconstrained,apply ContinuousAt.mul_continuous_right hf continuity_of_const,named,apply_tac,apply,True,ContinuousAt.mul_continuous_right;continuity_of_const,False,
159680,ContinuousAt,theorem ContinuousAt.mul_const (hf : ContinuousAt f x) (b : M) : ContinuousAt (f · * b) x,6,`rw [ContinuousAt.mk_iff_continuous_within_at]; rw [WithinAt.mul_const]`,0.49,unconstrained,`rw [ContinuousAt.mk_iff_continuous_within_at]; rw [WithinAt.mul_const]`,parse_fail,"No terminal matches '`' in the current parser context, at line 1 col 1",<punct>,True,ContinuousAt.mk_iff_continuous_within_at,False,
159680,ContinuousAt,theorem ContinuousAt.mul_const (hf : ContinuousAt f x) (b : M) : ContinuousAt (f · * b) x,7,apply hf.mono (mul_right_continuous_at b),0.3,unconstrained,apply hf.mono (mul_right_continuous_at b),named,apply_tac,apply,True,mul_right_continuous_at,False,
166455,disjoint_nhdsSet_cobounded,theorem disjoint_nhdsSet_cobounded {s : Set α} (hs : IsCompact s) : Disjoint (𝓝ˢ s) (cobounded α),0,induction hs; simp_all; intros nhds_cobounded; apply disjoint_of_ne_empty; linarith; assumption; assumption; assumption; assumption; assumption; assumption; assumption; assumption; assumption; assumption; assumption; assumption; assumption; assumption; assumption; assumption; assumption; assumption; assumption; assumption; assumption,1.54,unconstrained,induction hs; simp_all; intros nhds_cobounded; apply disjoint_of_ne_empty; linarith; assumption; assumption; assumption; assumption; assumption; assumption; assumption; assumption; assumption; assumption; assumption; assumption; assumption; assumption; assumption; assumption; assumption; assumption; assumption; assumption; assumption,named,induction_tac,induction,True,disjoint_of_ne_empty,False,
166455,disjoint_nhdsSet_cobounded,theorem disjoint_nhdsSet_cobounded {s : Set α} (hs : IsCompact s) : Disjoint (𝓝ˢ s) (cobounded α),1,`use disjoint_compact_cobounded hs`,0.28,unconstrained,`use disjoint_compact_cobounded hs`,parse_fail,"No terminal matches '`' in the current parser context, at line 1 col 1",<punct>,True,disjoint_compact_cobounded,False,
166455,disjoint_nhdsSet_cobounded,theorem disjoint_nhdsSet_cobounded {s : Set α} (hs : IsCompact s) : Disjoint (𝓝ˢ s) (cobounded α),2,rw [disjoint_def],0.18,unconstrained,rw [disjoint_def],named,rw_tac,rw,True,,False,
166455,disjoint_nhdsSet_cobounded,theorem disjoint_nhdsSet_cobounded {s : Set α} (hs : IsCompact s) : Disjoint (𝓝ˢ s) (cobounded α),3,"`rw [Disjoint, nhdsSet_cobounded hs]`",0.4,unconstrained,"`rw [Disjoint, nhdsSet_cobounded hs]`",parse_fail,"No terminal matches '`' in the current parser context, at line 1 col 1",<punct>,True,nhdsSet_cobounded,False,
166455,disjoint_nhdsSet_cobounded,theorem disjoint_nhdsSet_cobounded {s : Set α} (hs : IsCompact s) : Disjoint (𝓝ˢ s) (cobounded α),4,`exact hs.cobounded_disjoint_nhdsSet`,0.32,unconstrained,`exact hs.cobounded_disjoint_nhdsSet`,parse_fail,"No terminal matches '`' in the current parser context, at line 1 col 1",<punct>,True,hs.cobounded_disjoint_nhdsSet,False,
166455,disjoint_nhdsSet_cobounded,theorem disjoint_nhdsSet_cobounded {s : Set α} (hs : IsCompact s) : Disjoint (𝓝ˢ s) (cobounded α),5,contrapose! hs; apply CompactnessOfCobounded; contradiction,0.39,unconstrained,contrapose! hs; apply CompactnessOfCobounded; contradiction,named,contrapose_tac,contrapose!,True,CompactnessOfCobounded,False,
166455,disjoint_nhdsSet_cobounded,theorem disjoint_nhdsSet_cobounded {s : Set α} (hs : IsCompact s) : Disjoint (𝓝ˢ s) (cobounded α),6,use hscompact_cobounded hs,0.2,unconstrained,use hscompact_cobounded hs,named,use_tac,use,True,hscompact_cobounded,False,
166455,disjoint_nhdsSet_cobounded,theorem disjoint_nhdsSet_cobounded {s : Set α} (hs : IsCompact s) : Disjoint (𝓝ˢ s) (cobounded α),7,apply nhdsSet_bounded_of_compact hs,0.27,unconstrained,apply nhdsSet_bounded_of_compact hs,named,apply_tac,apply,True,nhdsSet_bounded_of_compact,False,
44862,explicitCokernel_hom_ext,theorem explicitCokernel_hom_ext {X Y Z : SemiNormedGrp.{u}} {f : X ⟶ Y} (e₁ e₂ : explicitCokernel f ⟶ Z) (h : explicitCokernelπ f ≫ e₁ = explicitCokernelπ f ≫ e₂) : e₁ = e₂,0,rw [explicitCokernel.ext_iff],0.26,unconstrained,rw [explicitCokernel.ext_iff],named,rw_tac,rw,True,,False,
44862,explicitCokernel_hom_ext,theorem explicitCokernel_hom_ext {X Y Z : SemiNormedGrp.{u}} {f : X ⟶ Y} (e₁ e₂ : explicitCokernel f ⟶ Z) (h : explicitCokernelπ f ≫ e₁ = explicitCokernelπ f ≫ e₂) : e₁ = e₂,1,rw [← cancel_congr] at h; rw [← congr_arg₂ (· ≫ ·)] at h,0.61,unconstrained,rw [← cancel_congr] at h; rw [← congr_arg₂ (· ≫ ·)] at h,named,rw_tac,rw,True,cancel_congr,False,
44862,explicitCokernel_hom_ext,theorem explicitCokernel_hom_ext {X Y Z : SemiNormedGrp.{u}} {f : X ⟶ Y} (e₁ e₂ : explicitCokernel f ⟶ Z) (h : explicitCokernelπ f ≫ e₁ = explicitCokernelπ f ≫ e₂) : e₁ = e₂,2,`apply ext`,0.14,unconstrained,`apply ext`,parse_fail,"No terminal matches '`' in the current parser context, at line 1 col 1",<punct>,True,,False,
44862,explicitCokernel_hom_ext,theorem explicitCokernel_hom_ext {X Y Z : SemiNormedGrp.{u}} {f : X ⟶ Y} (e₁ e₂ : explicitCokernel f ⟶ Z) (h : explicitCokernelπ f ≫ e₁ = explicitCokernelπ f ≫ e₂) : e₁ = e₂,3,`rw [←cancel_right explictCokernelι]`,0.38,unconstrained,`rw [←cancel_right explictCokernelι]`,parse_fail,"No terminal matches '`' in the current parser context, at line 1 col 1",<punct>,True,explictCokernel,False,
44862,explicitCokernel_hom_ext,theorem explicitCokernel_hom_ext {X Y Z : SemiNormedGrp.{u}} {f : X ⟶ Y} (e₁ e₂ : explicitCokernel f ⟶ Z) (h : explicitCokernelπ f ≫ e₁ = explicitCokernelπ f ≫ e₂) : e₁ = e₂,4,exact ext _ h,0.14,unconstrained,exact ext _ h,named,exact_tac,exact,True,,False,
44862,explicitCokernel_hom_ext,theorem explicitCokernel_hom_ext {X Y Z : SemiNormedGrp.{u}} {f : X ⟶ Y} (e₁ e₂ : explicitCokernel f ⟶ Z) (h : explicitCokernelπ f ≫ e₁ = explicitCokernelπ f ≫ e₂) : e₁ = e₂,5,congr h,0.11,unconstrained,congr h,named,congr_tac,congr,True,,False,
44862,explicitCokernel_hom_ext,theorem explicitCokernel_hom_ext {X Y Z : SemiNormedGrp.{u}} {f : X ⟶ Y} (e₁ e₂ : explicitCokernel f ⟶ Z) (h : explicitCokernelπ f ≫ e₁ = explicitCokernelπ f ≫ e₂) : e₁ = e₂,6,`dsimp [explicitCokernel_hom_ext]`,0.33,unconstrained,`dsimp [explicitCokernel_hom_ext]`,parse_fail,"No terminal matches '`' in the current parser context, at line 1 col 1",<punct>,True,,False,
44862,explicitCokernel_hom_ext,theorem explicitCokernel_hom_ext {X Y Z : SemiNormedGrp.{u}} {f : X ⟶ Y} (e₁ e₂ : explicitCokernel f ⟶ Z) (h : explicitCokernelπ f ≫ e₁ = explicitCokernelπ f ≫ e₂) : e₁ = e₂,7,`exact eq_of_maps_eq_of_cokernel_hom_ext`,0.35,unconstrained,`exact eq_of_maps_eq_of_cokernel_hom_ext`,parse_fail,"No terminal matches '`' in the current parser context, at line 1 col 1",<punct>,True,eq_of_maps_eq_of_cokernel_hom_ext,False,
