goal_id,name,stmt,sample_idx,text,latency_s,cond,tactic,kind,rule,lead_tok,kw_valid,flagged,sorry,note
167621,preimage_ball,theorem preimage_ball (a : {a // p a}) (r : ℝ) : Subtype.val ⁻¹' (ball a.1 r) = ball a r,0,xx := 1234567890000000000000000000000000000000000000000000000000000,4.53,constrained,xx := 1234567890000000000000000000000000000000000000000000000000000,fallback,generic_tac,xx,False,,False,
167621,preimage_ball,theorem preimage_ball (a : {a // p a}) (r : ℝ) : Subtype.val ⁻¹' (ball a.1 r) = ball a r,1,"earnings per share (EPS). The current share price is $16, and there are 10,000,000 shares outstanding. The company expects a net income of $180,000,000 next year, and it will maintain the same share count.",1.7,constrained,"earnings per share (EPS). The current share price is $16, and there are 10,000,000 shares outstanding. The company expects a net income of $180,000,000 next year, and it will maintain the same share count.",fallback,generic_tac,earnings,False,EPS;The;are;company;current;expects;income;it;maintain;net;per;price;same;share;shares;there;will;year,False,
167621,preimage_ball,theorem preimage_ball (a : {a // p a}) (r : ℝ) : Subtype.val ⁻¹' (ball a.1 r) = ball a r,2,"_owned by `a : {a // p a}` is `a.1`, which is a term of type `α`. The set `{a // p a}` is a subtype of `α` where the predicate `p a` must hold. The `Subtype.val` function extracts the term `a.",1.7,constrained,"_owned by `a : {a // p a}` is `a.1`, which is a term of type `α`. The set `{a // p a}` is a subtype of `α` where the predicate `p a` must hold. The `Subtype.val` function extracts the term `a.",fallback,generic_tac,_owned,False,The;a.1;extracts;must;predicate;where;which,False,
167621,preimage_ball,theorem preimage_ball (a : {a // p a}) (r : ℝ) : Subtype.val ⁻¹' (ball a.1 r) = ball a r,3,unitypedic 2024-06-23 03:40:42.046  285473  104608  43427  0 0  0  0  0,1.71,constrained,unitypedic 2024-06-23 03:40:42.046  285473  104608  43427  0 0  0  0  0,fallback,generic_tac,unitypedic,False,,False,
167621,preimage_ball,theorem preimage_ball (a : {a // p a}) (r : ℝ) : Subtype.val ⁻¹' (ball a.1 r) = ball a r,4,_iohkiy6a8i5k3q5nq2k5x5q8x5v5v5x5y5y5y5y5y5y5y5y5y5y5y5y5y5y5y5y5y5,1.76,constrained,_iohkiy6a8i5k3q5nq2k5x5q8x5v5v5x5y5y5y5y5y5y5y5y5y5y5y5y5y5y5y5y5y5,fallback,generic_tac,_iohkiy6a8i5k3q5nq2k5x5q8x5v5v5x5y5y5y5y5y5y5y5y5y5y5y5y5y5y5y5y5y5,False,,False,
167621,preimage_ball,theorem preimage_ball (a : {a // p a}) (r : ℝ) : Subtype.val ⁻¹' (ball a.1 r) = ball a r,5,"_owned by a, the set of all points in a space that are within a ball of radius r centered at a is precisely the preimage of the ball under the subtype.val function. The statement to prove is `Subtype.val ⁻¹' (ball a.1 r) = ball a r`. Here,",1.73,constrained,"_owned by a, the set of all points in a space that are within a ball of radius r centered at a is precisely the preimage of the ball under the subtype.val function. The statement to prove is `Subtype.val ⁻¹' (ball a.1 r) = ball a r`. Here,",fallback,generic_tac,_owned,False,Here;The;a.1;are;centered;points;precisely;prove;that;within,False,
167621,preimage_ball,theorem preimage_ball (a : {a // p a}) (r : ℝ) : Subtype.val ⁻¹' (ball a.1 r) = ball a r,6,"old and new are two different variables, so this is not a counterexample. Here is a counterexample: a = 1, n = 2, b = 2, c = 2. Then the condition is 1 * 2 + 2 * 2 + 2 * 2 =",1.74,constrained,"old and new are two different variables, so this is not a counterexample. Here is a counterexample: a = 1, n = 2, b = 2, c = 2. Then the condition is 1 * 2 + 2 * 2 + 2 * 2 =",fallback,generic_tac,old,False,Here;Then;are;different;variables,False,
167621,preimage_ball,theorem preimage_ball (a : {a // p a}) (r : ℝ) : Subtype.val ⁻¹' (ball a.1 r) = ball a r,7,"old version of the statement. The original Lean 4 theorem is actually about the preimage of the ball `ball a r` under the function `Subtype.val`, where `a` is a term of a subtype `{a // p a}`. The confusion arises because in the original statement, `a` is",1.71,constrained,"old version of the statement. The original Lean 4 theorem is actually about the preimage of the ball `ball a r` under the function `Subtype.val`, where `a` is a term of a subtype `{a // p a}`. The confusion arises because in the original statement, `a` is",fallback,generic_tac,old,False,Lean;The;about;actually;arises;because;confusion;original;theorem;version;where,False,
29184,Q_idem,theorem Q_idem (q : ℕ) : (Q q : K[X] ⟶ K[X]) ≫ Q q = Q q,0,"unitypedic_simp [Function.comp_apply, Pi.single_apply, Pi.comp_apply, Function.comp_apply, Pi.single_apply, Pi.comp_apply, Function.comp_apply, Pi.single_apply, Pi.comp_apply, Function.comp_apply, Pi.single_apply, Pi.comp_apply, Function.comp_apply, Pi.single_apply, Pi.comp",1.71,constrained,"unitypedic_simp [Function.comp_apply, Pi.single_apply, Pi.comp_apply, Function.comp_apply, Pi.single_apply, Pi.comp_apply, Function.comp_apply, Pi.single_apply, Pi.comp_apply, Function.comp_apply, Pi.single_apply, Pi.comp_apply, Function.comp_apply, Pi.single_apply, Pi.comp",fallback,generic_tac,unitypedic_simp,False,,False,
29184,Q_idem,theorem Q_idem (q : ℕ) : (Q q : K[X] ⟶ K[X]) ≫ Q q = Q q,1,"avenue of progress, we need to find a reasonable first step to prove the theorem. The theorem statement is `Q_idem (q : ℕ) : (Q q : K[X] ⟶ K[X]) ≫ Q q = Q q`. This can be rewritten as `(Q q : K[X]",1.7,constrained,"avenue of progress, we need to find a reasonable first step to prove the theorem. The theorem statement is `Q_idem (q : ℕ) : (Q q : K[X] ⟶ K[X]) ≫ Q q = Q q`. This can be rewritten as `(Q q : K[X]",fallback,generic_tac,avenue,False,The;This;as;be;can;need;progress;prove;reasonable;rewritten;theorem;we,False,
29184,Q_idem,theorem Q_idem (q : ℕ) : (Q q : K[X] ⟶ K[X]) ≫ Q q = Q q,2,night_crowe944077414715067804549700997061096322204049197083143804881359,1.75,constrained,night_crowe944077414715067804549700997061096322204049197083143804881359,fallback,generic_tac,night_crowe944077414715067804549700997061096322204049197083143804881359,False,,False,
29184,Q_idem,theorem Q_idem (q : ℕ) : (Q q : K[X] ⟶ K[X]) ≫ Q q = Q q,3,unitypedal2378869899934630797699941351157868092237089823201980617613816,1.75,constrained,unitypedal2378869899934630797699941351157868092237089823201980617613816,fallback,generic_tac,unitypedal2378869899934630797699941351157868092237089823201980617613816,False,,False,
29184,Q_idem,theorem Q_idem (q : ℕ) : (Q q : K[X] ⟶ K[X]) ≫ Q q = Q q,4,"|\n\nThe problem is to prove that `(Q q : K[X] ⟶ K[X]) ≫ Q q => Q q`. This is a statement about the behavior of the function `Q q` under a specific ordering (the one given by `≫`), and it claims that `Q",1.74,constrained,"|\n\nThe problem is to prove that `(Q q : K[X] ⟶ K[X]) ≫ Q q => Q q`. This is a statement about the behavior of the function `Q q` under a specific ordering (the one given by `≫`), and it claims that `Q",named,case_arm_tac,<punct>,True,This;about;behavior;claims;given;it;nThe;ordering;problem;prove;specific;that,False,
29184,Q_idem,theorem Q_idem (q : ℕ) : (Q q : K[X] ⟶ K[X]) ≫ Q q = Q q,5,unitypeder8921331248497495733860070917264932150397291309442346245805672,1.75,constrained,unitypeder8921331248497495733860070917264932150397291309442346245805672,fallback,generic_tac,unitypeder8921331248497495733860070917264932150397291309442346245805672,False,,False,
29184,Q_idem,theorem Q_idem (q : ℕ) : (Q q : K[X] ⟶ K[X]) ≫ Q q = Q q,6,"houses to the left. The next houses are 2 and 3, and the total number of houses is 11. There are no houses to the right of the last house. The problem is to find the number of ways to arrange the houses on the two sides of the street, given that the total number",1.71,constrained,"houses to the left. The next houses are 2 and 3, and the total number of houses is 11. There are no houses to the right of the last house. The problem is to find the number of ways to arrange the houses on the two sides of the street, given that the total number",fallback,generic_tac,houses,False,The;There;are;arrange;given;houses;no;number;problem;street;that;ways,False,
29184,Q_idem,theorem Q_idem (q : ℕ) : (Q q : K[X] ⟶ K[X]) ≫ Q q = Q q,7,_owned by (A : ℕ) : K[X] → K[X] → K[X] := by sorry```lean```lean```lean```lean```lean```lean```lean```lean```lean```lean```lean```lean```lean```lean```lean```lean```lean```lean```lean```lean```lean,1.7,constrained,_owned by (A : ℕ) : K[X] → K[X] → K[X] := by sorry```lean```lean```lean```lean```lean```lean```lean```lean```lean```lean```lean```lean```lean```lean```lean```lean```lean```lean```lean```lean```lean,fallback,generic_tac,_owned,False,lean,True,
6556,card_pow_le,"lemma card_pow_le : ∀ {n}, #(s ^ n) ≤ #s ^ n | 0 => by simp | n + 1 => by rw [pow_succ, pow_succ]; refine card_mul_le.trans (by gcongr; exact card_pow_le) @[to_additive] theorem mul_univ_of_one_mem [Fintype α] (hs : (1 : α) ∈ s) : s * univ = univ",0,also no `;` or `:=` or `?` or `.` or `:=` in the output. The tactic must be one of `intro` or `obtain` or `apply` or `exact` or `simp` or `aesop` or `rw` or `have` or,1.72,constrained,also no `;` or `:=` or `?` or `.` or `:=` in the output. The tactic must be one of `intro` or `obtain` or `apply` or `exact` or `simp` or `aesop` or `rw` or `have` or,fallback,generic_tac,also,False,The;be;must;no,False,
6556,card_pow_le,"lemma card_pow_le : ∀ {n}, #(s ^ n) ≤ #s ^ n | 0 => by simp | n + 1 => by rw [pow_succ, pow_succ]; refine card_mul_le.trans (by gcongr; exact card_pow_le) @[to_additive] theorem mul_univ_of_one_mem [Fintype α] (hs : (1 : α) ∈ s) : s * univ = univ",1,have h : s * univ = univ := by sorry```,0.42,constrained,have h : s * univ = univ := by sorry,named,have_tac,have,True,,True,
6556,card_pow_le,"lemma card_pow_le : ∀ {n}, #(s ^ n) ≤ #s ^ n | 0 => by simp | n + 1 => by rw [pow_succ, pow_succ]; refine card_mul_le.trans (by gcongr; exact card_pow_le) @[to_additive] theorem mul_univ_of_one_mem [Fintype α] (hs : (1 : α) ∈ s) : s * univ = univ",2,"| n + 1 => by rw [pow_succ, pow_succ]; refine card_mul_le.trans (by gcongr; exact card_pow_le) @[to_additive] theorem mul_univ_of_one_mem [Fintype α] (hs : (1 : α) ∈ s) : s * un",1.71,constrained,"| n + 1 => by rw [pow_succ, pow_succ]; refine card_mul_le.trans (by gcongr; exact card_pow_le) @[to_additive] theorem mul_univ_of_one_mem [Fintype α] (hs : (1 : α) ∈ s) : s * un",named,case_arm_tac,<punct>,True,Fintype;theorem;to_additive;un,False,
6556,card_pow_le,"lemma card_pow_le : ∀ {n}, #(s ^ n) ≤ #s ^ n | 0 => by simp | n + 1 => by rw [pow_succ, pow_succ]; refine card_mul_le.trans (by gcongr; exact card_pow_le) @[to_additive] theorem mul_univ_of_one_mem [Fintype α] (hs : (1 : α) ∈ s) : s * univ = univ",3,xxq77719581431039402991621460202123116465246876538342186990358021,1.75,constrained,xxq77719581431039402991621460202123116465246876538342186990358021,fallback,generic_tac,xxq77719581431039402991621460202123116465246876538342186990358021,False,,False,
6556,card_pow_le,"lemma card_pow_le : ∀ {n}, #(s ^ n) ≤ #s ^ n | 0 => by simp | n + 1 => by rw [pow_succ, pow_succ]; refine card_mul_le.trans (by gcongr; exact card_pow_le) @[to_additive] theorem mul_univ_of_one_mem [Fintype α] (hs : (1 : α) ∈ s) : s * univ = univ",4,"| n + 1 => by rw [pow_succ, pow_succ]; refine card_mul_le.trans (by gcongr; exact card_pow_le) | 0 => by simp [Nat.zero_le] | n + 1 => by rw [pow_succ, pow_succ]; refine card_mul_le.trans (by",1.71,constrained,"| n + 1 => by rw [pow_succ, pow_succ]; refine card_mul_le.trans (by gcongr; exact card_pow_le) | 0 => by simp [Nat.zero_le] | n + 1 => by rw [pow_succ, pow_succ]; refine card_mul_le.trans (by",named,case_arm_tac,<punct>,True,,False,
6556,card_pow_le,"lemma card_pow_le : ∀ {n}, #(s ^ n) ≤ #s ^ n | 0 => by simp | n + 1 => by rw [pow_succ, pow_succ]; refine card_mul_le.trans (by gcongr; exact card_pow_le) @[to_additive] theorem mul_univ_of_one_mem [Fintype α] (hs : (1 : α) ∈ s) : s * univ = univ",5,"| 1, 0 =>  by simp [Nat.succ_pos] <;> aesop | 0, 1 => by simp [Nat.succ_pos] <;> aesop | n, m => by simp [Nat.succ_pos] <;> aesop```lean4```lean",1.71,constrained,"| 1, 0 =>  by simp [Nat.succ_pos] <;> aesop | 0, 1 => by simp [Nat.succ_pos] <;> aesop | n, m => by simp [Nat.succ_pos] <;> aesop```lean4```lean",named,case_arm_tac,<punct>,True,lean;lean4,False,
6556,card_pow_le,"lemma card_pow_le : ∀ {n}, #(s ^ n) ≤ #s ^ n | 0 => by simp | n + 1 => by rw [pow_succ, pow_succ]; refine card_mul_le.trans (by gcongr; exact card_pow_le) @[to_additive] theorem mul_univ_of_one_mem [Fintype α] (hs : (1 : α) ∈ s) : s * univ = univ",6,"theorem card_pow_le : ∀ {n}, #(s ^ n) ≤ #s ^ n | 0 => by simp | n + 1 => by rw [pow_succ, pow_succ]; refine card_mul_le.trans (by gcongr; exact card_pow_le) @[to_additive] theorem mul_un",1.7,constrained,"theorem card_pow_le : ∀ {n}, #(s ^ n) ≤ #s ^ n | 0 => by simp | n + 1 => by rw [pow_succ, pow_succ]; refine card_mul_le.trans (by gcongr; exact card_pow_le) @[to_additive] theorem mul_un",fallback,generic_tac,theorem,False,mul_un;theorem;to_additive,False,
6556,card_pow_le,"lemma card_pow_le : ∀ {n}, #(s ^ n) ≤ #s ^ n | 0 => by simp | n + 1 => by rw [pow_succ, pow_succ]; refine card_mul_le.trans (by gcongr; exact card_pow_le) @[to_additive] theorem mul_univ_of_one_mem [Fintype α] (hs : (1 : α) ∈ s) : s * univ = univ",7,"| n => by simp [Nat.succ_eq_add_one, pow_add, pow_one, mul_assoc, mul_comm, mul_left_comm] at * <;> simp_all [Nat.mul_add, Nat.add_mul, Nat.mul_one, Nat.mul_zero, Nat.add_assoc, Nat.add_comm, Nat.add_left",1.7,constrained,"| n => by simp [Nat.succ_eq_add_one, pow_add, pow_one, mul_assoc, mul_comm, mul_left_comm] at * <;> simp_all [Nat.mul_add, Nat.add_mul, Nat.mul_one, Nat.mul_zero, Nat.add_assoc, Nat.add_comm, Nat.add_left",named,case_arm_tac,<punct>,True,,False,
72097,addLECancellable_of_lt_top,lemma addLECancellable_of_lt_top : a < ⊤ → AddLECancellable a,0,"_owned by the same person. The `a < ⊤` is a hypothesis, and we need to prove that `a` is an `AddLECancellable` element. However, `AddLECancellable a` is defined as `∀ b c, b + a = c + a → b = c`, and",1.7,constrained,"_owned by the same person. The `a < ⊤` is a hypothesis, and we need to prove that `a` is an `AddLECancellable` element. However, `AddLECancellable a` is defined as `∀ b c, b + a = c + a → b = c`, and",fallback,generic_tac,_owned,False,AddLECancellable;However;The;an;as;defined;hypothesis;need;prove;same;that;we,False,
72097,addLECancellable_of_lt_top,lemma addLECancellable_of_lt_top : a < ⊤ → AddLECancellable a,1,"xx < ⊤ → AddLECancellable a := by sorry` is incorrect because the statement is `a < ⊤ → AddLECancellable a`, and `a` is a fixed element of the type `α` with a `Top` instance. The correct translation of the theorem statement is `a < ⊤",1.69,constrained,"xx < ⊤ → AddLECancellable a := by sorry` is incorrect because the statement is `a < ⊤ → AddLECancellable a`, and `a` is a fixed element of the type `α` with a `Top` instance. The correct translation of the theorem statement is `a < ⊤",fallback,generic_tac,xx,False,AddLECancellable;The;because;correct;element;fixed;incorrect;theorem;translation,True,
72097,addLECancellable_of_lt_top,lemma addLECancellable_of_lt_top : a < ⊤ → AddLECancellable a,2,"Infinity is not a real number, and `⊤` is not a real number. The expression `a < ⊤` is not a meaningful statement in Lean unless `a` is of a type where `⊤` is defined (e.g., in a lattice or similar structure). However, in the given",1.71,constrained,"Infinity is not a real number, and `⊤` is not a real number. The expression `a < ⊤` is not a meaningful statement in Lean unless `a` is of a type where `⊤` is defined (e.g., in a lattice or similar structure). However, in the given",fallback,generic_tac,Infinity,False,However;Lean;The;defined;expression;given;meaningful;number;unless;where,False,
72097,addLECancellable_of_lt_top,lemma addLECancellable_of_lt_top : a < ⊤ → AddLECancellable a,3,"| 0, 1, 2, 3, 4, 5, 6, 7, 8, 9, 10, 11, 12, 13, 14, 15, 16, 17, ",1.84,constrained,"| 0, 1, 2, 3, 4, 5, 6, 7, 8, 9, 10, 11, 12, 13, 14, 15, 16, 17,",parse_fail,"No terminal matches '0' in the current parser context, at line 1 col 3",<punct>,True,,False,
72097,addLECancellable_of_lt_top,lemma addLECancellable_of_lt_top : a < ⊤ → AddLECancellable a,4,old and new and new and new and new and new and new and new and new and new and new and new and new and new and new and new and new and new and new and new and new and new and new and new and new and new and new and new and new and new and new and new and,1.75,constrained,old and new and new and new and new and new and new and new and new and new and new and new and new and new and new and new and new and new and new and new and new and new and new and new and new and new and new and new and new and new and new and new and,fallback,generic_tac,old,False,,False,
72097,addLECancellable_of_lt_top,lemma addLECancellable_of_lt_top : a < ⊤ → AddLECancellable a,5,"agonize in the following way: (1) the `have h : a < ⊤` is given, and (2) we need to prove that `AddLECancellable a`, i.e., `a + a ≤ a` implies `a ≤ 0`. However, the statement is not generally true as",1.74,constrained,"agonize in the following way: (1) the `have h : a < ⊤` is given, and (2) we need to prove that `AddLECancellable a`, i.e., `a + a ≤ a` implies `a ≤ 0`. However, the statement is not generally true as",fallback,generic_tac,agonize,False,AddLECancellable;However;as;following;generally;given;need;prove;that;way;we,False,
72097,addLECancellable_of_lt_top,lemma addLECancellable_of_lt_top : a < ⊤ → AddLECancellable a,6,| | | | | | | | | | | | | | | | | | | | | | | | | | | | | | | | | | | | | | | | | | | | | | | | | | | | | | | | | | | | | | | |,1.87,constrained,| | | | | | | | | | | | | | | | | | | | | | | | | | | | | | | | | | | | | | | | | | | | | | | | | | | | | | | | | | | | | | | |,parse_fail,"No terminal matches '|' in the current parser context, at line 1 col 3",<punct>,True,,False,
72097,addLECancellable_of_lt_top,lemma addLECancellable_of_lt_top : a < ⊤ → AddLECancellable a,7,agonized12234567890123456789012345678901234567890123456789012345678901,1.79,constrained,agonized12234567890123456789012345678901234567890123456789012345678901,fallback,generic_tac,agonized12234567890123456789012345678901234567890123456789012345678901,False,,False,
64196,inv_whiskerRight,theorem inv_whiskerRight {G H : C ⥤ D} (α : G ⟶ H) (F : D ⥤ E) [IsIso α] : inv (whiskerRight α F) = whiskerRight (inv α) F,0,"_owned = (by simp_all [IsIsomorphism, isUnit_iff_isUnit_of_isUnit_iff, isUnit_iff_isUnit_of_isUnit_iff, isUnit_iff_isUnit_of_isUnit_iff, isUnit_iff_isUnit_of_isUnit_iff, isUnit_iff_isUnit_of_isUnit_iff, isUnit",1.71,constrained,"_owned = (by simp_all [IsIsomorphism, isUnit_iff_isUnit_of_isUnit_iff, isUnit_iff_isUnit_of_isUnit_iff, isUnit_iff_isUnit_of_isUnit_iff, isUnit_iff_isUnit_of_isUnit_iff, isUnit_iff_isUnit_of_isUnit_iff, isUnit",fallback,generic_tac,_owned,False,IsIsomorphism;isUnit_iff_isUnit_of_isUnit_iff,False,
64196,inv_whiskerRight,theorem inv_whiskerRight {G H : C ⥤ D} (α : G ⟶ H) (F : D ⥤ E) [IsIso α] : inv (whiskerRight α F) = whiskerRight (inv α) F,1,"aciones between the given categories. The `whiskerRight` construction seems to be a way of extending an isomorphism `α` between `G` and `H` to a new object `whiskerRight α F`. The `inv` function in the statement is presumably the inverse of some construction,",1.72,constrained,"aciones between the given categories. The `whiskerRight` construction seems to be a way of extending an isomorphism `α` between `G` and `H` to a new object `whiskerRight α F`. The `inv` function in the statement is presumably the inverse of some construction,",fallback,generic_tac,aciones,False,The;an;be;construction;extending;given;isomorphism;object;presumably;seems;way,False,
64196,inv_whiskerRight,theorem inv_whiskerRight {G H : C ⥤ D} (α : G ⟶ H) (F : D ⥤ E) [IsIso α] : inv (whiskerRight α F) = whiskerRight (inv α) F,2,agonized by the thought that they might have misunderstood the problem. The user's question is not to prove the theorem but to provide the first step of the proof in Lean. The theorem statement is about the relationship between the inverse of a whiskered morphism and the whisker of the inverse. The first step is to,1.72,constrained,agonized by the thought that they might have misunderstood the problem. The user's question is not to prove the theorem but to provide the first step of the proof in Lean. The theorem statement is about the relationship between the inverse of a whiskered morphism and the whisker of the inverse. The first step is to,fallback,generic_tac,agonized,False,The;about;but;might;misunderstood;morphism;prove;provide;question;relationship;that;theorem;they;thought;user's;whiskered,False,
64196,inv_whiskerRight,theorem inv_whiskerRight {G H : C ⥤ D} (α : G ⟶ H) (F : D ⥤ E) [IsIso α] : inv (whiskerRight α F) = whiskerRight (inv α) F,3,ained a Lean 4 theorem. The theorem is about the behavior of the `whiskerRight` function when applied to an inverse of a natural transformation `α`. The theorem states that the inverse of `whiskerRight α F` is equal to `whiskerRight (inv α) F`. Here,1.71,constrained,ained a Lean 4 theorem. The theorem is about the behavior of the `whiskerRight` function when applied to an inverse of a natural transformation `α`. The theorem states that the inverse of `whiskerRight α F` is equal to `whiskerRight (inv α) F`. Here,fallback,generic_tac,ained,False,Here;Lean;The;about;an;applied;behavior;states;that;theorem;transformation;when,False,
64196,inv_whiskerRight,theorem inv_whiskerRight {G H : C ⥤ D} (α : G ⟶ H) (F : D ⥤ E) [IsIso α] : inv (whiskerRight α F) = whiskerRight (inv α) F,4,"_owned by `IsIso α` and `IsIso β` respectively, and the goal is to prove that `inv (whiskerRight α F) = whiskerRight (inv α) F`. The statement is true by the properties of the `whiskerRight` and `inv` operations, as",1.71,constrained,"_owned by `IsIso α` and `IsIso β` respectively, and the goal is to prove that `inv (whiskerRight α F) = whiskerRight (inv α) F`. The statement is true by the properties of the `whiskerRight` and `inv` operations, as",fallback,generic_tac,_owned,False,IsIso;The;as;goal;operations;properties;prove;respectively;that,False,
64196,inv_whiskerRight,theorem inv_whiskerRight {G H : C ⥤ D} (α : G ⟶ H) (F : D ⥤ E) [IsIso α] : inv (whiskerRight α F) = whiskerRight (inv α) F,5,agon132827499072755782173937198683429122442875283534013726053574211,1.76,constrained,agon132827499072755782173937198683429122442875283534013726053574211,fallback,generic_tac,agon132827499072755782173937198683429122442875283534013726053574211,False,,False,
64196,inv_whiskerRight,theorem inv_whiskerRight {G H : C ⥤ D} (α : G ⟶ H) (F : D ⥤ E) [IsIso α] : inv (whiskerRight α F) = whiskerRight (inv α) F,6,_owned / 1000000000000000000000000000000000000000000000000000000000000,1.72,constrained,_owned / 1000000000000000000000000000000000000000000000000000000000000,fallback,generic_tac,_owned,False,,False,
64196,inv_whiskerRight,theorem inv_whiskerRight {G H : C ⥤ D} (α : G ⟶ H) (F : D ⥤ E) [IsIso α] : inv (whiskerRight α F) = whiskerRight (inv α) F,7,"agonize and prove, and the goal is to find a proof sketch.",0.46,constrained,"agonize and prove, and the goal is to find a proof sketch.",fallback,generic_tac,agonize,False,goal;prove,False,
58513,isUniversalColimit_extendCofan,"theorem isUniversalColimit_extendCofan {n : ℕ} (f : Fin (n + 1) → C) {c₁ : Cofan fun i : Fin n ↦ f i.succ} {c₂ : BinaryCofan (f 0) c₁.pt} (t₁ : IsUniversalColimit c₁) (t₂ : IsUniversalColimit c₂) [∀ {Z} (i : Z ⟶ c₂.pt), HasPullback c₂.inr i] : IsUniversalColimit (extendCofan c₁ c₂)",0,"agonizing about what to do next. The statement is a bit abstract, but we can try to understand it step by step. The theorem is about the universal colimit of an extended cofan, under certain conditions. The hypotheses are somewhat unusual, especially the last one, which seems to impose a strong condition on the",1.78,constrained,"agonizing about what to do next. The statement is a bit abstract, but we can try to understand it step by step. The theorem is about the universal colimit of an extended cofan, under certain conditions. The hypotheses are somewhat unusual, especially the last one, which seems to impose a strong condition on the",fallback,generic_tac,agonizing,False,The;about;abstract;an;are;but;can;certain;especially;hypotheses;impose;it;seems;somewhat;strong;theorem;understand;universal;unusual;we;which,False,
58513,isUniversalColimit_extendCofan,"theorem isUniversalColimit_extendCofan {n : ℕ} (f : Fin (n + 1) → C) {c₁ : Cofan fun i : Fin n ↦ f i.succ} {c₂ : BinaryCofan (f 0) c₁.pt} (t₁ : IsUniversalColimit c₁) (t₂ : IsUniversalColimit c₂) [∀ {Z} (i : Z ⟶ c₂.pt), HasPullback c₂.inr i] : IsUniversalColimit (extendCofan c₁ c₂)",1,"Only the first `have` statement is shown here, which is a reasonable first step in the proof. The actual proof would continue with further `have` statements, but we are only required to output one tactic here. The `sorry` indicates that the proof is incomplete. The `have` statement is `have h",1.74,constrained,"Only the first `have` statement is shown here, which is a reasonable first step in the proof. The actual proof would continue with further `have` statements, but we are only required to output one tactic here. The `sorry` indicates that the proof is incomplete. The `have` statement is `have h",fallback,generic_tac,Only,False,The;actual;are;but;continue;further;here;indicates;output;reasonable;required;shown;statements;that;we;which;would,True,
58513,isUniversalColimit_extendCofan,"theorem isUniversalColimit_extendCofan {n : ℕ} (f : Fin (n + 1) → C) {c₁ : Cofan fun i : Fin n ↦ f i.succ} {c₂ : BinaryCofan (f 0) c₁.pt} (t₁ : IsUniversalColimit c₁) (t₂ : IsUniversalColimit c₂) [∀ {Z} (i : Z ⟶ c₂.pt), HasPullback c₂.inr i] : IsUniversalColimit (extendCofan c₁ c₂)",2,"aciones is not a valid tactic. A valid tactic is `simp` with the appropriate arguments. The correct Lean 4 tactic to use here is `simp` with the `isUniversalColimit` property and the given assumptions. The actual proof might require more steps, but the first step is to use `simp`",1.73,constrained,"aciones is not a valid tactic. A valid tactic is `simp` with the appropriate arguments. The correct Lean 4 tactic to use here is `simp` with the `isUniversalColimit` property and the given assumptions. The actual proof might require more steps, but the first step is to use `simp`",fallback,generic_tac,aciones,False,Lean;The;actual;appropriate;but;correct;given;here;isUniversalColimit;might;more;require;steps,False,
58513,isUniversalColimit_extendCofan,"theorem isUniversalColimit_extendCofan {n : ℕ} (f : Fin (n + 1) → C) {c₁ : Cofan fun i : Fin n ↦ f i.succ} {c₂ : BinaryCofan (f 0) c₁.pt} (t₁ : IsUniversalColimit c₁) (t₂ : IsUniversalColimit c₂) [∀ {Z} (i : Z ⟶ c₂.pt), HasPullback c₂.inr i] : IsUniversalColimit (extendCofan c₁ c₂)",3,"aciones for `IsUniversalColimit (extendCofan c₁ c₂)` by using the given universal colimit properties of `c₁` and `c₂`. We will use the fact that `extendCofan c₁ c₂` is a universal colimit to construct the necessary proof. However,",1.71,constrained,"aciones for `IsUniversalColimit (extendCofan c₁ c₂)` by using the given universal colimit properties of `c₁` and `c₂`. We will use the fact that `extendCofan c₁ c₂` is a universal colimit to construct the necessary proof. However,",fallback,generic_tac,aciones,False,However;We;construct;fact;given;necessary;properties;that;universal;will,False,
58513,isUniversalColimit_extendCofan,"theorem isUniversalColimit_extendCofan {n : ℕ} (f : Fin (n + 1) → C) {c₁ : Cofan fun i : Fin n ↦ f i.succ} {c₂ : BinaryCofan (f 0) c₁.pt} (t₁ : IsUniversalColimit c₁) (t₂ : IsUniversalColimit c₂) [∀ {Z} (i : Z ⟶ c₂.pt), HasPullback c₂.inr i] : IsUniversalColimit (extendCofan c₁ c₂)",4,"_goals1 = [IsUniversalColimit (extendCofan c₁ c₂)]` and `_goals2 = []`, then `tactic` is `sorry`.",0.98,constrained,"_goals1 = [IsUniversalColimit (extendCofan c₁ c₂)]` and `_goals2 = []`, then `tactic` is `sorry`.",fallback,generic_tac,_goals1,False,_goals2,True,
58513,isUniversalColimit_extendCofan,"theorem isUniversalColimit_extendCofan {n : ℕ} (f : Fin (n + 1) → C) {c₁ : Cofan fun i : Fin n ↦ f i.succ} {c₂ : BinaryCofan (f 0) c₁.pt} (t₁ : IsUniversalColimit c₁) (t₂ : IsUniversalColimit c₂) [∀ {Z} (i : Z ⟶ c₂.pt), HasPullback c₂.inr i] : IsUniversalColimit (extendCofan c₁ c₂)",5,agonist20082417410684925370229435090810131141635013939108974250078210,1.76,constrained,agonist20082417410684925370229435090810131141635013939108974250078210,fallback,generic_tac,agonist20082417410684925370229435090810131141635013939108974250078210,False,,False,
58513,isUniversalColimit_extendCofan,"theorem isUniversalColimit_extendCofan {n : ℕ} (f : Fin (n + 1) → C) {c₁ : Cofan fun i : Fin n ↦ f i.succ} {c₂ : BinaryCofan (f 0) c₁.pt} (t₁ : IsUniversalColimit c₁) (t₂ : IsUniversalColimit c₂) [∀ {Z} (i : Z ⟶ c₂.pt), HasPullback c₂.inr i] : IsUniversalColimit (extendCofan c₁ c₂)",6,"_goals = 2` (in the proof state after `sorry` is replaced), so this is a reasonable starting point. Note that the actual proof might need additional steps to fully resolve the goal, but this tactic is a reasonable first step based on the given information.",1.48,constrained,"_goals = 2` (in the proof state after `sorry` is replaced), so this is a reasonable starting point. Note that the actual proof might need additional steps to fully resolve the goal, but this tactic is a reasonable first step based on the given information.",fallback,generic_tac,_goals,False,Note;actual;additional;based;but;fully;given;goal;might;need;reasonable;replaced;resolve;starting;state;steps;that,True,
58513,isUniversalColimit_extendCofan,"theorem isUniversalColimit_extendCofan {n : ℕ} (f : Fin (n + 1) → C) {c₁ : Cofan fun i : Fin n ↦ f i.succ} {c₂ : BinaryCofan (f 0) c₁.pt} (t₁ : IsUniversalColimit c₁) (t₂ : IsUniversalColimit c₂) [∀ {Z} (i : Z ⟶ c₂.pt), HasPullback c₂.inr i] : IsUniversalColimit (extendCofan c₁ c₂)",7,·,0.09,constrained,·,parse_fail,Unexpected end-of-input. Expected one of: ,<punct>,True,,False,
36579,iteratedDeriv_succ',theorem iteratedDeriv_succ' : iteratedDeriv (n + 1) f = iteratedDeriv n (deriv f),0,agoni42435908969173047778546216811625408902774884016767474763007964,1.76,constrained,agoni42435908969173047778546216811625408902774884016767474763007964,fallback,generic_tac,agoni42435908969173047778546216811625408902774884016767474763007964,False,,False,
36579,iteratedDeriv_succ',theorem iteratedDeriv_succ' : iteratedDeriv (n + 1) f = iteratedDeriv n (deriv f),1,"_owned by `f` and `n`. In Lean 4, the `iteratedDeriv` function is defined as follows (simplified for clarity): `iteratedDeriv 0 f = f` and `iteratedDeriv (n + 1) f = deriv (iteratedDeriv n f)`. The",1.71,constrained,"_owned by `f` and `n`. In Lean 4, the `iteratedDeriv` function is defined as follows (simplified for clarity): `iteratedDeriv 0 f = f` and `iteratedDeriv (n + 1) f = deriv (iteratedDeriv n f)`. The",fallback,generic_tac,_owned,False,In;Lean;The;as;clarity;defined;follows;simplified,False,
36579,iteratedDeriv_succ',theorem iteratedDeriv_succ' : iteratedDeriv (n + 1) f = iteratedDeriv n (deriv f),2,"Ήιαστραλία Καμπιαλή, Πανεπιστήμιο Κρήτης. Τα θεματικά μαθήματα περ",1.72,constrained,"Ήιαστραλία Καμπιαλή, Πανεπιστήμιο Κρήτης. Τα θεματικά μαθήματα περ",parse_fail,"No terminal matches 'Ή' in the current parser context, at line 1 col 1",Ήιαστραλία,False,,False,
36579,iteratedDeriv_succ',theorem iteratedDeriv_succ' : iteratedDeriv (n + 1) f = iteratedDeriv n (deriv f),3,Ήασαλσειαρισταστασταστασταστασταστασταστασταστασταστασταστασταστ,1.76,constrained,Ήασαλσειαρισταστασταστασταστασταστασταστασταστασταστασταστασταστ,parse_fail,"No terminal matches 'Ή' in the current parser context, at line 1 col 1",Ήασαλσειαρισταστασταστασταστασταστασταστασταστασταστασταστασταστ,False,,False,
36579,iteratedDeriv_succ',theorem iteratedDeriv_succ' : iteratedDeriv (n + 1) f = iteratedDeriv n (deriv f),4,"||| The Lean 4 proof of the statement `iteratedDeriv (n + 1) f => iteratedDeriv n (deriv f)` is not immediately straightforward. The theorem is stated for all functions `f : ℝ → ℝ`, but the theorem is not true as stated unless additional assumptions are made",1.75,constrained,"||| The Lean 4 proof of the statement `iteratedDeriv (n + 1) f => iteratedDeriv n (deriv f)` is not immediately straightforward. The theorem is stated for all functions `f : ℝ → ℝ`, but the theorem is not true as stated unless additional assumptions are made",named,case_arm_tac,<punct>,True,Lean;The;additional;are;as;assumptions;but;functions;immediately;made;stated;theorem;unless,False,
36579,iteratedDeriv_succ',theorem iteratedDeriv_succ' : iteratedDeriv (n + 1) f = iteratedDeriv n (deriv f),5,orem iteratedDeriv_succ' : iteratedDeriv (n + 1) f = iteratedDeriv n (deriv f) := by sorry```,0.93,constrained,orem iteratedDeriv_succ' : iteratedDeriv (n + 1) f = iteratedDeriv n (deriv f) := by sorry,fallback,generic_tac,orem,False,,True,
36579,iteratedDeriv_succ',theorem iteratedDeriv_succ' : iteratedDeriv (n + 1) f = iteratedDeriv n (deriv f),6,"using `iteratedDeriv_succ'` directly, but it's not immediately clear how to apply it. The proof likely relies on properties of the `iteratedDeriv` function and its relationship with `deriv`. Here is a reasonable first step based on the structure of the problem and the likely proof strategy. Note that this",1.71,constrained,"using `iteratedDeriv_succ'` directly, but it's not immediately clear how to apply it. The proof likely relies on properties of the `iteratedDeriv` function and its relationship with `deriv`. Here is a reasonable first step based on the structure of the problem and the likely proof strategy. Note that this",fallback,generic_tac,using,True,Here;Note;The;based;but;directly;how;immediately;it's;its;likely;problem;properties;reasonable;relationship;relies;that,False,
36579,iteratedDeriv_succ',theorem iteratedDeriv_succ' : iteratedDeriv (n + 1) f = iteratedDeriv n (deriv f),7,· Lean 4 tactic line: `rw [iteratedDeriv_succ]` (this would work because `iteratedDeriv_succ` is a lemma that states `iteratedDeriv (n + 1) f = iteratedDeriv n (deriv f)` for any `n : ℕ` and `f :,1.71,constrained,· Lean 4 tactic line: `rw [iteratedDeriv_succ]` (this would work because `iteratedDeriv_succ` is a lemma that states `iteratedDeriv (n + 1) f = iteratedDeriv n (deriv f)` for any `n : ℕ` and `f :,named,focus_tac,<punct>,True,Lean;because;states;that;work;would,False,
26868,X_eq_iff,lemma X_eq_iff {P Q : Fin 3 → F} (hPz : P z ≠ 0) (hQz : Q z ≠ 0) : P x * Q z ^ 2 = Q x * P z ^ 2 ↔ P x / P z ^ 2 = Q x / Q z ^ 2,0,theorem lean_workbook_plus_41078  (P Q : Fin 3 → F) (z x : Fin 3) (hPz : P z ≠ 0) (hQz : Q z ≠ 0) : P x * Q z ^ 2 = Q x,1.72,constrained,theorem lean_workbook_plus_41078  (P Q : Fin 3 → F) (z x : Fin 3) (hPz : P z ≠ 0) (hQz : Q z ≠ 0) : P x * Q z ^ 2 = Q x,fallback,generic_tac,theorem,False,Fin;lean_workbook_plus_41078,False,
26868,X_eq_iff,lemma X_eq_iff {P Q : Fin 3 → F} (hPz : P z ≠ 0) (hQz : Q z ≠ 0) : P x * Q z ^ 2 = Q x * P z ^ 2 ↔ P x / P z ^ 2 = Q x / Q z ^ 2,1,"actics = [ 1, 2, 3, 4, 5, 6, 7, 8, 9, 10, 11, 12, 13, 14, 15, 16, 17, 1",1.71,constrained,"actics = [ 1, 2, 3, 4, 5, 6, 7, 8, 9, 10, 11, 12, 13, 14, 15, 16, 17, 1",fallback,generic_tac,actics,False,,False,
26868,X_eq_iff,lemma X_eq_iff {P Q : Fin 3 → F} (hPz : P z ≠ 0) (hQz : Q z ≠ 0) : P x * Q z ^ 2 = Q x * P z ^ 2 ↔ P x / P z ^ 2 = Q x / Q z ^ 2,2,|```lean```lean```lean```lean```lean```lean```lean```lean```lean```lean```lean```lean```lean```lean```lean```lean```lean```lean```lean```lean```lean```lean```lean```lean```lean```lean```lean```lean```lean```lean```lean```,1.8,constrained,|```lean```lean```lean```lean```lean```lean```lean```lean```lean```lean```lean```lean```lean```lean```lean```lean```lean```lean```lean```lean```lean```lean```lean```lean```lean```lean```lean```lean```lean```lean```lean,parse_fail,"No terminal matches '`' in the current parser context, at line 1 col 2",<punct>,True,lean,False,
26868,X_eq_iff,lemma X_eq_iff {P Q : Fin 3 → F} (hPz : P z ≠ 0) (hQz : Q z ≠ 0) : P x * Q z ^ 2 = Q x * P z ^ 2 ↔ P x / P z ^ 2 = Q x / Q z ^ 2,3,"actics would be to simplify the goal using the given hypotheses. However, in this case, it's not clear what the actual goal is, as the Lean statement is incomplete (the `sorry` is inside the theorem). The problem seems to be missing some context or assumptions. For instance, we don't know the type",1.72,constrained,"actics would be to simplify the goal using the given hypotheses. However, in this case, it's not clear what the actual goal is, as the Lean statement is incomplete (the `sorry` is inside the theorem). The problem seems to be missing some context or assumptions. For instance, we don't know the type",fallback,generic_tac,actics,False,For;However;Lean;The;actual;as;be;context;don't;given;goal;incomplete;inside;instance;it's;know;missing;problem;seems;simplify;theorem;we;would,True,
26868,X_eq_iff,lemma X_eq_iff {P Q : Fin 3 → F} (hPz : P z ≠ 0) (hQz : Q z ≠ 0) : P x * Q z ^ 2 = Q x * P z ^ 2 ↔ P x / P z ^ 2 = Q x / Q z ^ 2,4,theorem lean_workbook_20610 {P Q : Fin 3 → F} (hPz : P z ≠ 0) (hQz : Q z ≠ 0) : P x * Q z ^ 2 = Q x * P z ^ 2 ↔ P x /,1.7,constrained,theorem lean_workbook_20610 {P Q : Fin 3 → F} (hPz : P z ≠ 0) (hQz : Q z ≠ 0) : P x * Q z ^ 2 = Q x * P z ^ 2 ↔ P x /,fallback,generic_tac,theorem,False,Fin;lean_workbook_20610,False,
26868,X_eq_iff,lemma X_eq_iff {P Q : Fin 3 → F} (hPz : P z ≠ 0) (hQz : Q z ≠ 0) : P x * Q z ^ 2 = Q x * P z ^ 2 ↔ P x / P z ^ 2 = Q x / Q z ^ 2,5,oldman47843348514712883182345579905110380744140788171568293542347850,1.76,constrained,oldman47843348514712883182345579905110380744140788171568293542347850,fallback,generic_tac,oldman47843348514712883182345579905110380744140788171568293542347850,False,,False,
26868,X_eq_iff,lemma X_eq_iff {P Q : Fin 3 → F} (hPz : P z ≠ 0) (hQz : Q z ≠ 0) : P x * Q z ^ 2 = Q x * P z ^ 2 ↔ P x / P z ^ 2 = Q x / Q z ^ 2,6,"exfalso <;> simp_all [Fin.forall_fin_succ, Fin.ext_iff, Fin.val_zero, Fin.val_succ, Fin.val_zero, Fin.val_succ, Fin.val_succ, Fin.val_succ, Fin.val_zero, Fin.val_succ, Fin.val_succ, Fin.val_succ, Fin.val_succ, Fin",1.72,constrained,"exfalso <;> simp_all [Fin.forall_fin_succ, Fin.ext_iff, Fin.val_zero, Fin.val_succ, Fin.val_zero, Fin.val_succ, Fin.val_succ, Fin.val_succ, Fin.val_zero, Fin.val_succ, Fin.val_succ, Fin.val_succ, Fin.val_succ, Fin",fallback,generic_tac,exfalso,True,Fin;Fin.forall_fin_succ;Fin.val_succ,False,
26868,X_eq_iff,lemma X_eq_iff {P Q : Fin 3 → F} (hPz : P z ≠ 0) (hQz : Q z ≠ 0) : P x * Q z ^ 2 = Q x * P z ^ 2 ↔ P x / P z ^ 2 = Q x / Q z ^ 2,7,theorem x_eq_iff {P Q : Fin 3 → F} (hPz : P z ≠ 0) (hQz : Q z ≠ 0) : P x * Q z ^ 2 = Q x * P z ^ 2 ↔ P x / P z ^ 2 =,1.71,constrained,theorem x_eq_iff {P Q : Fin 3 → F} (hPz : P z ≠ 0) (hQz : Q z ≠ 0) : P x * Q z ^ 2 = Q x * P z ^ 2 ↔ P x / P z ^ 2 =,fallback,generic_tac,theorem,False,Fin;x_eq_iff,False,
142964,extended_le_one_of_le_one,theorem extended_le_one_of_le_one (hI : I ≤ 1) : extended L hf I ≤ 1,0,old / 221049 / 23907023379166902292308385360820704561617939822462085,1.71,constrained,old / 221049 / 23907023379166902292308385360820704561617939822462085,fallback,generic_tac,old,False,,False,
142964,extended_le_one_of_le_one,theorem extended_le_one_of_le_one (hI : I ≤ 1) : extended L hf I ≤ 1,1,oonedict2023090520230905202309052023090520230905202309052023090520230,1.75,constrained,oonedict2023090520230905202309052023090520230905202309052023090520230,fallback,generic_tac,oonedict2023090520230905202309052023090520230905202309052023090520230,False,,False,
142964,extended_le_one_of_le_one,theorem extended_le_one_of_le_one (hI : I ≤ 1) : extended L hf I ≤ 1,2,ooned_two_le_one (h₁ : 2 ≤ 1) : False := by sorry```lean```lean```lean```lean```lean```lean```lean```lean```lean```lean```lean```lean```lean```lean```lean```lean```lean```lean```lean```lean```lean```lean,1.72,constrained,ooned_two_le_one (h₁ : 2 ≤ 1) : False := by sorry```lean```lean```lean```lean```lean```lean```lean```lean```lean```lean```lean```lean```lean```lean```lean```lean```lean```lean```lean```lean```lean```lean,fallback,generic_tac,ooned_two_le_one,False,lean,True,
142964,extended_le_one_of_le_one,theorem extended_le_one_of_le_one (hI : I ≤ 1) : extended L hf I ≤ 1,3,"unity is not a type in Lean, it is a value in Lean. However, looking at the problem, it seems that there is a misunderstanding or missing context. The Lean statement is incomplete because `L`, `hf`, and `I` are not defined, and `extended_le_one_of_le_one` is not",1.7,constrained,"unity is not a type in Lean, it is a value in Lean. However, looking at the problem, it seems that there is a misunderstanding or missing context. The Lean statement is incomplete because `L`, `hf`, and `I` are not defined, and `extended_le_one_of_le_one` is not",fallback,generic_tac,unity,False,However;Lean;The;are;because;defined;incomplete;it;looking;missing;misunderstanding;problem;seems;that;there,False,
142964,extended_le_one_of_le_one,theorem extended_le_one_of_le_one (hI : I ≤ 1) : extended L hf I ≤ 1,4,_owned_4_tactic_4994804746085256291146383998152447884930744243499388828318,1.76,constrained,_owned_4_tactic_4994804746085256291146383998152447884930744243499388828318,fallback,generic_tac,_owned_4_tactic_4994804746085256291146383998152447884930744243499388828318,False,,False,
142964,extended_le_one_of_le_one,theorem extended_le_one_of_le_one (hI : I ≤ 1) : extended L hf I ≤ 1,5,"unevenness in the Lean 4 code provided. The statement is incomplete as it uses undefined terms `L`, `hf`, and `I`. However, based on the theorem name and the incomplete statement, it is likely that we are working with `Extended` real numbers and comparing `L` (perhaps a function",1.71,constrained,"unevenness in the Lean 4 code provided. The statement is incomplete as it uses undefined terms `L`, `hf`, and `I`. However, based on the theorem name and the incomplete statement, it is likely that we are working with `Extended` real numbers and comparing `L` (perhaps a function",fallback,generic_tac,unevenness,False,Extended;However;Lean;The;are;as;based;code;comparing;incomplete;it;likely;numbers;perhaps;terms;that;theorem;undefined;uses;we;working,False,
142964,extended_le_one_of_le_one,theorem extended_le_one_of_le_one (hI : I ≤ 1) : extended L hf I ≤ 1,6,|||  <;> simp_all [Nat.div_eq_of_lt]  <;> norm_num  <;> linarith  <;> omega  <;> ring_nf  <;> norm_num  <;> omega  <;> linarith  <;> omega  <;>,1.8,constrained,|||  <;> simp_all [Nat.div_eq_of_lt]  <;> norm_num  <;> linarith  <;> omega  <;> ring_nf  <;> norm_num  <;> omega  <;> linarith  <;> omega  <;>,parse_fail,"No terminal matches '|' in the current parser context, at line 1 col 2",<punct>,True,Nat.div_eq_of_lt,False,
142964,extended_le_one_of_le_one,theorem extended_le_one_of_le_one (hI : I ≤ 1) : extended L hf I ≤ 1,7,"old the following are two possible interpretations of the problem based on the given Lean code snippet and the provided theorem statement in the natural language text. The first interpretation is that the `extended_le_one_of_le_one` theorem is a direct translation of the natural language statement, and the second interpretation is that the `extended_le_one",1.7,constrained,"old the following are two possible interpretations of the problem based on the given Lean code snippet and the provided theorem statement in the natural language text. The first interpretation is that the `extended_le_one_of_le_one` theorem is a direct translation of the natural language statement, and the second interpretation is that the `extended_le_one",fallback,generic_tac,old,False,Lean;The;are;based;code;direct;extended_le_one;following;given;interpretation;interpretations;possible;problem;provided;second;snippet;that;theorem;translation,False,
22790,succ_signVariations_X_sub_C_mul_monomial,lemma succ_signVariations_X_sub_C_mul_monomial {d c} (hc : c ≠ 0) (hη : 0 < η) : (monomial d c).signVariations + 1 ≤ ((X - C η) * monomial d c).signVariations,0,"licted or incorrect, and the Lean 4 statement may need to be corrected or clarified before we can proceed with a meaningful proof. The theorem statement is incomplete because the sign variations are not defined in the given Lean 4 code. However, the Lean 4 code suggests that we need to prove `(monomial d c",1.72,constrained,"licted or incorrect, and the Lean 4 statement may need to be corrected or clarified before we can proceed with a meaningful proof. The theorem statement is incomplete because the sign variations are not defined in the given Lean 4 code. However, the Lean 4 code suggests that we need to prove `(monomial d c",fallback,generic_tac,licted,False,However;Lean;The;are;be;because;before;can;clarified;code;corrected;defined;given;incomplete;incorrect;may;meaningful;need;proceed;prove;suggests;that;theorem;variations;we,False,
22790,succ_signVariations_X_sub_C_mul_monomial,lemma succ_signVariations_X_sub_C_mul_monomial {d c} (hc : c ≠ 0) (hη : 0 < η) : (monomial d c).signVariations + 1 ≤ ((X - C η) * monomial d c).signVariations,1,unity of the sign variations of a polynomial with a constant term added to it is greater than or equal to the sum of the sign variations of the original polynomial plus one. The proof is completed using the given hypothesis `hc : c ≠ 0` and the fact that `η` is positive (`0 < η,1.71,constrained,unity of the sign variations of a polynomial with a constant term added to it is greater than or equal to the sum of the sign variations of the original polynomial plus one. The proof is completed using the given hypothesis `hc : c ≠ 0` and the fact that `η` is positive (`0 < η,fallback,generic_tac,unity,False,The;added;completed;fact;given;greater;hypothesis;it;original;than;that;variations,False,
22790,succ_signVariations_X_sub_C_mul_monomial,lemma succ_signVariations_X_sub_C_mul_monomial {d c} (hc : c ≠ 0) (hη : 0 < η) : (monomial d c).signVariations + 1 ≤ ((X - C η) * monomial d c).signVariations,2,ewood931334664343477435782869317969664574270786313383933145075431226,1.76,constrained,ewood931334664343477435782869317969664574270786313383933145075431226,fallback,generic_tac,ewood931334664343477435782869317969664574270786313383933145075431226,False,,False,
22790,succ_signVariations_X_sub_C_mul_monomial,lemma succ_signVariations_X_sub_C_mul_monomial {d c} (hc : c ≠ 0) (hη : 0 < η) : (monomial d c).signVariations + 1 ≤ ((X - C η) * monomial d c).signVariations,3,·,0.09,constrained,·,parse_fail,Unexpected end-of-input. Expected one of: ,<punct>,True,,False,
22790,succ_signVariations_X_sub_C_mul_monomial,lemma succ_signVariations_X_sub_C_mul_monomial {d c} (hc : c ≠ 0) (hη : 0 < η) : (monomial d c).signVariations + 1 ≤ ((X - C η) * monomial d c).signVariations,4,ewoodc00484684079912443399124433991244339912443399124433991244339912,1.76,constrained,ewoodc00484684079912443399124433991244339912443399124433991244339912,fallback,generic_tac,ewoodc00484684079912443399124433991244339912443399124433991244339912,False,,False,
22790,succ_signVariations_X_sub_C_mul_monomial,lemma succ_signVariations_X_sub_C_mul_monomial {d c} (hc : c ≠ 0) (hη : 0 < η) : (monomial d c).signVariations + 1 ≤ ((X - C η) * monomial d c).signVariations,5,ewood123456789101112131415161718192021222324252627282930313233343536,1.75,constrained,ewood123456789101112131415161718192021222324252627282930313233343536,fallback,generic_tac,ewood123456789101112131415161718192021222324252627282930313233343536,False,,False,
22790,succ_signVariations_X_sub_C_mul_monomial,lemma succ_signVariations_X_sub_C_mul_monomial {d c} (hc : c ≠ 0) (hη : 0 < η) : (monomial d c).signVariations + 1 ≤ ((X - C η) * monomial d c).signVariations,6,theorem succ_signVariations_X_sub_C_mul_monomial {d c} (hc : c ≠ 0) (hη : 0 < η) : (monomial d c).signVariations + 1 ≤ ((X - C η) * monomial d c).signVariations,1.7,constrained,theorem succ_signVariations_X_sub_C_mul_monomial {d c} (hc : c ≠ 0) (hη : 0 < η) : (monomial d c).signVariations + 1 ≤ ((X - C η) * monomial d c).signVariations,fallback,generic_tac,theorem,False,,False,
22790,succ_signVariations_X_sub_C_mul_monomial,lemma succ_signVariations_X_sub_C_mul_monomial {d c} (hc : c ≠ 0) (hη : 0 < η) : (monomial d c).signVariations + 1 ≤ ((X - C η) * monomial d c).signVariations,7,"agonic (1, 2), (2, 2) (3, 4), (4, 5), (5, 6) (6, 7), (7, 8) (8, 9), (9, 10), (10, 11",1.71,constrained,"agonic (1, 2), (2, 2) (3, 4), (4, 5), (5, 6) (6, 7), (7, 8) (8, 9), (9, 10), (10, 11",fallback,generic_tac,agonic,False,,False,
154794,type_set_le,theorem type_set_le [LinearOrder α] [WellFoundedLT α] (s : Set α) : typeLT s ≤ typeLT α,0,|α : Type u| (α : Type u) : Type u| α| : Type u| α| => Type u| (α : Type u) = Type u| α| : Type u| α| = Type u| α| (α : Type u)| : Type u| α,1.74,constrained,|α : Type u| (α : Type u) : Type u| α| : Type u| α| => Type u| (α : Type u) = Type u| α| : Type u| α| = Type u| α| (α : Type u)| : Type u| α,named,case_arm_tac,<punct>,True,,False,
154794,type_set_le,theorem type_set_le [LinearOrder α] [WellFoundedLT α] (s : Set α) : typeLT s ≤ typeLT α,1,"_owned by the user and is not part of the original problem. The original problem is to prove that `typeLT s ≤ typeLT α`, where `typeLT` is some relation (presumably related to types, though the exact meaning is unclear from the context). However, since `typeLT` is not defined",1.71,constrained,"_owned by the user and is not part of the original problem. The original problem is to prove that `typeLT s ≤ typeLT α`, where `typeLT` is some relation (presumably related to types, though the exact meaning is unclear from the context). However, since `typeLT` is not defined",fallback,generic_tac,_owned,False,However;The;context;defined;meaning;original;presumably;problem;prove;related;since;that;though;typeLT;unclear;user;where,False,
154794,type_set_le,theorem type_set_le [LinearOrder α] [WellFoundedLT α] (s : Set α) : typeLT s ≤ typeLT α,2,"unity in the field of natural numbers, the natural numbers are infinite, and we have the following property of infinite sets: if a set is infinite, then any subset of it is infinite. However, in the natural numbers, the empty set is finite, and there is no infinite subset of the natural numbers that is finite",1.71,constrained,"unity in the field of natural numbers, the natural numbers are infinite, and we have the following property of infinite sets: if a set is infinite, then any subset of it is infinite. However, in the natural numbers, the empty set is finite, and there is no infinite subset of the natural numbers that is finite",fallback,generic_tac,unity,False,However;are;following;it;no;numbers;that;there;we,False,
154794,type_set_le,theorem type_set_le [LinearOrder α] [WellFoundedLT α] (s : Set α) : typeLT s ≤ typeLT α,3,ozk49947406939923896979013743281328957191501796896999999999999999,1.75,constrained,ozk49947406939923896979013743281328957191501796896999999999999999,fallback,generic_tac,ozk49947406939923896979013743281328957191501796896999999999999999,False,,False,
154794,type_set_le,theorem type_set_le [LinearOrder α] [WellFoundedLT α] (s : Set α) : typeLT s ≤ typeLT α,4,"_owned by the author of the problem statement and Lean 4 community. All other uses are prohibited unless explicitly permitted by the author or community. Use of this tactic is for educational purposes only, and the tactic is provided as-is, without any guarantees of its correctness or completeness. The user is responsible for ensuring that the tactic",1.7,constrained,"_owned by the author of the problem statement and Lean 4 community. All other uses are prohibited unless explicitly permitted by the author or community. Use of this tactic is for educational purposes only, and the tactic is provided as-is, without any guarantees of its correctness or completeness. The user is responsible for ensuring that the tactic",fallback,generic_tac,_owned,False,Lean;The;Use;are;as;author;correctness;educational;ensuring;explicitly;guarantees;its;permitted;problem;prohibited;provided;purposes;responsible;that;unless;user;uses;without,False,
154794,type_set_le,theorem type_set_le [LinearOrder α] [WellFoundedLT α] (s : Set α) : typeLT s ≤ typeLT α,5,agoni14127656045555465364844639222513910350426210844038213871748286,1.75,constrained,agoni14127656045555465364844639222513910350426210844038213871748286,fallback,generic_tac,agoni14127656045555465364844639222513910350426210844038213871748286,False,,False,
154794,type_set_le,theorem type_set_le [LinearOrder α] [WellFoundedLT α] (s : Set α) : typeLT s ≤ typeLT α,6,·,0.09,constrained,·,parse_fail,Unexpected end-of-input. Expected one of: ,<punct>,True,,False,
154794,type_set_le,theorem type_set_le [LinearOrder α] [WellFoundedLT α] (s : Set α) : typeLT s ≤ typeLT α,7,houses the proof.,0.17,constrained,houses the proof.,fallback,generic_tac,houses,False,,False,
110604,condExp_stronglyMeasurable_simpleFunc_bilin,theorem condExp_stronglyMeasurable_simpleFunc_bilin [CompleteSpace E] (hm : m ≤ mΩ) (f : @SimpleFunc Ω m F) {g : Ω → E} (hg : Integrable g μ) : μ[fun ω ↦ B (f ω) (g ω) | m] =ᵐ[μ] fun ω ↦ B (f ω) (μ[g | m] ω),0,earnestly 2024-05-21 07:07:00 0.23554454443398674 0.23554454443398674 ,1.73,constrained,earnestly 2024-05-21 07:07:00 0.23554454443398674 0.23554454443398674,fallback,generic_tac,earnestly,False,,False,
110604,condExp_stronglyMeasurable_simpleFunc_bilin,theorem condExp_stronglyMeasurable_simpleFunc_bilin [CompleteSpace E] (hm : m ≤ mΩ) (f : @SimpleFunc Ω m F) {g : Ω → E} (hg : Integrable g μ) : μ[fun ω ↦ B (f ω) (g ω) | m] =ᵐ[μ] fun ω ↦ B (f ω) (μ[g | m] ω),1,"_owned by an unknown process._  1. **Understanding the Problem**   The Lean theorem statement provided is incomplete and appears to be a fragment of a larger proof. The theorem statement is about the equality of two measures involving a `SimpleFunc` and an integrable function `g`. However, there are several issues",1.74,constrained,"_owned by an unknown process._  1. **Understanding the Problem**   The Lean theorem statement provided is incomplete and appears to be a fragment of a larger proof. The theorem statement is about the equality of two measures involving a `SimpleFunc` and an integrable function `g`. However, there are several issues",fallback,generic_tac,_owned,False,However;Lean;Problem;SimpleFunc;The;Understanding;about;an;appears;are;be;equality;fragment;incomplete;involving;issues;larger;measures;process._;provided;several;theorem;there;unknown,False,
110604,condExp_stronglyMeasurable_simpleFunc_bilin,theorem condExp_stronglyMeasurable_simpleFunc_bilin [CompleteSpace E] (hm : m ≤ mΩ) (f : @SimpleFunc Ω m F) {g : Ω → E} (hg : Integrable g μ) : μ[fun ω ↦ B (f ω) (g ω) | m] =ᵐ[μ] fun ω ↦ B (f ω) (μ[g | m] ω),2,·,0.09,constrained,·,parse_fail,Unexpected end-of-input. Expected one of: ,<punct>,True,,False,
110604,condExp_stronglyMeasurable_simpleFunc_bilin,theorem condExp_stronglyMeasurable_simpleFunc_bilin [CompleteSpace E] (hm : m ≤ mΩ) (f : @SimpleFunc Ω m F) {g : Ω → E} (hg : Integrable g μ) : μ[fun ω ↦ B (f ω) (g ω) | m] =ᵐ[μ] fun ω ↦ B (f ω) (μ[g | m] ω),3,earnest00235867266841432571526633684295625809415107852426667715234399,1.81,constrained,earnest00235867266841432571526633684295625809415107852426667715234399,fallback,generic_tac,earnest00235867266841432571526633684295625809415107852426667715234399,False,,False,
110604,condExp_stronglyMeasurable_simpleFunc_bilin,theorem condExp_stronglyMeasurable_simpleFunc_bilin [CompleteSpace E] (hm : m ≤ mΩ) (f : @SimpleFunc Ω m F) {g : Ω → E} (hg : Integrable g μ) : μ[fun ω ↦ B (f ω) (g ω) | m] =ᵐ[μ] fun ω ↦ B (f ω) (μ[g | m] ω),4,"Ήειαστραβικός Ερατοκλέτος, Σταθείριος Σπυριδής, Κλειώτης Κλειώτη",1.72,constrained,"Ήειαστραβικός Ερατοκλέτος, Σταθείριος Σπυριδής, Κλειώτης Κλειώτη",parse_fail,"No terminal matches 'Ή' in the current parser context, at line 1 col 1",Ήειαστραβικός,False,,False,
110604,condExp_stronglyMeasurable_simpleFunc_bilin,theorem condExp_stronglyMeasurable_simpleFunc_bilin [CompleteSpace E] (hm : m ≤ mΩ) (f : @SimpleFunc Ω m F) {g : Ω → E} (hg : Integrable g μ) : μ[fun ω ↦ B (f ω) (g ω) | m] =ᵐ[μ] fun ω ↦ B (f ω) (μ[g | m] ω),5,"|`|` means `norm` for `E`, and `B` is `bilinear` for `E` and `ℝ`, and `μ` is `μ` for `Ω`. Also, `m` is a `measure` and `mΩ` is a `measure` of `Ω",1.79,constrained,"|`|` means `norm` for `E`, and `B` is `bilinear` for `E` and `ℝ`, and `μ` is `μ` for `Ω`. Also, `m` is a `measure` and `mΩ` is a `measure` of `Ω",parse_fail,"No terminal matches '`' in the current parser context, at line 1 col 2",<punct>,True,Also;bilinear;means,False,
110604,condExp_stronglyMeasurable_simpleFunc_bilin,theorem condExp_stronglyMeasurable_simpleFunc_bilin [CompleteSpace E] (hm : m ≤ mΩ) (f : @SimpleFunc Ω m F) {g : Ω → E} (hg : Integrable g μ) : μ[fun ω ↦ B (f ω) (g ω) | m] =ᵐ[μ] fun ω ↦ B (f ω) (μ[g | m] ω),6,acion =ᵐ[μ] fun ω ↦ B (f ω) (μ[g | m] ω)` is false in general because `μ[fun ω ↦ B (f ω) (g ω) | m]` is the integral of `fun ω ↦,1.7,constrained,acion =ᵐ[μ] fun ω ↦ B (f ω) (μ[g | m] ω)` is false in general because `μ[fun ω ↦ B (f ω) (g ω) | m]` is the integral of `fun ω ↦,fallback,generic_tac,acion,False,because;general,False,
110604,condExp_stronglyMeasurable_simpleFunc_bilin,theorem condExp_stronglyMeasurable_simpleFunc_bilin [CompleteSpace E] (hm : m ≤ mΩ) (f : @SimpleFunc Ω m F) {g : Ω → E} (hg : Integrable g μ) : μ[fun ω ↦ B (f ω) (g ω) | m] =ᵐ[μ] fun ω ↦ B (f ω) (μ[g | m] ω),7,·,0.09,constrained,·,parse_fail,Unexpected end-of-input. Expected one of: ,<punct>,True,,False,
8331,isLeftCancelMul,protected lemma isLeftCancelMul [Mul β] [IsLeftCancelMul β] : letI,0,"old version of the problem was to prove that for all x and y in a group, x * y = x * z implies y = z. Here, the goal is to prove that for any x, y, z in a group, x * y = x * z implies y = z. The hypotheses are",1.71,constrained,"old version of the problem was to prove that for all x and y in a group, x * y = x * z implies y = z. Here, the goal is to prove that for any x, y, z in a group, x * y = x * z implies y = z. The hypotheses are",fallback,generic_tac,old,False,Here;The;are;goal;hypotheses;problem;prove;that;version;was,False,
8331,isLeftCancelMul,protected lemma isLeftCancelMul [Mul β] [IsLeftCancelMul β] : letI,1,"_owned by the left cancel law of multiplication in β. This is a special case of the general left cancel law for multiplication in any monoid. In particular, the hypothesis `IsLeftCancelMul β` directly guarantees that the statement holds for any type `β` equipped with a multiplication operation that is left cancelable.",1.71,constrained,"_owned by the left cancel law of multiplication in β. This is a special case of the general left cancel law for multiplication in any monoid. In particular, the hypothesis `IsLeftCancelMul β` directly guarantees that the statement holds for any type `β` equipped with a multiplication operation that is left cancelable.",fallback,generic_tac,_owned,False,In;IsLeftCancelMul;This;cancel;directly;equipped;general;guarantees;holds;hypothesis;law;multiplication;operation;particular;special;that,False,
8331,isLeftCancelMul,protected lemma isLeftCancelMul [Mul β] [IsLeftCancelMul β] : letI,2,"houses to be the same as in a `Group` instance, so we need to find a suitable `Monoid` instance that satisfies the `IsLeftCancelMul` condition. However, since `IsLeftCancelMul` is already an instance assumption in the theorem, we can directly use it to prove the goal.",1.7,constrained,"houses to be the same as in a `Group` instance, so we need to find a suitable `Monoid` instance that satisfies the `IsLeftCancelMul` condition. However, since `IsLeftCancelMul` is already an instance assumption in the theorem, we can directly use it to prove the goal.",fallback,generic_tac,houses,False,However;IsLeftCancelMul;Monoid;already;an;as;be;can;directly;instance;it;need;prove;same;since;suitable;that;theorem;we,False,
8331,isLeftCancelMul,protected lemma isLeftCancelMul [Mul β] [IsLeftCancelMul β] : letI,3,"oon (β) (s : Finset β) (h : ∀ (a : β), a ∈ s → a * a = 1) : s = ∅ ∨ s = {1} ∨ s = {1, -1} := by sorry``````lean```lean```lean",1.71,constrained,"oon (β) (s : Finset β) (h : ∀ (a : β), a ∈ s → a * a = 1) : s = ∅ ∨ s = {1} ∨ s = {1, -1} := by sorry``````lean```lean```lean",fallback,generic_tac,oon,False,Finset;lean,True,
8331,isLeftCancelMul,protected lemma isLeftCancelMul [Mul β] [IsLeftCancelMul β] : letI,4,nightowling4567894567894567894567894567894567894567894567894567894567894,1.76,constrained,nightowling4567894567894567894567894567894567894567894567894567894567894,fallback,generic_tac,nightowling4567894567894567894567894567894567894567894567894567894567894,False,,False,
8331,isLeftCancelMul,protected lemma isLeftCancelMul [Mul β] [IsLeftCancelMul β] : letI,5,"agona is a 60-year-old male with a history of severe atherosclerosis, including a total coarctation of the aorta at age 15. He has a long history of uncontrolled hypertension, which has led to multiple complications, including an acute myocardial infarction (MI)",1.71,constrained,"agona is a 60-year-old male with a history of severe atherosclerosis, including a total coarctation of the aorta at age 15. He has a long history of uncontrolled hypertension, which has led to multiple complications, including an acute myocardial infarction (MI)",fallback,generic_tac,agona,False,He;MI;acute;an;aorta;atherosclerosis;coarctation;complications;has;history;hypertension;including;infarction;led;long;male;multiple;myocardial;old;severe;uncontrolled;which;year,False,
8331,isLeftCancelMul,protected lemma isLeftCancelMul [Mul β] [IsLeftCancelMul β] : letI,6,"Infinity is the same as zero in the integers modulo zero (ℤ/0ℤ), but in Lean's `IsLeftCancelMul` it is not required that `β` is a `Group` or even a `Semigroup` (it is just a `Mul` with a left cancellation property). Here",1.71,constrained,"Infinity is the same as zero in the integers modulo zero (ℤ/0ℤ), but in Lean's `IsLeftCancelMul` it is not required that `β` is a `Group` or even a `Semigroup` (it is just a `Mul` with a left cancellation property). Here",fallback,generic_tac,Infinity,False,Here;IsLeftCancelMul;Lean's;Mul;Semigroup;as;but;cancellation;it;just;modulo;required;same;that,False,
8331,isLeftCancelMul,protected lemma isLeftCancelMul [Mul β] [IsLeftCancelMul β] : letI,7,oon / 2.00000000000000000000000000000000000000000000000000000000000,1.71,constrained,oon / 2.00000000000000000000000000000000000000000000000000000000000,fallback,generic_tac,oon,False,,False,
7811,powers_one,lemma powers_one : powers (1 : M) = ⊥,0,"OLD VERSIONS OF THIS MODEL PRODUCE OUTPUT WITH ""theorem"" OR ""lemma"" NAMES IN THE TACTIC LINE. THIS VERSION IS FIXED TO ONLY OUTPUT TACTICS. NO NAMES ARE USED. NO OUTPUT BEFORE ""by"" OR AFTER ""done"" IS USED. THE OUTPUT IS JUST THE TACTIC",1.7,constrained,"OLD VERSIONS OF THIS MODEL PRODUCE OUTPUT WITH ""theorem"" OR ""lemma"" NAMES IN THE TACTIC LINE. THIS VERSION IS FIXED TO ONLY OUTPUT TACTICS. NO NAMES ARE USED. NO OUTPUT BEFORE ""by"" OR AFTER ""done"" IS USED. THE OUTPUT IS JUST THE TACTIC",fallback,generic_tac,OLD,False,AFTER;ARE;BEFORE;FIXED;IN;IS;JUST;MODEL;NAMES;NO;OF;ONLY;OR;OUTPUT;PRODUCE;TACTIC;THE;THIS;TO;VERSION;VERSIONS;WITH;done;theorem,False,
7811,powers_one,lemma powers_one : powers (1 : M) = ⊥,1,unityped19191919191919191919191919191919191919191919191919191919191919,1.76,constrained,unityped19191919191919191919191919191919191919191919191919191919191919,fallback,generic_tac,unityped19191919191919191919191919191919191919191919191919191919191919,False,,False,
7811,powers_one,lemma powers_one : powers (1 : M) = ⊥,2,"using the fact that the `powers` function is defined as the powerset of a set, and `M` is a type, we can assume that `M` is the empty type (as no further information is given about `M`). However, this is not sufficient to fully understand the problem, so we must",1.71,constrained,"using the fact that the `powers` function is defined as the powerset of a set, and `M` is a type, we can assume that `M` is the empty type (as no further information is given about `M`). However, this is not sufficient to fully understand the problem, so we must",fallback,generic_tac,using,True,However;about;as;can;defined;fact;fully;further;given;information;must;no;problem;sufficient;that;understand;we,False,
7811,powers_one,lemma powers_one : powers (1 : M) = ⊥,3,|||lean4```lean4```lean4```lean4```lean4```lean4```lean4```lean4```lean4```lean4```lean4```lean4```lean4```lean4```lean4```lean4```lean4```lean4```lean4```lean4```lean4,1.8,constrained,|||lean4```lean4```lean4```lean4```lean4```lean4```lean4```lean4```lean4```lean4```lean4```lean4```lean4```lean4```lean4```lean4```lean4```lean4```lean4```lean4```lean4,parse_fail,"No terminal matches '|' in the current parser context, at line 1 col 2",<punct>,True,lean4,False,
7811,powers_one,lemma powers_one : powers (1 : M) = ⊥,4,_lua267851770223336546390148479694639358317460398767075958352444427,1.74,constrained,_lua267851770223336546390148479694639358317460398767075958352444427,fallback,generic_tac,_lua267851770223336546390148479694639358317460398767075958352444427,False,,False,
7811,powers_one,lemma powers_one : powers (1 : M) = ⊥,5,xxs : M) : powers (1 : M) = ⊥ := by sorry``````lean```lean```lean```lean```lean```lean```lean```lean```lean```lean```lean```lean```lean```lean```lean```lean```lean```lean```lean```lean```lean```lean,1.7,constrained,xxs : M) : powers (1 : M) = ⊥ := by sorry``````lean```lean```lean```lean```lean```lean```lean```lean```lean```lean```lean```lean```lean```lean```lean```lean```lean```lean```lean```lean```lean```lean,fallback,generic_tac,xxs,False,lean,True,
7811,powers_one,lemma powers_one : powers (1 : M) = ⊥,6,agoni49474617177341395526448393920826695581603756346279123427552082,1.74,constrained,agoni49474617177341395526448393920826695581603756346279123427552082,fallback,generic_tac,agoni49474617177341395526448393920826695581603756346279123427552082,False,,False,
7811,powers_one,lemma powers_one : powers (1 : M) = ⊥,7,"Lua 4 tactic for Lean 4: `simp [M]` is not valid syntax. Instead, `simp [M]` would be valid in a context where `M` is a type with the `simp` attribute, but here it is just a variable name. However, the `simp` tactic",1.69,constrained,"Lua 4 tactic for Lean 4: `simp [M]` is not valid syntax. Instead, `simp [M]` would be valid in a context where `M` is a type with the `simp` attribute, but here it is just a variable name. However, the `simp` tactic",fallback,generic_tac,Lua,False,However;Instead;Lean;attribute;be;but;context;here;it;just;variable;where;would,False,
24561,map_comap_eq,theorem map_comap_eq (f : R →+* S) (t : Subring S) : (t.comap f).map f = t ⊓ f.range,0,"Lua 4, we need to understand the problem correctly. The statement we are trying to prove is that `(t.comap f).map f = t ⊓ f.range`. Here, `t : Subring S` is a subring of `S`, and `f : R →+* S` is",1.71,constrained,"Lua 4, we need to understand the problem correctly. The statement we are trying to prove is that `(t.comap f).map f = t ⊓ f.range`. Here, `t : Subring S` is a subring of `S`, and `f : R →+* S` is",fallback,generic_tac,Lua,False,Here;Subring;The;are;need;problem;prove;that;trying;understand;we,False,
24561,map_comap_eq,theorem map_comap_eq (f : R →+* S) (t : Subring S) : (t.comap f).map f = t ⊓ f.range,1,"_owned by t.comap f, the image of t under the map f ∘ f⁻¹. The intersection of t and f's range is a subset of t and f's range, and f's range is a subset of t ∩ f's range. The set difference is zero. We need to show",1.72,constrained,"_owned by t.comap f, the image of t under the map f ∘ f⁻¹. The intersection of t and f's range is a subset of t and f's range, and f's range is a subset of t ∩ f's range. The set difference is zero. We need to show",fallback,generic_tac,_owned,False,The;We;f's;intersection;need,False,
24561,map_comap_eq,theorem map_comap_eq (f : R →+* S) (t : Subring S) : (t.comap f).map f = t ⊓ f.range,2,agona66666666666666666666666666666666666666666666666666666666666666,1.78,constrained,agona66666666666666666666666666666666666666666666666666666666666666,fallback,generic_tac,agona66666666666666666666666666666666666666666666666666666666666666,False,,False,
24561,map_comap_eq,theorem map_comap_eq (f : R →+* S) (t : Subring S) : (t.comap f).map f = t ⊓ f.range,3,unity is not a ring in Lean 4.,0.32,constrained,unity is not a ring in Lean 4.,fallback,generic_tac,unity,False,Lean,False,
24561,map_comap_eq,theorem map_comap_eq (f : R →+* S) (t : Subring S) : (t.comap f).map f = t ⊓ f.range,4,|``````lean4```lean4``````lean4```lean4```lean4```lean4```lean4```lean4```lean4```lean4```lean4```lean4```lean4```lean4```lean4```lean4```lean4```lean4```lean4```lean,1.81,constrained,|``````lean4```lean4``````lean4```lean4```lean4```lean4```lean4```lean4```lean4```lean4```lean4```lean4```lean4```lean4```lean4```lean4```lean4```lean4```lean4```lean,parse_fail,"No terminal matches '`' in the current parser context, at line 1 col 2",<punct>,True,lean;lean4,False,
24561,map_comap_eq,theorem map_comap_eq (f : R →+* S) (t : Subring S) : (t.comap f).map f = t ⊓ f.range,5,_owned by the author. The Lean 4 code snippet provided is a theorem statement about the relationship between the map and comap of a subring under a ring homomorphism. The theorem states that the map of the comap of `t` under `f` is equal to the infimum of `t`,1.7,constrained,_owned by the author. The Lean 4 code snippet provided is a theorem statement about the relationship between the map and comap of a subring under a ring homomorphism. The theorem states that the map of the comap of `t` under `f` is equal to the infimum of `t`,fallback,generic_tac,_owned,False,Lean;The;about;code;infimum;provided;relationship;snippet;states;that;theorem,False,
24561,map_comap_eq,theorem map_comap_eq (f : R →+* S) (t : Subring S) : (t.comap f).map f = t ⊓ f.range,6,"aciones (as in a group action), and the theorem is about proving that the image of the preimage of a subset under a function is the intersection of the subset with the image of the function. In Lean 4, `t.comap f` is the preimage of `t` under `f`, and",1.7,constrained,"aciones (as in a group action), and the theorem is about proving that the image of the preimage of a subset under a function is the intersection of the subset with the image of the function. In Lean 4, `t.comap f` is the preimage of `t` under `f`, and",fallback,generic_tac,aciones,False,In;Lean;about;action;as;intersection;proving;that;theorem,False,
24561,map_comap_eq,theorem map_comap_eq (f : R →+* S) (t : Subring S) : (t.comap f).map f = t ⊓ f.range,7,"LaTeX version of the problem is as follows: The theorem states that for any ring homomorphism `f : R →+* S` and any subring `t` of `S`, the composition of the map `t.comap f` and the map `f` is equal to the infimum of",1.7,constrained,"LaTeX version of the problem is as follows: The theorem states that for any ring homomorphism `f : R →+* S` and any subring `t` of `S`, the composition of the map `t.comap f` and the map `f` is equal to the infimum of",fallback,generic_tac,LaTeX,False,The;as;follows;infimum;problem;states;that;theorem;version,False,
57314,kernelIsoOfEq_hom_comp_,theorem kernelIsoOfEq_hom_comp_ι {f g : X ⟶ Y} [HasKernel f] [HasKernel g] (h : f = g) : (kernelIsoOfEq h).hom ≫ kernel.ι g = kernel.ι f,0,"agonizing over the statement, I realize that the problem is to prove that the composition of the kernel isomorphism `kernelIsoOfEq h` with the kernel injection `kernel.ι g` is equal to `kernel.ι f`. However, since `h : f = g`, we can simplify the statement",1.71,constrained,"agonizing over the statement, I realize that the problem is to prove that the composition of the kernel isomorphism `kernelIsoOfEq h` with the kernel injection `kernel.ι g` is equal to `kernel.ι f`. However, since `h : f = g`, we can simplify the statement",fallback,generic_tac,agonizing,False,However;can;isomorphism;problem;prove;simplify;since;that;we,False,
57314,kernelIsoOfEq_hom_comp_,theorem kernelIsoOfEq_hom_comp_ι {f g : X ⟶ Y} [HasKernel f] [HasKernel g] (h : f = g) : (kernelIsoOfEq h).hom ≫ kernel.ι g = kernel.ι f,1,"_owned by the kernel. The statement is about showing that the composition of the homomorphism induced by `h` with the inclusion map of the kernel of `g` is equal to the inclusion map of the kernel of `f`. However, since `f = g`, this statement simplifies to `kernel.ι",1.71,constrained,"_owned by the kernel. The statement is about showing that the composition of the homomorphism induced by `h` with the inclusion map of the kernel of `g` is equal to the inclusion map of the kernel of `f`. However, since `f = g`, this statement simplifies to `kernel.ι",fallback,generic_tac,_owned,False,However;The;about;showing;simplifies;since;that,False,
57314,kernelIsoOfEq_hom_comp_,theorem kernelIsoOfEq_hom_comp_ι {f g : X ⟶ Y} [HasKernel f] [HasKernel g] (h : f = g) : (kernelIsoOfEq h).hom ≫ kernel.ι g = kernel.ι f,2,"Lua has a built-in mechanism for automatically handling the parsing of numbers like `1,000,000` (1,000,000) and `1.000,000` (1.000,000), but this feature was removed",1.71,constrained,"Lua has a built-in mechanism for automatically handling the parsing of numbers like `1,000,000` (1,000,000) and `1.000,000` (1.000,000), but this feature was removed",fallback,generic_tac,Lua,False,automatically;built;but;feature;handling;has;like;mechanism;numbers;parsing;removed;was,False,
57314,kernelIsoOfEq_hom_comp_,theorem kernelIsoOfEq_hom_comp_ι {f g : X ⟶ Y} [HasKernel f] [HasKernel g] (h : f = g) : (kernelIsoOfEq h).hom ≫ kernel.ι g = kernel.ι f,3,|f| 0.8871484375|f| 0.8871484375|f| 0.8871484375|f| 0.8871484375,1.83,constrained,|f| 0.8871484375|f| 0.8871484375|f| 0.8871484375|f| 0.8871484375,parse_fail,"No terminal matches 'f' in the current parser context, at line 1 col 2",<punct>,True,,False,
57314,kernelIsoOfEq_hom_comp_,theorem kernelIsoOfEq_hom_comp_ι {f g : X ⟶ Y} [HasKernel f] [HasKernel g] (h : f = g) : (kernelIsoOfEq h).hom ≫ kernel.ι g = kernel.ι f,4,"·  The Lean 4 theorem statement is provided, and the user wants to know the first reasonable proof step for this theorem. The theorem is about the composition of kernel isomorphisms in a category where `X` and `Y` are types, and `f` and `g` are functions between them",1.72,constrained,"·  The Lean 4 theorem statement is provided, and the user wants to know the first reasonable proof step for this theorem. The theorem is about the composition of kernel isomorphisms in a category where `X` and `Y` are types, and `f` and `g` are functions between them",named,focus_tac,<punct>,True,Lean;The;about;are;functions;know;provided;reasonable;them;theorem;user;wants;where,False,
57314,kernelIsoOfEq_hom_comp_,theorem kernelIsoOfEq_hom_comp_ι {f g : X ⟶ Y} [HasKernel f] [HasKernel g] (h : f = g) : (kernelIsoOfEq h).hom ≫ kernel.ι g = kernel.ι f,5,"_owned_ownership_of_λ (f : ℕ → ℕ) (h : ∀ n, f n = n) : ∀ n, f n = n := by intro n; apply h n; <;> simp_all [h] <;> aesop; <;> aesop; <;>",1.72,constrained,"_owned_ownership_of_λ (f : ℕ → ℕ) (h : ∀ n, f n = n) : ∀ n, f n = n := by intro n; apply h n; <;> simp_all [h] <;> aesop; <;> aesop; <;>",fallback,generic_tac,_owned_ownership_of_λ,False,,False,
57314,kernelIsoOfEq_hom_comp_,theorem kernelIsoOfEq_hom_comp_ι {f g : X ⟶ Y} [HasKernel f] [HasKernel g] (h : f = g) : (kernelIsoOfEq h).hom ≫ kernel.ι g = kernel.ι f,6,||| Lean 4 Proof Step (using `have` statement) |||```lean4theorem kernelIsoOfEq_hom_comp_ι {f g : X ⟶ Y} [HasKernel f] [HasKernel g] (h : f => g : f = g) : (kernelIsoOf,1.79,constrained,||| Lean 4 Proof Step (using `have` statement) |||```lean4theorem kernelIsoOfEq_hom_comp_ι {f g : X ⟶ Y} [HasKernel f] [HasKernel g] (h : f => g : f = g) : (kernelIsoOf,named,case_arm_tac,<punct>,True,Lean;Proof;Step;kernelIsoOf;lean4theorem,False,
57314,kernelIsoOfEq_hom_comp_,theorem kernelIsoOfEq_hom_comp_ι {f g : X ⟶ Y} [HasKernel f] [HasKernel g] (h : f = g) : (kernelIsoOfEq h).hom ≫ kernel.ι g = kernel.ι f,7,_io_98465493582514563559124870094215882719628638527135833095898513,1.77,constrained,_io_98465493582514563559124870094215882719628638527135833095898513,fallback,generic_tac,_io_98465493582514563559124870094215882719628638527135833095898513,False,,False,
60990,unop_comp,theorem unop_comp {X Y Z : Cᵒᵖ} {f : X ⟶ Y} {g : Y ⟶ Z} : (f ≫ g).unop = g.unop ≫ f.unop,0,aku328552979493490925238329888130791245505987200961223863166516533,1.77,constrained,aku328552979493490925238329888130791245505987200961223863166516533,fallback,generic_tac,aku328552979493490925238329888130791245505987200961223863166516533,False,,False,
60990,unop_comp,theorem unop_comp {X Y Z : Cᵒᵖ} {f : X ⟶ Y} {g : Y ⟶ Z} : (f ≫ g).unop = g.unop ≫ f.unop,1,"agonizing the problem at hand, I have come to the realization that the problem is not directly about proving the equality of the compositions in terms of the underlying functions, but rather about understanding how the unop operation interacts with composition. The unop operation is defined as a specific function application, and the composition of unop",1.7,constrained,"agonizing the problem at hand, I have come to the realization that the problem is not directly about proving the equality of the compositions in terms of the underlying functions, but rather about understanding how the unop operation interacts with composition. The unop operation is defined as a specific function application, and the composition of unop",fallback,generic_tac,agonizing,False,The;about;as;but;come;compositions;defined;directly;equality;functions;hand;how;interacts;operation;problem;proving;rather;realization;specific;terms;that;understanding,False,
60990,unop_comp,theorem unop_comp {X Y Z : Cᵒᵖ} {f : X ⟶ Y} {g : Y ⟶ Z} : (f ≫ g).unop = g.unop ≫ f.unop,2,agonize and then use the fact that the unop of a composition is the composition of the unops in reverse order. This is a straightforward application of the definition of unop on composition in the context of functors and natural transformations. The proof will involve unfolding the definitions and using the associativity of composition. Here,1.71,constrained,agonize and then use the fact that the unop of a composition is the composition of the unops in reverse order. This is a straightforward application of the definition of unop on composition in the context of functors and natural transformations. The proof will involve unfolding the definitions and using the associativity of composition. Here,fallback,generic_tac,agonize,False,Here;The;This;context;definition;definitions;fact;functors;involve;straightforward;that;unfolding;unops;will,False,
60990,unop_comp,theorem unop_comp {X Y Z : Cᵒᵖ} {f : X ⟶ Y} {g : Y ⟶ Z} : (f ≫ g).unop = g.unop ≫ f.unop,3,agona22423683634500000000000000000000000000000000000000000000000000,1.75,constrained,agona22423683634500000000000000000000000000000000000000000000000000,fallback,generic_tac,agona22423683634500000000000000000000000000000000000000000000000000,False,,False,
60990,unop_comp,theorem unop_comp {X Y Z : Cᵒᵖ} {f : X ⟶ Y} {g : Y ⟶ Z} : (f ≫ g).unop = g.unop ≫ f.unop,4,"agonized by a thought or a question, as though I were trying to understand how the universe was put together. I would think of the world as a series of concentric circles, each one containing the previous one. I would think of a world of circles, and within each circle, everything was arranged in a circle",1.71,constrained,"agonized by a thought or a question, as though I were trying to understand how the universe was put together. I would think of the world as a series of concentric circles, each one containing the previous one. I would think of a world of circles, and within each circle, everything was arranged in a circle",fallback,generic_tac,agonized,False,arranged;as;circle;circles;concentric;containing;each;everything;how;previous;put;question;series;though;thought;trying;understand;universe;was;were;within;world;would,False,
60990,unop_comp,theorem unop_comp {X Y Z : Cᵒᵖ} {f : X ⟶ Y} {g : Y ⟶ Z} : (f ≫ g).unop = g.unop ≫ f.unop,5,akuqoqkooqkooqkooqkooqkooqkooqkooqkooqkooqkooqkooqkooqkooqkooqkooqkooqkooqkooqkooqkooq,1.76,constrained,akuqoqkooqkooqkooqkooqkooqkooqkooqkooqkooqkooqkooqkooqkooqkooqkooqkooqkooqkooqkooqkooq,fallback,generic_tac,akuqoqkooqkooqkooqkooqkooqkooqkooqkooqkooqkooqkooqkooqkooqkooqkooqkooqkooqkooqkooqkooq,False,,False,
60990,unop_comp,theorem unop_comp {X Y Z : Cᵒᵖ} {f : X ⟶ Y} {g : Y ⟶ Z} : (f ≫ g).unop = g.unop ≫ f.unop,6,agoni74277824596303523104209919333712792577671358437904448639541525,1.77,constrained,agoni74277824596303523104209919333712792577671358437904448639541525,fallback,generic_tac,agoni74277824596303523104209919333712792577671358437904448639541525,False,,False,
60990,unop_comp,theorem unop_comp {X Y Z : Cᵒᵖ} {f : X ⟶ Y} {g : Y ⟶ Z} : (f ≫ g).unop = g.unop ≫ f.unop,7,"agonzalo 2015-03-25 19:48:38.011462, 2015-03-25 19:48:38.011462, 0, 0",1.72,constrained,"agonzalo 2015-03-25 19:48:38.011462, 2015-03-25 19:48:38.011462, 0, 0",fallback,generic_tac,agonzalo,False,,False,
132475,image_mulSingle_Ioo_right,theorem image_mulSingle_Ioo_right (i : ι) (b : α i) : Pi.mulSingle i '' Ioo 1 b = Ioo 1 (Pi.mulSingle i b),0,"ained (2,4,5,6,7) with a sum of 28 and a product of 120. The numbers 3,4,5,6,7 have a sum of 25 and a product of 840. So, the numbers must be 2",1.7,constrained,"ained (2,4,5,6,7) with a sum of 28 and a product of 120. The numbers 3,4,5,6,7 have a sum of 25 and a product of 840. So, the numbers must be 2",fallback,generic_tac,ained,False,So;The;be;must;numbers,False,
132475,image_mulSingle_Ioo_right,theorem image_mulSingle_Ioo_right (i : ι) (b : α i) : Pi.mulSingle i '' Ioo 1 b = Ioo 1 (Pi.mulSingle i b),1,"ained to prove this, I need to understand the context and definitions involved. The theorem statement is about the image of the set `Ioo 1 b` under the function `Pi.mulSingle i`, which is applied to each element of the product type `ι × α i`. However, `Pi.mulSingle i",1.71,constrained,"ained to prove this, I need to understand the context and definitions involved. The theorem statement is about the image of the set `Ioo 1 b` under the function `Pi.mulSingle i`, which is applied to each element of the product type `ι × α i`. However, `Pi.mulSingle i",fallback,generic_tac,ained,False,However;The;about;applied;context;definitions;each;element;need;prove;theorem;understand;which,False,
132475,image_mulSingle_Ioo_right,theorem image_mulSingle_Ioo_right (i : ι) (b : α i) : Pi.mulSingle i '' Ioo 1 b = Ioo 1 (Pi.mulSingle i b),2,agona (i : ι) (b : α i) : Pi.mulSingle i '' Ioo 1 b = Ioo 1 (Pi.mulSingle i b) by sorry``````lean44```lean44``````lean44```lean44```lean44```,1.71,constrained,agona (i : ι) (b : α i) : Pi.mulSingle i '' Ioo 1 b = Ioo 1 (Pi.mulSingle i b) by sorry``````lean44```lean44``````lean44```lean44```lean44,fallback,generic_tac,agona,False,lean44,True,
132475,image_mulSingle_Ioo_right,theorem image_mulSingle_Ioo_right (i : ι) (b : α i) : Pi.mulSingle i '' Ioo 1 b = Ioo 1 (Pi.mulSingle i b),3,uenwzqfjxzqzqzqzqzqzqzqzqzqzqzqzqzqzqzqzqzqzqzqzqzqzqzqzqzqzqzqzqzq,1.76,constrained,uenwzqfjxzqzqzqzqzqzqzqzqzqzqzqzqzqzqzqzqzqzqzqzqzqzqzqzqzqzqzqzqzq,fallback,generic_tac,uenwzqfjxzqzqzqzqzqzqzqzqzqzqzqzqzqzqzqzqzqzqzqzqzqzqzqzqzqzqzqzqzq,False,,False,
132475,image_mulSingle_Ioo_right,theorem image_mulSingle_Ioo_right (i : ι) (b : α i) : Pi.mulSingle i '' Ioo 1 b = Ioo 1 (Pi.mulSingle i b),4,"aciones en Lean 4. No, no, no! The Lean 4 theorem is not a mathematical statement, but rather a statement about how Lean 4 represents functions and their properties. The theorem is about the behavior of the `mulSingle` function when applied to an element `b` of a type `α",1.71,constrained,"aciones en Lean 4. No, no, no! The Lean 4 theorem is not a mathematical statement, but rather a statement about how Lean 4 represents functions and their properties. The theorem is about the behavior of the `mulSingle` function when applied to an element `b` of a type `α",fallback,generic_tac,aciones,False,Lean;No;The;about;an;applied;behavior;but;element;en;functions;how;mathematical;no;rather;represents;their;theorem;when,False,
132475,image_mulSingle_Ioo_right,theorem image_mulSingle_Ioo_right (i : ι) (b : α i) : Pi.mulSingle i '' Ioo 1 b = Ioo 1 (Pi.mulSingle i b),5,oldman24124444444444444444444444444444444444444444444444444444444444,1.78,constrained,oldman24124444444444444444444444444444444444444444444444444444444444,fallback,generic_tac,oldman24124444444444444444444444444444444444444444444444444444444444,False,,False,
132475,image_mulSingle_Ioo_right,theorem image_mulSingle_Ioo_right (i : ι) (b : α i) : Pi.mulSingle i '' Ioo 1 b = Ioo 1 (Pi.mulSingle i b),6,"agonia is a theorem about the product of a family of sets indexed by `ι`, where each set `α i` is a set of real numbers. The theorem states that the image of the interval `(1, b)` under the map `i ↦ Pi.mulSingle i` is equal to the interval `(",1.71,constrained,"agonia is a theorem about the product of a family of sets indexed by `ι`, where each set `α i` is a set of real numbers. The theorem states that the image of the interval `(1, b)` under the map `i ↦ Pi.mulSingle i` is equal to the interval `(",fallback,generic_tac,agonia,False,The;about;each;family;indexed;states;that;theorem;where,False,
132475,image_mulSingle_Ioo_right,theorem image_mulSingle_Ioo_right (i : ι) (b : α i) : Pi.mulSingle i '' Ioo 1 b = Ioo 1 (Pi.mulSingle i b),7,"Lua 4.0.0 is the version of the Lean 4 interpreter that we are using. The Lean 4 interpreter does not automatically check the validity of the code that is being written. However, if we are writing Lean 4 code, we need to ensure that we are not using any undefined behavior,",1.71,constrained,"Lua 4.0.0 is the version of the Lean 4 interpreter that we are using. The Lean 4 interpreter does not automatically check the validity of the code that is being written. However, if we are writing Lean 4 code, we need to ensure that we are not using any undefined behavior,",fallback,generic_tac,Lua,False,However;Lean;The;are;automatically;behavior;being;code;does;ensure;interpreter;need;that;undefined;validity;version;we;writing,False,
157815,t1Space_iff,theorem t1Space_iff : T1Space (G ⧸ N) ↔ IsClosed (N : Set G),0,"_owned by a unique person (or group of people). The term is typically used in the context of a group of people who have a shared goal or task, and they work together to achieve it. For example, a team of researchers working on a scientific study, a group of students working on a project, or a",1.7,constrained,"_owned by a unique person (or group of people). The term is typically used in the context of a group of people who have a shared goal or task, and they work together to achieve it. For example, a team of researchers working on a scientific study, a group of students working on a project, or a",fallback,generic_tac,_owned,False,For;The;achieve;context;example;goal;people;person;researchers;scientific;shared;students;study;task;team;they;together;typically;used;who;work;working,False,
157815,t1Space_iff,theorem t1Space_iff : T1Space (G ⧸ N) ↔ IsClosed (N : Set G),1,"earnings (which is a ratio of income to total expenses) is 0.25 (or 25%). We are given that the ratio of expenses to savings is 0.75 (or 75%). We need to find the ratio of income to expenses, which is 0.6",1.69,constrained,"earnings (which is a ratio of income to total expenses) is 0.25 (or 25%). We are given that the ratio of expenses to savings is 0.75 (or 75%). We need to find the ratio of income to expenses, which is 0.6",fallback,generic_tac,earnings,False,We;are;expenses;given;income;need;savings;that;which,False,
157815,t1Space_iff,theorem t1Space_iff : T1Space (G ⧸ N) ↔ IsClosed (N : Set G),2,"agoniagonia (G ⧸ N) : IsClosed N ↔ IsClosed N := by simp [t1Space_iff_isClosed_iff_isOpen, isClosed_iff_isOpen] <;> aesop",1.2,constrained,"agoniagonia (G ⧸ N) : IsClosed N ↔ IsClosed N := by simp [t1Space_iff_isClosed_iff_isOpen, isClosed_iff_isOpen] <;> aesop",fallback,generic_tac,agoniagonia,False,isClosed_iff_isOpen;t1Space_iff_isClosed_iff_isOpen,False,
157815,t1Space_iff,theorem t1Space_iff : T1Space (G ⧸ N) ↔ IsClosed (N : Set G),3,|||lean```lean```lean```lean```lean```lean```lean```lean```lean```lean```lean```lean```lean```lean```lean```lean```lean```lean```lean```lean```lean```lean```lean```lean```lean```lean```lean```lean```lean```lean```lean```,1.78,constrained,|||lean```lean```lean```lean```lean```lean```lean```lean```lean```lean```lean```lean```lean```lean```lean```lean```lean```lean```lean```lean```lean```lean```lean```lean```lean```lean```lean```lean```lean```lean```lean,parse_fail,"No terminal matches '|' in the current parser context, at line 1 col 2",<punct>,True,lean,False,
157815,t1Space_iff,theorem t1Space_iff : T1Space (G ⧸ N) ↔ IsClosed (N : Set G),4,oonetactic lean4theorem t1Space_iff : T1Space (G ⧸ N) ↔ IsClosed (N : Set G) by sorry by sorry``````lean4theorem t1Space_iff : T1Space (G ⧸ N) ↔ IsClosed (N : Set G),1.7,constrained,oonetactic lean4theorem t1Space_iff : T1Space (G ⧸ N) ↔ IsClosed (N : Set G) by sorry by sorry``````lean4theorem t1Space_iff : T1Space (G ⧸ N) ↔ IsClosed (N : Set G),fallback,generic_tac,oonetactic,False,T1Space;lean4theorem,True,
157815,t1Space_iff,theorem t1Space_iff : T1Space (G ⧸ N) ↔ IsClosed (N : Set G),5,"licted to a new Lean 4 code file, and we need to find the proof strategy and write the `have` statements with `sorry`s. Here is the statement of the problem and the Lean 4 code we have to work with:```leanlean```lean```lean```lean```lean```lean```lean",1.7,constrained,"licted to a new Lean 4 code file, and we need to find the proof strategy and write the `have` statements with `sorry`s. Here is the statement of the problem and the Lean 4 code we have to work with:```leanlean```lean```lean```lean```lean```lean```lean",fallback,generic_tac,licted,False,Here;Lean;code;lean;leanlean;need;problem;statements;strategy;we;work,True,
157815,t1Space_iff,theorem t1Space_iff : T1Space (G ⧸ N) ↔ IsClosed (N : Set G),6,|||lean4lean4``````lean4``````````````````````````````````````````````````````````````````````````````````````````````````````````,1.8,constrained,|||lean4lean4``````lean4```````````````````````````````````````````````````````````````````````````````````````````````````````,parse_fail,"No terminal matches '|' in the current parser context, at line 1 col 2",<punct>,True,lean4;lean4lean4,False,
157815,t1Space_iff,theorem t1Space_iff : T1Space (G ⧸ N) ↔ IsClosed (N : Set G),7,_owned by the `IsClosed` instance for `N : Set G` when `G` is a `T1Space` and `N` is a normal subgroup of `G`. This is a known result in group theory and topology. Here is the step-by-step reasoning to prove this equivalence:1. **,1.71,constrained,_owned by the `IsClosed` instance for `N : Set G` when `G` is a `T1Space` and `N` is a normal subgroup of `G`. This is a known result in group theory and topology. Here is the step-by-step reasoning to prove this equivalence:1. **,fallback,generic_tac,_owned,False,Here;T1Space;This;instance;known;prove;reasoning;theory;when,False,
6956,prod_comp_prodMap,theorem prod_comp_prodMap (f : P →ₙ* M) (g : P →ₙ* N) (f' : M →ₙ* M') (g' : N →ₙ* N') : (f'.prodMap g').comp (f.prod g) = (f'.comp f).prod (g'.comp g),0,"Lua 4 is a powerful and flexible programming language with a large standard library, but it can be tricky to use in certain scenarios. Here is a step-by-step explanation of the error and how to fix it, followed by the corrected code. The error is related to the use of `--` for comments, which",1.72,constrained,"Lua 4 is a powerful and flexible programming language with a large standard library, but it can be tricky to use in certain scenarios. Here is a step-by-step explanation of the error and how to fix it, followed by the corrected code. The error is related to the use of `--` for comments, which",fallback,generic_tac,Lua,False,Here;The;be;but;can;certain;comments;corrected;explanation;followed;how;it;large;library;powerful;programming;related;tricky;which,False,
6956,prod_comp_prodMap,theorem prod_comp_prodMap (f : P →ₙ* M) (g : P →ₙ* N) (f' : M →ₙ* M') (g' : N →ₙ* N') : (f'.prodMap g').comp (f.prod g) = (f'.comp f).prod (g'.comp g),1,agonize (f : P →ₙ* M) (g : P →ₙ* N) (f' : M →ₙ* M') (g' : N →ₙ* N') : (f'.prodMap g').comp (f.prod g) = (f'.comp f,1.71,constrained,agonize (f : P →ₙ* M) (g : P →ₙ* N) (f' : M →ₙ* M') (g' : N →ₙ* N') : (f'.prodMap g').comp (f.prod g) = (f'.comp f,fallback,generic_tac,agonize,False,M',False,
6956,prod_comp_prodMap,theorem prod_comp_prodMap (f : P →ₙ* M) (g : P →ₙ* N) (f' : M →ₙ* M') (g' : N →ₙ* N') : (f'.prodMap g').comp (f.prod g) = (f'.comp f).prod (g'.comp g),2,"agonies and struggles to find the right path, and I finally find that the Lean 4 statement is actually incomplete or incorrect as written. The theorem is about the composition of maps between product types, but the Lean code uses `ℕ` instead of `P`, `M`, `N`, etc., and the composition",1.71,constrained,"agonies and struggles to find the right path, and I finally find that the Lean 4 statement is actually incomplete or incorrect as written. The theorem is about the composition of maps between product types, but the Lean code uses `ℕ` instead of `P`, `M`, `N`, etc., and the composition",fallback,generic_tac,agonies,False,Lean;The;about;actually;as;but;code;finally;incomplete;incorrect;instead;maps;struggles;that;theorem;uses,False,
6956,prod_comp_prodMap,theorem prod_comp_prodMap (f : P →ₙ* M) (g : P →ₙ* N) (f' : M →ₙ* M') (g' : N →ₙ* N') : (f'.prodMap g').comp (f.prod g) = (f'.comp f).prod (g'.comp g),3,have h₁ : (f'.prodMap g').comp (f.prod g) = (f'.prodMap g').comp (f.prod g) := by rfl,0.95,constrained,have h₁ : (f'.prodMap g').comp (f.prod g) = (f'.prodMap g').comp (f.prod g) := by rfl,named,have_tac,have,True,,False,
6956,prod_comp_prodMap,theorem prod_comp_prodMap (f : P →ₙ* M) (g : P →ₙ* N) (f' : M →ₙ* M') (g' : N →ₙ* N') : (f'.prodMap g').comp (f.prod g) = (f'.comp f).prod (g'.comp g),4,"old version of Mathlib. The actual theorem statement is different and the correct Lean 4 statement is as above. The original problem is about the composition of products of non-linear maps, and the theorem is about the composition of products of maps (with some extra conditions). The proof is straightforward by definition and associativity of",1.7,constrained,"old version of Mathlib. The actual theorem statement is different and the correct Lean 4 statement is as above. The original problem is about the composition of products of non-linear maps, and the theorem is about the composition of products of maps (with some extra conditions). The proof is straightforward by definition and associativity of",fallback,generic_tac,old,False,Lean;The;about;actual;as;conditions;correct;definition;different;extra;maps;non;original;problem;products;straightforward;theorem;version,False,
6956,prod_comp_prodMap,theorem prod_comp_prodMap (f : P →ₙ* M) (g : P →ₙ* N) (f' : M →ₙ* M') (g' : N →ₙ* N') : (f'.prodMap g').comp (f.prod g) = (f'.comp f).prod (g'.comp g),5,"Lua 4.0.0 is a programming language that supports both object-oriented and functional programming, as well as a powerful library of standard functions. It is used for a wide range of applications, including game development, web development, and automation. The language is designed to be easy to learn and use, and it",1.7,constrained,"Lua 4.0.0 is a programming language that supports both object-oriented and functional programming, as well as a powerful library of standard functions. It is used for a wide range of applications, including game development, web development, and automation. The language is designed to be easy to learn and use, and it",fallback,generic_tac,Lua,False,It;The;applications;as;be;both;designed;development;easy;functional;game;including;it;learn;library;object;oriented;powerful;programming;supports;that;used;web;well;wide,False,
6956,prod_comp_prodMap,theorem prod_comp_prodMap (f : P →ₙ* M) (g : P →ₙ* N) (f' : M →ₙ* M') (g' : N →ₙ* N') : (f'.prodMap g').comp (f.prod g) = (f'.comp f).prod (g'.comp g),6,"Lua is a dynamically typed, interpreted, and open source programming language designed for general-purpose use. It is well-known for its use in web development, but it is also used in a wide range of other applications, including game development, artificial intelligence, and embedded systems. One of the key features of Lean is its type",1.7,constrained,"Lua is a dynamically typed, interpreted, and open source programming language designed for general-purpose use. It is well-known for its use in web development, but it is also used in a wide range of other applications, including game development, artificial intelligence, and embedded systems. One of the key features of Lean is its type",fallback,generic_tac,Lua,False,It;Lean;One;also;applications;artificial;but;designed;development;dynamically;embedded;features;game;general;including;intelligence;interpreted;it;its;known;programming;purpose;typed;used;web;well;wide,False,
6956,prod_comp_prodMap,theorem prod_comp_prodMap (f : P →ₙ* M) (g : P →ₙ* N) (f' : M →ₙ* M') (g' : N →ₙ* N') : (f'.prodMap g').comp (f.prod g) = (f'.comp f).prod (g'.comp g),7,old_33333333333333333333333333333333333333333333333333333333333333,1.75,constrained,old_33333333333333333333333333333333333333333333333333333333333333,fallback,generic_tac,old_33333333333333333333333333333333333333333333333333333333333333,False,,False,
147127,isHomogeneous_one,theorem isHomogeneous_one : IsHomogeneous (1 : MvPolynomial σ R) 0,0,night_owl_346284341813376875042211855493782789728475392932558888329518,1.75,constrained,night_owl_346284341813376875042211855493782789728475392932558888329518,fallback,generic_tac,night_owl_346284341813376875042211855493782789728475392932558888329518,False,,False,
147127,isHomogeneous_one,theorem isHomogeneous_one : IsHomogeneous (1 : MvPolynomial σ R) 0,1,"houses of 1200 m² and 200 m², which are 16 and 4 times the size of the other. We have a total of 4000 m², which is 40% of the available land. What is the total area of the available",1.69,constrained,"houses of 1200 m² and 200 m², which are 16 and 4 times the size of the other. We have a total of 4000 m², which is 40% of the available land. What is the total area of the available",fallback,generic_tac,houses,False,We;What;are;area;available;times;which,False,
147127,isHomogeneous_one,theorem isHomogeneous_one : IsHomogeneous (1 : MvPolynomial σ R) 0,2,"houses are not allowed to be built in the specified area. This is a restriction on the type of houses. In a general context, a restriction could be a condition that is imposed, such as a limit on the size of a house or a requirement that all houses must be of a certain type. However, in the",1.69,constrained,"houses are not allowed to be built in the specified area. This is a restriction on the type of houses. In a general context, a restriction could be a condition that is imposed, such as a limit on the size of a house or a requirement that all houses must be of a certain type. However, in the",fallback,generic_tac,houses,False,However;In;This;are;as;be;built;certain;context;could;general;houses;imposed;must;requirement;specified;such;that,False,
147127,isHomogeneous_one,theorem isHomogeneous_one : IsHomogeneous (1 : MvPolynomial σ R) 0,3,"aciones en Lean, no. No me digas. No. No me digas. No me digas. No me digas. No me digas. No me digas. No me digas. No me digas. No me digas. No me digas. No me digas. No",1.69,constrained,"aciones en Lean, no. No me digas. No. No me digas. No me digas. No me digas. No me digas. No me digas. No me digas. No me digas. No me digas. No me digas. No me digas. No",fallback,generic_tac,aciones,False,Lean;No;en;me,False,
147127,isHomogeneous_one,theorem isHomogeneous_one : IsHomogeneous (1 : MvPolynomial σ R) 0,4,agoniagoniagoniagoniagoniagoniagoniagoniagoniagoniagoniagoniagoniagoniagoniagoniagoniagoniagoniagoniagoniagoniagoniagoniagoniagoniagoniagoniagoniagoniagoniagoni,1.76,constrained,agoniagoniagoniagoniagoniagoniagoniagoniagoniagoniagoniagoniagoniagoniagoniagoniagoniagoniagoniagoniagoniagoniagoniagoniagoniagoniagoniagoniagoniagoniagoniagoni,fallback,generic_tac,agoniagoniagoniagoniagoniagoniagoniagoniagoniagoniagoniagoniagoniagoniagoniagoniagoniagoniagoniagoniagoniagoniagoniagoniagoniagoniagoniagoniagoniagoniagoniagoni,False,,False,
147127,isHomogeneous_one,theorem isHomogeneous_one : IsHomogeneous (1 : MvPolynomial σ R) 0,5,"odef IsHomogeneous (p : MvPolynomial σ R) (n : ℕ) : Prop := p ≠ 0 ∧ ∀ (s : Finset σ), ∀ (f : σ → R), (p.eval f) = 0 ↔ (∀ (i : σ), i ∉ s →",1.7,constrained,"odef IsHomogeneous (p : MvPolynomial σ R) (n : ℕ) : Prop := p ≠ 0 ∧ ∀ (s : Finset σ), ∀ (f : σ → R), (p.eval f) = 0 ↔ (∀ (i : σ), i ∉ s →",fallback,generic_tac,odef,False,Finset,False,
147127,isHomogeneous_one,theorem isHomogeneous_one : IsHomogeneous (1 : MvPolynomial σ R) 0,6,"Lua 4 tactics are used to manipulate the state of the proof environment. In the context of the `isHomogeneous_one` theorem, we are to prove that the constant polynomial `1` is homogeneous of degree `0` in the polynomial ring `MvPolynomial σ R`. Here is a step-by-step",1.71,constrained,"Lua 4 tactics are used to manipulate the state of the proof environment. In the context of the `isHomogeneous_one` theorem, we are to prove that the constant polynomial `1` is homogeneous of degree `0` in the polynomial ring `MvPolynomial σ R`. Here is a step-by-step",fallback,generic_tac,Lua,False,Here;In;are;context;manipulate;prove;state;tactics;that;theorem;used;we,False,
147127,isHomogeneous_one,theorem isHomogeneous_one : IsHomogeneous (1 : MvPolynomial σ R) 0,7,"aciones (MvPolynomial σ R)` is a homogeneous polynomial if it can be written as a sum of monomials of the same degree. Here, `1` is a constant polynomial, and we need to prove it is homogeneous of degree `0`. This means we need to show that all terms in the",1.72,constrained,"aciones (MvPolynomial σ R)` is a homogeneous polynomial if it can be written as a sum of monomials of the same degree. Here, `1` is a constant polynomial, and we need to prove it is homogeneous of degree `0`. This means we need to show that all terms in the",fallback,generic_tac,aciones,False,Here;This;as;be;can;it;means;monomials;need;prove;same;terms;that;we;written,False,
52124,geom_series_mul_one_add,"theorem geom_series_mul_one_add (x : R) (h : ‖x‖ < 1) : (1 + x) * ∑' i : ℕ, x ^ i = 2 * ∑' i : ℕ, x ^ i - 1",0,"theorem geom_series_mul_one_add (x : R) (h : ‖x‖ < 1) : (1 + x) * ∑' i : ℕ, x ^ i = 2 * ∑' i : ℕ, x ^ i - 1 by sorry```lean4theorem geom_series",1.73,constrained,"theorem geom_series_mul_one_add (x : R) (h : ‖x‖ < 1) : (1 + x) * ∑' i : ℕ, x ^ i = 2 * ∑' i : ℕ, x ^ i - 1 by sorry```lean4theorem geom_series",fallback,generic_tac,theorem,False,geom_series;lean4theorem,True,
52124,geom_series_mul_one_add,"theorem geom_series_mul_one_add (x : R) (h : ‖x‖ < 1) : (1 + x) * ∑' i : ℕ, x ^ i = 2 * ∑' i : ℕ, x ^ i - 1",1,"aciones for the first step in the proof. We need to find a reasonable first step to prove the statement. The statement involves geometric series and norms, so we need to use properties of geometric series and norms in a ring R with a norm. Here are the steps to find a reasonable first step in the proof: ",1.72,constrained,"aciones for the first step in the proof. We need to find a reasonable first step to prove the statement. The statement involves geometric series and norms, so we need to use properties of geometric series and norms in a ring R with a norm. Here are the steps to find a reasonable first step in the proof:",fallback,generic_tac,aciones,False,Here;The;We;are;geometric;involves;need;norms;properties;prove;reasonable;series;steps;we,False,
52124,geom_series_mul_one_add,"theorem geom_series_mul_one_add (x : R) (h : ‖x‖ < 1) : (1 + x) * ∑' i : ℕ, x ^ i = 2 * ∑' i : ℕ, x ^ i - 1",2,"ization that might be required to prove this statement. We will need to carefully consider the convergence of the series and the properties of the norm. Here is the proof outline with detailed reasoning and `have` statements. The actual Lean 4 proof will be constructed based on this outline, ensuring that all statements are correctly justified and",1.71,constrained,"ization that might be required to prove this statement. We will need to carefully consider the convergence of the series and the properties of the norm. Here is the proof outline with detailed reasoning and `have` statements. The actual Lean 4 proof will be constructed based on this outline, ensuring that all statements are correctly justified and",fallback,generic_tac,ization,False,Here;Lean;The;We;actual;are;based;be;carefully;consider;constructed;convergence;correctly;detailed;ensuring;justified;might;need;outline;properties;prove;reasoning;required;series;statements;that;will,False,
52124,geom_series_mul_one_add,"theorem geom_series_mul_one_add (x : R) (h : ‖x‖ < 1) : (1 + x) * ∑' i : ℕ, x ^ i = 2 * ∑' i : ℕ, x ^ i - 1",3,"LaTeX 4 theorem statement is a bit unclear because the variable `R` is not defined. Assuming `R` is the real numbers (`ℝ`), and the notation `‖x‖` is the absolute value (or norm) of `x`, the Lean 4 theorem is incorrect as stated because it claims",1.7,constrained,"LaTeX 4 theorem statement is a bit unclear because the variable `R` is not defined. Assuming `R` is the real numbers (`ℝ`), and the notation `‖x‖` is the absolute value (or norm) of `x`, the Lean 4 theorem is incorrect as stated because it claims",fallback,generic_tac,LaTeX,False,Assuming;Lean;absolute;as;because;claims;incorrect;it;notation;numbers;stated;theorem;unclear;variable,False,
52124,geom_series_mul_one_add,"theorem geom_series_mul_one_add (x : R) (h : ‖x‖ < 1) : (1 + x) * ∑' i : ℕ, x ^ i = 2 * ∑' i : ℕ, x ^ i - 1",4,"licted by a contradiction. The theorem states that for any real number `x` with `‖x‖ < 1`, the product `(1 + x)` times the sum of the geometric series `∑' i : ℕ, x ^ i` is equal to `2 * ∑' i : ℕ, x",1.71,constrained,"licted by a contradiction. The theorem states that for any real number `x` with `‖x‖ < 1`, the product `(1 + x)` times the sum of the geometric series `∑' i : ℕ, x ^ i` is equal to `2 * ∑' i : ℕ, x",fallback,generic_tac,licted,False,The;geometric;number;series;states;that;theorem;times,False,
52124,geom_series_mul_one_add,"theorem geom_series_mul_one_add (x : R) (h : ‖x‖ < 1) : (1 + x) * ∑' i : ℕ, x ^ i = 2 * ∑' i : ℕ, x ^ i - 1",5,| 0 | 0 | 0 | 0 | 0 | 0 | 0 | 0 | 0 | 0 | 0 | 0 | 0 | 0 | 0 | 0 | 0 | 0 | 0 | 0 | 0 |,1.81,constrained,| 0 | 0 | 0 | 0 | 0 | 0 | 0 | 0 | 0 | 0 | 0 | 0 | 0 | 0 | 0 | 0 | 0 | 0 | 0 | 0 | 0 |,parse_fail,"No terminal matches '0' in the current parser context, at line 1 col 3",<punct>,True,,False,
52124,geom_series_mul_one_add,"theorem geom_series_mul_one_add (x : R) (h : ‖x‖ < 1) : (1 + x) * ∑' i : ℕ, x ^ i = 2 * ∑' i : ℕ, x ^ i - 1",6,|```lean```lean```lean```lean4```lean```lean```lean```lean```lean```lean```lean```lean```lean```lean```lean```lean```lean```lean```lean```lean```lean```lean```lean```lean```lean```lean```lean```lean```lean```lean```lean,1.81,constrained,|```lean```lean```lean```lean4```lean```lean```lean```lean```lean```lean```lean```lean```lean```lean```lean```lean```lean```lean```lean```lean```lean```lean```lean```lean```lean```lean```lean```lean```lean```lean```lean,parse_fail,"No terminal matches '`' in the current parser context, at line 1 col 2",<punct>,True,lean;lean4,False,
52124,geom_series_mul_one_add,"theorem geom_series_mul_one_add (x : R) (h : ‖x‖ < 1) : (1 + x) * ∑' i : ℕ, x ^ i = 2 * ∑' i : ℕ, x ^ i - 1",7,"aciones (R, _) is a complete normed field, and the theorem is about `R` being a complete normed field. The theorem statement uses the norm `‖x‖` and the power series `∑' i : ℕ, x ^ i`, which are defined in `Mathlib` for complete norm",1.72,constrained,"aciones (R, _) is a complete normed field, and the theorem is about `R` being a complete normed field. The theorem statement uses the norm `‖x‖` and the power series `∑' i : ℕ, x ^ i`, which are defined in `Mathlib` for complete norm",fallback,generic_tac,aciones,False,Mathlib;The;about;are;being;defined;series;theorem;uses;which,False,
170363,UpperSemicontinuousAt,theorem UpperSemicontinuousAt.add {f g : α → γ} (hf : UpperSemicontinuousAt f x) (hg : UpperSemicontinuousAt g x) : UpperSemicontinuousAt (fun z => f z + g z) x,0,old / x / 2 / 2 / 2 / 2 / 2 / 2 / 2 / 2 / 2 / 2 / 2 / 2 / 2 / 2 / 2 / 2 / 2 / 2 / 2 / 2 /,1.72,constrained,old / x / 2 / 2 / 2 / 2 / 2 / 2 / 2 / 2 / 2 / 2 / 2 / 2 / 2 / 2 / 2 / 2 / 2 / 2 / 2 / 2 /,fallback,generic_tac,old,False,,False,
170363,UpperSemicontinuousAt,theorem UpperSemicontinuousAt.add {f g : α → γ} (hf : UpperSemicontinuousAt f x) (hg : UpperSemicontinuousAt g x) : UpperSemicontinuousAt (fun z => f z + g z) x,1,"old and new in mathlib 4.0.0.0.12 (2017-11-01).zip, Lean 4.0.0.0.12, 2017-11-01, 156.89M",1.71,constrained,"old and new in mathlib 4.0.0.0.12 (2017-11-01).zip, Lean 4.0.0.0.12, 2017-11-01, 156.89M",fallback,generic_tac,old,False,Lean;mathlib,False,
170363,UpperSemicontinuousAt,theorem UpperSemicontinuousAt.add {f g : α → γ} (hf : UpperSemicontinuousAt f x) (hg : UpperSemicontinuousAt g x) : UpperSemicontinuousAt (fun z => f z + g z) x,2,"lean4tactic = tactic to prove the statement using Lean 4 tactics, but you are not allowed to use any `have` statements or `sorry` tactics. You are also not allowed to use `intro` or `obtain` tactics. You must use the `sorry` tactic to skip the proof,",1.71,constrained,"lean4tactic = tactic to prove the statement using Lean 4 tactics, but you are not allowed to use any `have` statements or `sorry` tactics. You are also not allowed to use `intro` or `obtain` tactics. You must use the `sorry` tactic to skip the proof,",fallback,generic_tac,lean4tactic,False,Lean;You;also;are;but;must;prove;statements;tactics;you,True,
170363,UpperSemicontinuousAt,theorem UpperSemicontinuousAt.add {f g : α → γ} (hf : UpperSemicontinuousAt f x) (hg : UpperSemicontinuousAt g x) : UpperSemicontinuousAt (fun z => f z + g z) x,3,"_io is the output of a previous step, and the current step is to prove `UpperSemicontinuousAt (fun z => f z + g z) x`. We have `hf : UpperSemicontinuousAt f x` and `hg : UpperSemicontinuousAt g x",1.7,constrained,"_io is the output of a previous step, and the current step is to prove `UpperSemicontinuousAt (fun z => f z + g z) x`. We have `hf : UpperSemicontinuousAt f x` and `hg : UpperSemicontinuousAt g x",fallback,generic_tac,_io,False,We;current;output;previous;prove,False,
170363,UpperSemicontinuousAt,theorem UpperSemicontinuousAt.add {f g : α → γ} (hf : UpperSemicontinuousAt f x) (hg : UpperSemicontinuousAt g x) : UpperSemicontinuousAt (fun z => f z + g z) x,4,"izations of upper semicontinuous functions, etc. But the problem seems to be in the statement of the theorem itself. The Lean 4 statement is not valid, as `UpperSemicontinuousAt` is not a known definition in Mathlib. The correct theorem would be something like `ContinuousAt.add",1.71,constrained,"izations of upper semicontinuous functions, etc. But the problem seems to be in the statement of the theorem itself. The Lean 4 statement is not valid, as `UpperSemicontinuousAt` is not a known definition in Mathlib. The correct theorem would be something like `ContinuousAt.add",fallback,generic_tac,izations,False,But;Lean;The;as;be;correct;definition;functions;known;like;problem;seems;semicontinuous;something;theorem;would,False,
170363,UpperSemicontinuousAt,theorem UpperSemicontinuousAt.add {f g : α → γ} (hf : UpperSemicontinuousAt f x) (hg : UpperSemicontinuousAt g x) : UpperSemicontinuousAt (fun z => f z + g z) x,5,old_num : ℕ := 1101101101101101101101101101101101101101101101101101101101,1.73,constrained,old_num : ℕ := 1101101101101101101101101101101101101101101101101101101101,fallback,generic_tac,old_num,False,,False,
170363,UpperSemicontinuousAt,theorem UpperSemicontinuousAt.add {f g : α → γ} (hf : UpperSemicontinuousAt f x) (hg : UpperSemicontinuousAt g x) : UpperSemicontinuousAt (fun z => f z + g z) x,6,agonies of the 19th-century.,0.33,constrained,agonies of the 19th-century.,fallback,generic_tac,agonies,False,th,False,
170363,UpperSemicontinuousAt,theorem UpperSemicontinuousAt.add {f g : α → γ} (hf : UpperSemicontinuousAt f x) (hg : UpperSemicontinuousAt g x) : UpperSemicontinuousAt (fun z => f z + g z) x,7,ization of the concept of upper semicontinuity at a point. The upper semicontinuity of a function at a point means that the limit superior of the function is less than or equal to the function value at that point. The addition of two upper semicontinuous functions is also upper semicontinuous,1.7,constrained,ization of the concept of upper semicontinuity at a point. The upper semicontinuity of a function at a point means that the limit superior of the function is less than or equal to the function value at that point. The addition of two upper semicontinuous functions is also upper semicontinuous,fallback,generic_tac,ization,False,The;addition;also;concept;functions;less;means;semicontinuity;semicontinuous;superior;than;that,False,
142853,CommRingCat,lemma CommRingCat.finrank_eq_of_isPushout {R S T P : CommRingCat.{u}} {f : R ⟶ S} {g : R ⟶ T} {inl : S ⟶ P} {inr : T ⟶ P} (h : CategoryTheory.IsPushout f g inl inr) (hf : f.hom.Flat) (hfin : f.hom.Finite) (x : PrimeSpectrum T) : inr.hom.finrank x = f.hom.finrank (PrimeSpectrum.comap g.hom x),0,ewood666666666666666666666666666666666666666666666666666666666666666,1.78,constrained,ewood666666666666666666666666666666666666666666666666666666666666666,fallback,generic_tac,ewood666666666666666666666666666666666666666666666666666666666666666,False,,False,
142853,CommRingCat,lemma CommRingCat.finrank_eq_of_isPushout {R S T P : CommRingCat.{u}} {f : R ⟶ S} {g : R ⟶ T} {inl : S ⟶ P} {inr : T ⟶ P} (h : CategoryTheory.IsPushout f g inl inr) (hf : f.hom.Flat) (hfin : f.hom.Finite) (x : PrimeSpectrum T) : inr.hom.finrank x = f.hom.finrank (PrimeSpectrum.comap g.hom x),1,ewood332221454444444444444444444444444444444444444444444444444444444,1.76,constrained,ewood332221454444444444444444444444444444444444444444444444444444444,fallback,generic_tac,ewood332221454444444444444444444444444444444444444444444444444444444,False,,False,
142853,CommRingCat,lemma CommRingCat.finrank_eq_of_isPushout {R S T P : CommRingCat.{u}} {f : R ⟶ S} {g : R ⟶ T} {inl : S ⟶ P} {inr : T ⟶ P} (h : CategoryTheory.IsPushout f g inl inr) (hf : f.hom.Flat) (hfin : f.hom.Finite) (x : PrimeSpectrum T) : inr.hom.finrank x = f.hom.finrank (PrimeSpectrum.comap g.hom x),2,"Lua is a programming language that is designed for easy manipulation of data, particularly useful for numerical computations and scripting. It is based on the principles of functional programming and has a simple, consistent syntax. One of the key features of Lean is its ability to automatically infer the types of variables, which simplifies the syntax and reduces",1.71,constrained,"Lua is a programming language that is designed for easy manipulation of data, particularly useful for numerical computations and scripting. It is based on the principles of functional programming and has a simple, consistent syntax. One of the key features of Lean is its ability to automatically infer the types of variables, which simplifies the syntax and reduces",fallback,generic_tac,Lua,False,It;Lean;One;ability;automatically;based;computations;consistent;designed;easy;features;functional;has;infer;its;manipulation;numerical;particularly;principles;programming;reduces;simplifies;syntax;that;useful;variables;which,False,
142853,CommRingCat,lemma CommRingCat.finrank_eq_of_isPushout {R S T P : CommRingCat.{u}} {f : R ⟶ S} {g : R ⟶ T} {inl : S ⟶ P} {inr : T ⟶ P} (h : CategoryTheory.IsPushout f g inl inr) (hf : f.hom.Flat) (hfin : f.hom.Finite) (x : PrimeSpectrum T) : inr.hom.finrank x = f.hom.finrank (PrimeSpectrum.comap g.hom x),3,"_owned by a `by` clause or tactic, and `by` is only allowed at the very beginning of the proof. However, the tactic is incomplete (no `by` is present), so we cannot directly apply the tactic as given. The tactic `have h₁ : inr.hom.finrank x = f",1.71,constrained,"_owned by a `by` clause or tactic, and `by` is only allowed at the very beginning of the proof. However, the tactic is incomplete (no `by` is present), so we cannot directly apply the tactic as given. The tactic `have h₁ : inr.hom.finrank x = f",fallback,generic_tac,_owned,False,However;The;as;beginning;cannot;clause;directly;incomplete;no;present;very;we,False,
142853,CommRingCat,lemma CommRingCat.finrank_eq_of_isPushout {R S T P : CommRingCat.{u}} {f : R ⟶ S} {g : R ⟶ T} {inl : S ⟶ P} {inr : T ⟶ P} (h : CategoryTheory.IsPushout f g inl inr) (hf : f.hom.Flat) (hfin : f.hom.Finite) (x : PrimeSpectrum T) : inr.hom.finrank x = f.hom.finrank (PrimeSpectrum.comap g.hom x),4,"Lua 4 (Lean 4) is a programming language that is designed to be a successor to the C++ and C++ 2001 languages. It is a strongly typed and object-oriented language with a simple syntax. The `theorem` statement provided is not syntactically valid in Lean 4,",1.72,constrained,"Lua 4 (Lean 4) is a programming language that is designed to be a successor to the C++ and C++ 2001 languages. It is a strongly typed and object-oriented language with a simple syntax. The `theorem` statement provided is not syntactically valid in Lean 4,",fallback,generic_tac,Lua,False,It;Lean;The;be;designed;object;oriented;programming;provided;successor;syntactically;that;theorem;typed,False,
142853,CommRingCat,lemma CommRingCat.finrank_eq_of_isPushout {R S T P : CommRingCat.{u}} {f : R ⟶ S} {g : R ⟶ T} {inl : S ⟶ P} {inr : T ⟶ P} (h : CategoryTheory.IsPushout f g inl inr) (hf : f.hom.Flat) (hfin : f.hom.Finite) (x : PrimeSpectrum T) : inr.hom.finrank x = f.hom.finrank (PrimeSpectrum.comap g.hom x),5,|\n| => |x| => |x| => |x| => |x| => |x| => |x| => |x| => |x| => |x| => |x| => |x| => |x| =,1.78,constrained,|\n| => |x| => |x| => |x| => |x| => |x| => |x| => |x| => |x| => |x| => |x| => |x| => |x| =,parse_fail,"No terminal matches 'x' in the current parser context, at line 1 col 87",<punct>,True,,False,
142853,CommRingCat,lemma CommRingCat.finrank_eq_of_isPushout {R S T P : CommRingCat.{u}} {f : R ⟶ S} {g : R ⟶ T} {inl : S ⟶ P} {inr : T ⟶ P} (h : CategoryTheory.IsPushout f g inl inr) (hf : f.hom.Flat) (hfin : f.hom.Finite) (x : PrimeSpectrum T) : inr.hom.finrank x = f.hom.finrank (PrimeSpectrum.comap g.hom x),6,"aciones is a ring map, and the hypotheses provide some information about the finiteness and flatness of the ring maps and the structure of the pushout. However, in the absence of any hypotheses about the finiteness of the ring maps or the flatness of the maps, the problem seems underconstrained,",1.71,constrained,"aciones is a ring map, and the hypotheses provide some information about the finiteness and flatness of the ring maps and the structure of the pushout. However, in the absence of any hypotheses about the finiteness of the ring maps or the flatness of the maps, the problem seems underconstrained,",fallback,generic_tac,aciones,False,However;about;absence;flatness;hypotheses;information;maps;problem;provide;seems;underconstrained,False,
142853,CommRingCat,lemma CommRingCat.finrank_eq_of_isPushout {R S T P : CommRingCat.{u}} {f : R ⟶ S} {g : R ⟶ T} {inl : S ⟶ P} {inr : T ⟶ P} (h : CategoryTheory.IsPushout f g inl inr) (hf : f.hom.Flat) (hfin : f.hom.Finite) (x : PrimeSpectrum T) : inr.hom.finrank x = f.hom.finrank (PrimeSpectrum.comap g.hom x),7,"_owned by a finite subset of R (i.e., R is Noetherian). However, the theorem statement does not assume that R is Noetherian, so we need to be careful. The hypotheses are that R, S, T are commutative rings, and f, g are ring homomorphisms",1.71,constrained,"_owned by a finite subset of R (i.e., R is Noetherian). However, the theorem statement does not assume that R is Noetherian, so we need to be careful. The hypotheses are that R, S, T are commutative rings, and f, g are ring homomorphisms",fallback,generic_tac,_owned,False,However;Noetherian;The;are;be;commutative;does;homomorphisms;hypotheses;need;rings;that;theorem;we,False,
109974,tprod_tprod,"theorem tprod_tprod (l : List δ) (μ : ∀ i, Measure (X i)) [∀ i, SigmaFinite (μ i)] (s : ∀ i, Set (X i)) : Measure.tprod l μ (Set.tprod l s) = (l.map fun i => (μ i) (s i)).prod",0,"agona (14.11.2023 12:04:46) : The theorem statement is incomplete or incorrect because the goal does not match the actual theorem statement. The actual theorem statement is likely intended to be about the product of measures over a list of spaces, but the",1.72,constrained,"agona (14.11.2023 12:04:46) : The theorem statement is incomplete or incorrect because the goal does not match the actual theorem statement. The actual theorem statement is likely intended to be about the product of measures over a list of spaces, but the",fallback,generic_tac,agona,False,The;about;actual;be;because;but;does;goal;incomplete;incorrect;intended;likely;measures;spaces;theorem,False,
109974,tprod_tprod,"theorem tprod_tprod (l : List δ) (μ : ∀ i, Measure (X i)) [∀ i, SigmaFinite (μ i)] (s : ∀ i, Set (X i)) : Measure.tprod l μ (Set.tprod l s) = (l.map fun i => (μ i) (s i)).prod",1,aidu199123456789012345678901234567890123456789012345678901234567890,1.78,constrained,aidu199123456789012345678901234567890123456789012345678901234567890,fallback,generic_tac,aidu199123456789012345678901234567890123456789012345678901234567890,False,,False,
109974,tprod_tprod,"theorem tprod_tprod (l : List δ) (μ : ∀ i, Measure (X i)) [∀ i, SigmaFinite (μ i)] (s : ∀ i, Set (X i)) : Measure.tprod l μ (Set.tprod l s) = (l.map fun i => (μ i) (s i)).prod",2,aidu198245330333233433763699233015320183316584414559105551945918493,1.77,constrained,aidu198245330333233433763699233015320183316584414559105551945918493,fallback,generic_tac,aidu198245330333233433763699233015320183316584414559105551945918493,False,,False,
109974,tprod_tprod,"theorem tprod_tprod (l : List δ) (μ : ∀ i, Measure (X i)) [∀ i, SigmaFinite (μ i)] (s : ∀ i, Set (X i)) : Measure.tprod l μ (Set.tprod l s) = (l.map fun i => (μ i) (s i)).prod",3,"earn4 theorem. The theorem is about the product of measures over a list of indices. The `tprod` function is used to take the product of measures and sets over a list of indices, and the theorem states that the product of the measures over the product of the sets is equal to the product of the measures",1.72,constrained,"earn4 theorem. The theorem is about the product of measures over a list of indices. The `tprod` function is used to take the product of measures and sets over a list of indices, and the theorem states that the product of the measures over the product of the sets is equal to the product of the measures",fallback,generic_tac,earn4,False,The;about;indices;measures;states;that;theorem;used,False,
109974,tprod_tprod,"theorem tprod_tprod (l : List δ) (μ : ∀ i, Measure (X i)) [∀ i, SigmaFinite (μ i)] (s : ∀ i, Set (X i)) : Measure.tprod l μ (Set.tprod l s) = (l.map fun i => (μ i) (s i)).prod",4,"aciones in the given theorem statement and provide a reasonable first proof step in Lean 4. The proof step should directly address the given theorem statement, and no further explanation is needed. The `have` statements should use `sorry` and should only include `sorry` as the proof. The Lean 4 code should use",1.71,constrained,"aciones in the given theorem statement and provide a reasonable first proof step in Lean 4. The proof step should directly address the given theorem statement, and no further explanation is needed. The `have` statements should use `sorry` and should only include `sorry` as the proof. The Lean 4 code should use",fallback,generic_tac,aciones,False,Lean;The;address;as;code;directly;explanation;further;given;include;no;provide;reasonable;should;statements;theorem,True,
109974,tprod_tprod,"theorem tprod_tprod (l : List δ) (μ : ∀ i, Measure (X i)) [∀ i, SigmaFinite (μ i)] (s : ∀ i, Set (X i)) : Measure.tprod l μ (Set.tprod l s) = (l.map fun i => (μ i) (s i)).prod",5,_owned222222222222222222222222222222222222222222222222222222222222222,1.77,constrained,_owned222222222222222222222222222222222222222222222222222222222222222,fallback,generic_tac,_owned222222222222222222222222222222222222222222222222222222222222222,False,,False,
109974,tprod_tprod,"theorem tprod_tprod (l : List δ) (μ : ∀ i, Measure (X i)) [∀ i, SigmaFinite (μ i)] (s : ∀ i, Set (X i)) : Measure.tprod l μ (Set.tprod l s) = (l.map fun i => (μ i) (s i)).prod",6,|||lean### Detailed Analysis and Proof Sketch### Detailed Proof and Explanation### Abstract Plan### Step-by-Step Proof Sketch### Lean 4 `have` Statements### Complete Lean 4 Proof### Final Answer### Explanation### Complete Lean 4 Proof### Explanation### Complete Lean 4 Proof### Explanation### Complete Lean 4,1.82,constrained,|||lean### Detailed Analysis and Proof Sketch### Detailed Proof and Explanation### Abstract Plan### Step-by-Step Proof Sketch### Lean 4 `have` Statements### Complete Lean 4 Proof### Final Answer### Explanation### Complete Lean 4 Proof### Explanation### Complete Lean 4 Proof### Explanation### Complete Lean 4,parse_fail,"No terminal matches '|' in the current parser context, at line 1 col 2",<punct>,True,Abstract;Analysis;Answer;Complete;Detailed;Explanation;Final;Lean;Plan;Proof;Sketch;Statements;Step;lean,False,
109974,tprod_tprod,"theorem tprod_tprod (l : List δ) (μ : ∀ i, Measure (X i)) [∀ i, SigmaFinite (μ i)] (s : ∀ i, Set (X i)) : Measure.tprod l μ (Set.tprod l s) = (l.map fun i => (μ i) (s i)).prod",7,"old version and the current version of the theorem statement do not match. The current Lean 4 theorem statement is incomplete and does not type-check, as `Measure.tprod` requires a `Multiplicative` instance for the codomain, but `μ i : Measure (X i)` does not provide one (unless `",1.69,constrained,"old version and the current version of the theorem statement do not match. The current Lean 4 theorem statement is incomplete and does not type-check, as `Measure.tprod` requires a `Multiplicative` instance for the codomain, but `μ i : Measure (X i)` does not provide one (unless `",fallback,generic_tac,old,False,Lean;The;as;but;codomain;current;does;incomplete;instance;provide;requires;theorem;unless;version,False,
57787,isIso_fst_of_isIso,lemma isIso_fst_of_isIso (h : IsPullback fst snd f g) (inst : IsIso g,0,"houses and houses of other people, and the houses they live in, which they can choose from, the houses they can afford, and the houses they are interested in. The houses they can afford are determined by their income, and the houses they are interested in are determined by their preferences. There are 12 different",1.7,constrained,"houses and houses of other people, and the houses they live in, which they can choose from, the houses they can afford, and the houses they are interested in. The houses they can afford are determined by their income, and the houses they are interested in are determined by their preferences. There are 12 different",fallback,generic_tac,houses,False,The;There;afford;are;can;determined;different;houses;income;interested;live;people;their;they;which,False,
57787,isIso_fst_of_isIso,lemma isIso_fst_of_isIso (h : IsPullback fst snd f g) (inst : IsIso g,1,"_owned by the user, or a third party, or is being used under the terms of a license. In that case, please provide a valid license or permission before using this code in any other context. If you are the owner of the code, please add the appropriate license to the code itself. This is the only",1.7,constrained,"_owned by the user, or a third party, or is being used under the terms of a license. In that case, please provide a valid license or permission before using this code in any other context. If you are the owner of the code, please add the appropriate license to the code itself. This is the only",fallback,generic_tac,_owned,False,If;In;This;appropriate;are;before;being;code;license;owner;party;permission;please;provide;terms;that;third;used;user;you,False,
57787,isIso_fst_of_isIso,lemma isIso_fst_of_isIso (h : IsPullback fst snd f g) (inst : IsIso g,2,_owned_19349152348333976546077711264364419255135411434438707439780378,1.76,constrained,_owned_19349152348333976546077711264364419255135411434438707439780378,fallback,generic_tac,_owned_19349152348333976546077711264364419255135411434438707439780378,False,,False,
57787,isIso_fst_of_isIso,lemma isIso_fst_of_isIso (h : IsPullback fst snd f g) (inst : IsIso g,3,_owned : IsPullback fst snd f g) : IsIso f := by sorry`````` by sorry``````lean```lean```lean```lean```lean```lean```lean```lean```lean```lean```lean```lean```lean```lean```lean```lean```lean```lean```lean```lean,1.7,constrained,_owned : IsPullback fst snd f g) : IsIso f := by sorry`````` by sorry``````lean```lean```lean```lean```lean```lean```lean```lean```lean```lean```lean```lean```lean```lean```lean```lean```lean```lean```lean```lean,fallback,generic_tac,_owned,False,IsIso;lean,True,
57787,isIso_fst_of_isIso,lemma isIso_fst_of_isIso (h : IsPullback fst snd f g) (inst : IsIso g,4,unity of the first is that all the first is to prove is that `f` is a is is is is an is is an is is is is is is is is is is is is is is is is is is is is is is is is is is is is is is is is is is is is is,1.7,constrained,unity of the first is that all the first is to prove is that `f` is a is is is is an is is an is is is is is is is is is is is is is is is is is is is is is is is is is is is is is is is is is is is is is,fallback,generic_tac,unity,False,an;prove;that,False,
57787,isIso_fst_of_isIso,lemma isIso_fst_of_isIso (h : IsPullback fst snd f g) (inst : IsIso g,5,"areas of study. However, the statement you provided is not syntactically correct Lean 4 code. It appears to be a fragment of a theorem statement that is incomplete. The actual theorem you might be trying to prove is unclear because the statement is not properly formed. Here are some observations and interpretations based on the given",1.69,constrained,"areas of study. However, the statement you provided is not syntactically correct Lean 4 code. It appears to be a fragment of a theorem statement that is incomplete. The actual theorem you might be trying to prove is unclear because the statement is not properly formed. Here are some observations and interpretations based on the given",fallback,generic_tac,areas,False,Here;However;It;Lean;The;actual;appears;are;based;be;because;correct;fragment;given;interpretations;might;observations;properly;prove;provided;syntactically;that;theorem;trying;unclear;you,False,
57787,isIso_fst_of_isIso,lemma isIso_fst_of_isIso (h : IsPullback fst snd f g) (inst : IsIso g,6,|| (a : Fin 1) (a : Fin 1) =>  || (a : Fin 1) (a : Fin 1) =>  istrivial (P a) istrivial (P a)  (f : Fin 1 → (P a)) (f : Fin,1.75,constrained,|| (a : Fin 1) (a : Fin 1) =>  || (a : Fin 1) (a : Fin 1) =>  istrivial (P a) istrivial (P a)  (f : Fin 1 → (P a)) (f : Fin,named,case_arm_tac,<punct>,True,Fin;istrivial,False,
57787,isIso_fst_of_isIso,lemma isIso_fst_of_isIso (h : IsPullback fst snd f g) (inst : IsIso g,7,||| (h : IsPullback fst snd f g) (inst : IsIso g) : IsIsomorphism (fst : α × β → α) (fst : α × β → α) :=> by sorry |>.toIsomorphism |>.toIsomorphism <;> simp_all,1.76,constrained,||| (h : IsPullback fst snd f g) (inst : IsIso g) : IsIsomorphism (fst : α × β → α) (fst : α × β → α) :=> by sorry |>.toIsomorphism |>.toIsomorphism <;> simp_all,named,case_arm_tac,<punct>,True,IsIso;IsIsomorphism;toIsomorphism,True,
117757,sum_restrict_disjointed_spanningSets,theorem sum_restrict_disjointed_spanningSets (μ ν : Measure α) [SigmaFinite ν] : sum (fun n ↦ μ.restrict (disjointed (spanningSets ν) n)) = μ,0,·  have h₀ : sum (fun n ↦ μ.restrict (disjointed (spanningSets ν) n)) = μ := by sorry  · exact h₀,1.03,constrained,·  have h₀ : sum (fun n ↦ μ.restrict (disjointed (spanningSets ν) n)) = μ := by sorry  · exact h₀,named,focus_tac,<punct>,True,,True,
117757,sum_restrict_disjointed_spanningSets,theorem sum_restrict_disjointed_spanningSets (μ ν : Measure α) [SigmaFinite ν] : sum (fun n ↦ μ.restrict (disjointed (spanningSets ν) n)) = μ,1,Ήετε απειροστοχικό πρόβλημα στα προβλήματα προβληματα προβλήματα προβλη,1.71,constrained,Ήετε απειροστοχικό πρόβλημα στα προβλήματα προβληματα προβλήματα προβλη,parse_fail,"No terminal matches 'Ή' in the current parser context, at line 1 col 1",Ήετε,False,,False,
117757,sum_restrict_disjointed_spanningSets,theorem sum_restrict_disjointed_spanningSets (μ ν : Measure α) [SigmaFinite ν] : sum (fun n ↦ μ.restrict (disjointed (spanningSets ν) n)) = μ,2,_goals_ = (by sorry) = (by sorry) := by sorry`lean4```lean4theorem sum_restrict_disjointed_spanningSets (μ ν : Measure α) [SigmaFinite ν] : sum (fun n ↦ μ.restrict (disjointed (spanningSets ν) n)),1.7,constrained,_goals_ = (by sorry) = (by sorry) := by sorry`lean4```lean4theorem sum_restrict_disjointed_spanningSets (μ ν : Measure α) [SigmaFinite ν] : sum (fun n ↦ μ.restrict (disjointed (spanningSets ν) n)),fallback,generic_tac,_goals_,False,SigmaFinite;lean4;lean4theorem,True,
117757,sum_restrict_disjointed_spanningSets,theorem sum_restrict_disjointed_spanningSets (μ ν : Measure α) [SigmaFinite ν] : sum (fun n ↦ μ.restrict (disjointed (spanningSets ν) n)) = μ,3,"aciones of Lean 4 code in the response, and the response is `sorry`ed. The theorem is about the sum of the restriction of `μ` to the disjointed spanning sets of `ν` is equal to `μ`. The hypotheses are that `μ` and `ν` are measures, and `",1.7,constrained,"aciones of Lean 4 code in the response, and the response is `sorry`ed. The theorem is about the sum of the restriction of `μ` to the disjointed spanning sets of `ν` is equal to `μ`. The hypotheses are that `μ` and `ν` are measures, and `",fallback,generic_tac,aciones,False,Lean;The;about;are;code;hypotheses;measures;response;that;theorem,True,
117757,sum_restrict_disjointed_spanningSets,theorem sum_restrict_disjointed_spanningSets (μ ν : Measure α) [SigmaFinite ν] : sum (fun n ↦ μ.restrict (disjointed (spanningSets ν) n)) = μ,4,old100100100100100100100100100100100100100100100100100100100100100,1.79,constrained,old100100100100100100100100100100100100100100100100100100100100100,fallback,generic_tac,old100100100100100100100100100100100100100100100100100100100100100,False,,False,
117757,sum_restrict_disjointed_spanningSets,theorem sum_restrict_disjointed_spanningSets (μ ν : Measure α) [SigmaFinite ν] : sum (fun n ↦ μ.restrict (disjointed (spanningSets ν) n)) = μ,5,"old and new, and the new one is the same as the old one, and that’s what we need to do. This is a bit tricky because we need to understand the Lean 4 theorem and its context. The theorem is about measures and sigma-finite measures, and the goal is to prove that the sum",1.72,constrained,"old and new, and the new one is the same as the old one, and that’s what we need to do. This is a bit tricky because we need to understand the Lean 4 theorem and its context. The theorem is about measures and sigma-finite measures, and the goal is to prove that the sum",fallback,generic_tac,old,False,Lean;The;This;about;as;because;goal;its;measures;need;old;prove;same;that;theorem;tricky;understand;we,False,
117757,sum_restrict_disjointed_spanningSets,theorem sum_restrict_disjointed_spanningSets (μ ν : Measure α) [SigmaFinite ν] : sum (fun n ↦ μ.restrict (disjointed (spanningSets ν) n)) = μ,6,"old and new, which is the first step of the proof. The proof involves a detailed understanding of measure theory concepts, and the first step is to use the theorem `tsum_eq_sum` to equate the sum to the `μ` measure. The Lean 4 tactic is `apply tsum_eq_sum`",1.71,constrained,"old and new, which is the first step of the proof. The proof involves a detailed understanding of measure theory concepts, and the first step is to use the theorem `tsum_eq_sum` to equate the sum to the `μ` measure. The Lean 4 tactic is `apply tsum_eq_sum`",fallback,generic_tac,old,False,Lean;The;concepts;detailed;equate;involves;theorem;theory;tsum_eq_sum;understanding;which,False,
117757,sum_restrict_disjointed_spanningSets,theorem sum_restrict_disjointed_spanningSets (μ ν : Measure α) [SigmaFinite ν] : sum (fun n ↦ μ.restrict (disjointed (spanningSets ν) n)) = μ,7,·,0.09,constrained,·,parse_fail,Unexpected end-of-input. Expected one of: ,<punct>,True,,False,
154472,nfp_lt_ord_of_isRegular,"theorem nfp_lt_ord_of_isRegular {f : Ordinal → Ordinal} {c} (hc : IsRegular c) (hc' : c ≠ ℵ₀) (hf : ∀ i < c.ord, f i < c.ord) {a} : a < c.ord → nfp f a < c.ord",0,ewood007723235900446060355761532161599497744976150809436117978287055,1.77,constrained,ewood007723235900446060355761532161599497744976150809436117978287055,fallback,generic_tac,ewood007723235900446060355761532161599497744976150809436117978287055,False,,False,
154472,nfp_lt_ord_of_isRegular,"theorem nfp_lt_ord_of_isRegular {f : Ordinal → Ordinal} {c} (hc : IsRegular c) (hc' : c ≠ ℵ₀) (hf : ∀ i < c.ord, f i < c.ord) {a} : a < c.ord → nfp f a < c.ord",1,leansr14345536915644433173251683455114697344231470103843797830794435,1.76,constrained,leansr14345536915644433173251683455114697344231470103843797830794435,fallback,generic_tac,leansr14345536915644433173251683455114697344231470103843797830794435,False,,False,
154472,nfp_lt_ord_of_isRegular,"theorem nfp_lt_ord_of_isRegular {f : Ordinal → Ordinal} {c} (hc : IsRegular c) (hc' : c ≠ ℵ₀) (hf : ∀ i < c.ord, f i < c.ord) {a} : a < c.ord → nfp f a < c.ord",2,lean4the1234567891011121314151617181920212223242526272829303132333435,1.76,constrained,lean4the1234567891011121314151617181920212223242526272829303132333435,fallback,generic_tac,lean4the1234567891011121314151617181920212223242526272829303132333435,False,,False,
154472,nfp_lt_ord_of_isRegular,"theorem nfp_lt_ord_of_isRegular {f : Ordinal → Ordinal} {c} (hc : IsRegular c) (hc' : c ≠ ℵ₀) (hf : ∀ i < c.ord, f i < c.ord) {a} : a < c.ord → nfp f a < c.ord",3,ewood740013287101590158595294486930935637904924618988589700523450331,1.78,constrained,ewood740013287101590158595294486930935637904924618988589700523450331,fallback,generic_tac,ewood740013287101590158595294486930935637904924618988589700523450331,False,,False,
154472,nfp_lt_ord_of_isRegular,"theorem nfp_lt_ord_of_isRegular {f : Ordinal → Ordinal} {c} (hc : IsRegular c) (hc' : c ≠ ℵ₀) (hf : ∀ i < c.ord, f i < c.ord) {a} : a < c.ord → nfp f a < c.ord",4,ewood270221233228825084870339705535389324238373693318833048836280317,1.76,constrained,ewood270221233228825084870339705535389324238373693318833048836280317,fallback,generic_tac,ewood270221233228825084870339705535389324238373693318833048836280317,False,,False,
154472,nfp_lt_ord_of_isRegular,"theorem nfp_lt_ord_of_isRegular {f : Ordinal → Ordinal} {c} (hc : IsRegular c) (hc' : c ≠ ℵ₀) (hf : ∀ i < c.ord, f i < c.ord) {a} : a < c.ord → nfp f a < c.ord",5,"licted to `f i < c.ord` and `f i < c.ord` is a contradiction, so `hf : ∀ i < c.ord, f i < c.ord` is impossible to satisfy unless `c.ord = 0`, but `c` is not `0` because",1.72,constrained,"licted to `f i < c.ord` and `f i < c.ord` is a contradiction, so `hf : ∀ i < c.ord, f i < c.ord` is impossible to satisfy unless `c.ord = 0`, but `c` is not `0` because",fallback,generic_tac,licted,False,because;but;impossible;satisfy;unless,False,
154472,nfp_lt_ord_of_isRegular,"theorem nfp_lt_ord_of_isRegular {f : Ordinal → Ordinal} {c} (hc : IsRegular c) (hc' : c ≠ ℵ₀) (hf : ∀ i < c.ord, f i < c.ord) {a} : a < c.ord → nfp f a < c.ord",6,ewood111111111111111111111111111111111111111111111111111111111111111,1.77,constrained,ewood111111111111111111111111111111111111111111111111111111111111111,fallback,generic_tac,ewood111111111111111111111111111111111111111111111111111111111111111,False,,False,
154472,nfp_lt_ord_of_isRegular,"theorem nfp_lt_ord_of_isRegular {f : Ordinal → Ordinal} {c} (hc : IsRegular c) (hc' : c ≠ ℵ₀) (hf : ∀ i < c.ord, f i < c.ord) {a} : a < c.ord → nfp f a < c.ord",7,ewood456789012345678901234567890123456789012345678901234567890123456,1.77,constrained,ewood456789012345678901234567890123456789012345678901234567890123456,fallback,generic_tac,ewood456789012345678901234567890123456789012345678901234567890123456,False,,False,
72926,tail_update_zero,theorem tail_update_zero : tail (update q 0 z) = tail q,0,"old (q, z) in the theorem is not used, and the statement is trivially true because `tail (update q 0 z) = tail q` by definition of `update` and `tail`. The proof can be completed using `rfl` or `simp`, but we will use `r",1.72,constrained,"old (q, z) in the theorem is not used, and the statement is trivially true because `tail (update q 0 z) = tail q` by definition of `update` and `tail`. The proof can be completed using `rfl` or `simp`, but we will use `r",fallback,generic_tac,old,False,The;be;because;but;can;completed;definition;theorem;trivially;used;we;will,False,
72926,tail_update_zero,theorem tail_update_zero : tail (update q 0 z) = tail q,1,old_lemma : tail (update q 0 z) = tail q := by sorry```,0.56,constrained,old_lemma : tail (update q 0 z) = tail q := by sorry,fallback,generic_tac,old_lemma,False,,True,
72926,tail_update_zero,theorem tail_update_zero : tail (update q 0 z) = tail q,2,"old version of the theorem in Lean 4 is `tail (update q 0 z) = tail q`, but in the actual Lean 4 Mathlib, `q` is a `List ℕ`, and `update` is a function that takes a list, a position, and an element to update. The",1.71,constrained,"old version of the theorem in Lean 4 is `tail (update q 0 z) = tail q`, but in the actual Lean 4 Mathlib, `q` is a `List ℕ`, and `update` is a function that takes a list, a position, and an element to update. The",fallback,generic_tac,old,False,Lean;Mathlib;The;actual;an;but;element;position;takes;that;theorem;version,False,
72926,tail_update_zero,theorem tail_update_zero : tail (update q 0 z) = tail q,3,lean4 proof assistant```lean4```lean4```lean4```lean4```lean4```lean4```lean4```lean4```lean4```lean4```lean4```lean4```lean4```lean4```lean4```lean4```lean4```lean4```lean4```lean4,1.71,constrained,lean4 proof assistant```lean4```lean4```lean4```lean4```lean4```lean4```lean4```lean4```lean4```lean4```lean4```lean4```lean4```lean4```lean4```lean4```lean4```lean4```lean4```lean4,fallback,generic_tac,lean4,False,assistant;lean4,False,
72926,tail_update_zero,theorem tail_update_zero : tail (update q 0 z) = tail q,4,|q| + |z| + |q| + |z| + |q| + |z| + |q| + |z| + |q| + |z| + |q| + |z| + |q| + |z| + |q| + |z| +,1.8,constrained,|q| + |z| + |q| + |z| + |q| + |z| + |q| + |z| + |q| + |z| + |q| + |z| + |q| + |z| + |q| + |z| +,parse_fail,"No terminal matches 'q' in the current parser context, at line 1 col 2",<punct>,True,,False,
72926,tail_update_zero,theorem tail_update_zero : tail (update q 0 z) = tail q,5,"| `tail (update q 0 z) => tail q` is a direct consequence of the definition of `update`. The `update` function changes the value of the head of a list (or the value at a specific index, depending on context), and `tail` simply removes the head of the list",1.71,constrained,"| `tail (update q 0 z) => tail q` is a direct consequence of the definition of `update`. The `update` function changes the value of the head of a list (or the value at a specific index, depending on context), and `tail` simply removes the head of the list",named,case_arm_tac,<punct>,True,The;changes;consequence;context;definition;depending;direct;removes;simply;specific,False,
72926,tail_update_zero,theorem tail_update_zero : tail (update q 0 z) = tail q,6,"old and new values of `z` do not affect the tail. The proof is straightforward because `update` only affects the value at the given index, and the `tail` function ignores the first element. The proof can be completed with the `simp` tactic, which will handle the details of the `update`",1.7,constrained,"old and new values of `z` do not affect the tail. The proof is straightforward because `update` only affects the value at the given index, and the `tail` function ignores the first element. The proof can be completed with the `simp` tactic, which will handle the details of the `update`",fallback,generic_tac,old,False,The;affect;affects;be;because;can;completed;details;given;handle;ignores;straightforward;which;will,False,
72926,tail_update_zero,theorem tail_update_zero : tail (update q 0 z) = tail q,7,"|> simp [tail, update, List.get?_eq, Nat.succ_ne_zero, List.append_assoc, List.get?, List.get, List.get?] at * <;> aesop```lean```lean```lean4```lean```lean4```lean```lean4```lean```lean```lean4",1.79,constrained,"|> simp [tail, update, List.get?_eq, Nat.succ_ne_zero, List.append_assoc, List.get?, List.get, List.get?] at * <;> aesop```lean```lean```lean4```lean```lean4```lean```lean4```lean```lean```lean4",parse_fail,"No terminal matches '>' in the current parser context, at line 1 col 2",<punct>,True,_eq;lean;lean4,False,
1703,op_finsuppSum,lemma op_finsuppSum (f : ι →₀ N) (g : ι → N → M) : op (f.sum g) = f.sum fun i n ↦ op (g i n),0,oldman08993000000000000000000000000000000000000000000000000000000000,1.76,constrained,oldman08993000000000000000000000000000000000000000000000000000000000,fallback,generic_tac,oldman08993000000000000000000000000000000000000000000000000000000000,False,,False,
1703,op_finsuppSum,lemma op_finsuppSum (f : ι →₀ N) (g : ι → N → M) : op (f.sum g) = f.sum fun i n ↦ op (g i n),1,"old the Lean theorem statement provided is incomplete and lacks the definition of `op` and the types of `f`, `g`, and `M`. However, based on the theorem statement, I can assume the following based on the Lean code snippet provided and the surrounding environment (even though they are not fully visible here,",1.71,constrained,"old the Lean theorem statement provided is incomplete and lacks the definition of `op` and the types of `f`, `g`, and `M`. However, based on the theorem statement, I can assume the following based on the Lean code snippet provided and the surrounding environment (even though they are not fully visible here,",fallback,generic_tac,old,False,However;Lean;are;based;can;code;definition;environment;following;fully;here;incomplete;lacks;provided;snippet;surrounding;theorem;they;though;visible,False,
1703,op_finsuppSum,lemma op_finsuppSum (f : ι →₀ N) (g : ι → N → M) : op (f.sum g) = f.sum fun i n ↦ op (g i n),2,"izations of `f` and `g` are not directly relevant to the theorem statement. The problem is about the relationship between the `op` of a sum and the sum of `op`s. The `op` function is an arbitrary operation on the values of `g`, and `f` is a finit",1.71,constrained,"izations of `f` and `g` are not directly relevant to the theorem statement. The problem is about the relationship between the `op` of a sum and the sum of `op`s. The `op` function is an arbitrary operation on the values of `g`, and `f` is a finit",fallback,generic_tac,izations,False,The;about;an;are;directly;finit;operation;problem;relationship;theorem,False,
1703,op_finsuppSum,lemma op_finsuppSum (f : ι →₀ N) (g : ι → N → M) : op (f.sum g) = f.sum fun i n ↦ op (g i n),3,"aciones en la topología, se introduce un concepto de ""apertura"" y ""cierre"" de conjuntos. La apertura de un conjunto se define a través de las bolas abiertas. Un conjunto se dice abierto si, para cada uno de sus puntos, se puede encontrar una bola ab",1.7,constrained,"aciones en la topología, se introduce un concepto de ""apertura"" y ""cierre"" de conjuntos. La apertura de un conjunto se define a través de las bolas abiertas. Un conjunto se dice abierto si, para cada uno de sus puntos, se puede encontrar una bola ab",fallback,generic_tac,aciones,False,La;Un;abierto;apertura;bola;bolas;cada;cierre;concepto;conjunto;de;define;dice;en;encontrar;introduce;la;las;para;puede;puntos;se;si;sus;topolog;trav;un;una;uno,False,
1703,op_finsuppSum,lemma op_finsuppSum (f : ι →₀ N) (g : ι → N → M) : op (f.sum g) = f.sum fun i n ↦ op (g i n),4,"Lua 4.6.0 has been updated to version 4.6.0, which is a major update that includes a complete rewrite of the language's core libraries, a new version of the parser, and a number of other changes and fixes. Here is the updated version of the Lean 4.6",1.7,constrained,"Lua 4.6.0 has been updated to version 4.6.0, which is a major update that includes a complete rewrite of the language's core libraries, a new version of the parser, and a number of other changes and fixes. Here is the updated version of the Lean 4.6",fallback,generic_tac,Lua,False,Here;Lean;been;changes;has;includes;language's;libraries;major;number;parser;that;updated;version;which,False,
1703,op_finsuppSum,lemma op_finsuppSum (f : ι →₀ N) (g : ι → N → M) : op (f.sum g) = f.sum fun i n ↦ op (g i n),5,|```lean4```lean4```lean4```lean4```lean4```lean4```lean4```lean4```lean4```lean4```lean4```lean4```lean4```lean4```lean4```lean4```lean4```lean4```lean4```lean4```lean4,1.8,constrained,|```lean4```lean4```lean4```lean4```lean4```lean4```lean4```lean4```lean4```lean4```lean4```lean4```lean4```lean4```lean4```lean4```lean4```lean4```lean4```lean4```lean4,parse_fail,"No terminal matches '`' in the current parser context, at line 1 col 2",<punct>,True,lean4,False,
1703,op_finsuppSum,lemma op_finsuppSum (f : ι →₀ N) (g : ι → N → M) : op (f.sum g) = f.sum fun i n ↦ op (g i n),6,_ioffh2385413340444444444444444444444444444444444444444444444444444,1.76,constrained,_ioffh2385413340444444444444444444444444444444444444444444444444444,fallback,generic_tac,_ioffh2385413340444444444444444444444444444444444444444444444444444,False,,False,
1703,op_finsuppSum,lemma op_finsuppSum (f : ι →₀ N) (g : ι → N → M) : op (f.sum g) = f.sum fun i n ↦ op (g i n),7,agonized 2024-04-21 07:22:02 +00:00 0.000000 0.000000 0.000000 0.000000,1.71,constrained,agonized 2024-04-21 07:22:02 +00:00 0.000000 0.000000 0.000000 0.000000,fallback,generic_tac,agonized,False,,False,
41853,bot_orthogonal_eq_top,theorem bot_orthogonal_eq_top : (⊥ : ClosedSubmodule 𝕜 E)ᗮ = ⊤,0,||  1. **Understand the Statement**  ||  2. **Find the Right Mathematical Fact**  ||  3. **Formulate a Proof**  ||  4. **Translate to Lean 4 Tactics**  ||  5. **Use `have` Statements** ,1.79,constrained,||  1. **Understand the Statement**  ||  2. **Find the Right Mathematical Fact**  ||  3. **Formulate a Proof**  ||  4. **Translate to Lean 4 Tactics**  ||  5. **Use `have` Statements**,parse_fail,"No terminal matches '|' in the current parser context, at line 1 col 2",<punct>,True,Fact;Find;Formulate;Lean;Mathematical;Proof;Right;Statements;Tactics;Translate;Understand;Use,False,
41853,bot_orthogonal_eq_top,theorem bot_orthogonal_eq_top : (⊥ : ClosedSubmodule 𝕜 E)ᗮ = ⊤,1,_owned by the user. The following is the output of the `lean4` tactic in Lean 4 for the theorem `bot_orthogonal_eq_top` in `Mathlib` with the statement `(⊥ : ClosedSubmodule 𝕜 E) ⊥ = ⊤` (this is a placeholder for a,1.7,constrained,_owned by the user. The following is the output of the `lean4` tactic in Lean 4 for the theorem `bot_orthogonal_eq_top` in `Mathlib` with the statement `(⊥ : ClosedSubmodule 𝕜 E) ⊥ = ⊤` (this is a placeholder for a,fallback,generic_tac,_owned,False,ClosedSubmodule;Lean;Mathlib;The;following;lean4;output;placeholder;theorem,False,
41853,bot_orthogonal_eq_top,theorem bot_orthogonal_eq_top : (⊥ : ClosedSubmodule 𝕜 E)ᗮ = ⊤,2,·,0.09,constrained,·,parse_fail,Unexpected end-of-input. Expected one of: ,<punct>,True,,False,
41853,bot_orthogonal_eq_top,theorem bot_orthogonal_eq_top : (⊥ : ClosedSubmodule 𝕜 E)ᗮ = ⊤,3,_owned_lean4_theorem : bot_orthogonal_eq_top := by sorry``````lean4``````lean4``````lean4```lean4``````lean4```lean4```lean4```lean4```lean4```lean4```lean4```lean4```lean4```,1.7,constrained,_owned_lean4_theorem : bot_orthogonal_eq_top := by sorry``````lean4``````lean4``````lean4```lean4``````lean4```lean4```lean4```lean4```lean4```lean4```lean4```lean4```lean4,fallback,generic_tac,_owned_lean4_theorem,False,lean4,True,
41853,bot_orthogonal_eq_top,theorem bot_orthogonal_eq_top : (⊥ : ClosedSubmodule 𝕜 E)ᗮ = ⊤,4,·    ·  have h₁ : (⊥ : ClosedSubmodule 𝕜 E) = {0} := by sorry -- Step 1: Prove that the zero submodule is the zero element of the module of closed submodules. This is straightforward by definition. -- Step 2: Prove that the,1.69,constrained,·    ·  have h₁ : (⊥ : ClosedSubmodule 𝕜 E) = {0} := by sorry -- Step 1: Prove that the zero submodule is the zero element of the module of closed submodules. This is straightforward by definition. -- Step 2: Prove that the,named,focus_tac,<punct>,True,ClosedSubmodule;Prove;Step;This;element;straightforward;that,True,
41853,bot_orthogonal_eq_top,theorem bot_orthogonal_eq_top : (⊥ : ClosedSubmodule 𝕜 E)ᗮ = ⊤,5,"_owned by the user. The theorem statement is incomplete, and there is no actual theorem to prove. The `sorry` in the proof indicates that the proof is incomplete, but the theorem itself is not well-formed. In Lean, `⊥` is a notation for `⊥ : PEmpty`, which is a type with",1.7,constrained,"_owned by the user. The theorem statement is incomplete, and there is no actual theorem to prove. The `sorry` in the proof indicates that the proof is incomplete, but the theorem itself is not well-formed. In Lean, `⊥` is a notation for `⊥ : PEmpty`, which is a type with",fallback,generic_tac,_owned,False,In;Lean;PEmpty;The;actual;but;incomplete;indicates;itself;no;notation;that;theorem;there;well;which,True,
41853,bot_orthogonal_eq_top,theorem bot_orthogonal_eq_top : (⊥ : ClosedSubmodule 𝕜 E)ᗮ = ⊤,6,"_owned by (the bot is currently in a restricted mode where it only outputs `have` statements with `sorry` and does not execute any tactics). The `have` statement is a direct translation of the goal into Lean 4, with `sorry` as a placeholder for the proof. No further Lean 4 code",1.7,constrained,"_owned by (the bot is currently in a restricted mode where it only outputs `have` statements with `sorry` and does not execute any tactics). The `have` statement is a direct translation of the goal into Lean 4, with `sorry` as a placeholder for the proof. No further Lean 4 code",fallback,generic_tac,_owned,False,Lean;No;The;as;code;currently;direct;does;execute;further;goal;into;it;mode;outputs;placeholder;statements;tactics;translation;where,True,
41853,bot_orthogonal_eq_top,theorem bot_orthogonal_eq_top : (⊥ : ClosedSubmodule 𝕜 E)ᗮ = ⊤,7,"_owned by `0` (i.e., `⊥ = 0`), and since `0` is in the kernel, the result follows. However, the statement is trivially true because `⊥` is the zero submodule, and the kernel of a linear map is always a subspace (and hence a submodule",1.7,constrained,"_owned by `0` (i.e., `⊥ = 0`), and since `0` is in the kernel, the result follows. However, the statement is trivially true because `⊥` is the zero submodule, and the kernel of a linear map is always a subspace (and hence a submodule",fallback,generic_tac,_owned,False,However;always;because;hence;since;subspace;trivially,False,
110785,essInf_measure_zero,theorem essInf_measure_zero {_ : MeasurableSpace α} {f : α → β} : essInf f (0 : Measure α) = ⊤,0,"olocation (the `esInf` is `essInf` and the measure is zero). The statement is: `essInf f (0 : Measure α) = ⊤`. The `esInf` is `essInf` and the measure is zero, but `Measure α` is zero. The statement is incorrect",1.71,constrained,"olocation (the `esInf` is `essInf` and the measure is zero). The statement is: `essInf f (0 : Measure α) = ⊤`. The `esInf` is `essInf` and the measure is zero, but `Measure α` is zero. The statement is incorrect",fallback,generic_tac,olocation,False,The;but;esInf;incorrect,False,
110785,essInf_measure_zero,theorem essInf_measure_zero {_ : MeasurableSpace α} {f : α → β} : essInf f (0 : Measure α) = ⊤,1,agoni66666666666666666666666666666666666666666666666666666666666666,1.75,constrained,agoni66666666666666666666666666666666666666666666666666666666666666,fallback,generic_tac,agoni66666666666666666666666666666666666666666666666666666666666666,False,,False,
110785,essInf_measure_zero,theorem essInf_measure_zero {_ : MeasurableSpace α} {f : α → β} : essInf f (0 : Measure α) = ⊤,2,edu201603151615421955313483563939393939393939393939393939393939393,1.75,constrained,edu201603151615421955313483563939393939393939393939393939393939393,fallback,generic_tac,edu201603151615421955313483563939393939393939393939393939393939393,False,,False,
110785,essInf_measure_zero,theorem essInf_measure_zero {_ : MeasurableSpace α} {f : α → β} : essInf f (0 : Measure α) = ⊤,3,oono77777777777777777777777777777777777777777777777777777777777777,1.75,constrained,oono77777777777777777777777777777777777777777777777777777777777777,fallback,generic_tac,oono77777777777777777777777777777777777777777777777777777777777777,False,,False,
110785,essInf_measure_zero,theorem essInf_measure_zero {_ : MeasurableSpace α} {f : α → β} : essInf f (0 : Measure α) = ⊤,4,earn4tacticlinarizelean4lean4lean4theorem lean4lean4theorem lean4theorem lean4theorem lean4theorem lean4theorem lean4theorem lean4theorem lean4theorem lean4theorem lean4theorem lean4theorem lean4theorem lean4theorem lean4theorem lean4theorem lean4theorem,1.72,constrained,earn4tacticlinarizelean4lean4lean4theorem lean4lean4theorem lean4theorem lean4theorem lean4theorem lean4theorem lean4theorem lean4theorem lean4theorem lean4theorem lean4theorem lean4theorem lean4theorem lean4theorem lean4theorem lean4theorem lean4theorem,fallback,generic_tac,earn4tacticlinarizelean4lean4lean4theorem,False,lean4lean4theorem;lean4theorem,False,
110785,essInf_measure_zero,theorem essInf_measure_zero {_ : MeasurableSpace α} {f : α → β} : essInf f (0 : Measure α) = ⊤,5,licted to `0`. This means that the `essInf` of `f` with respect to the zero measure is `⊤`. The zero measure is the trivial measure that assigns measure `0` to all measurable sets. The `essInf` of a function `f` with respect to the zero measure is,1.7,constrained,licted to `0`. This means that the `essInf` of `f` with respect to the zero measure is `⊤`. The zero measure is the trivial measure that assigns measure `0` to all measurable sets. The `essInf` of a function `f` with respect to the zero measure is,fallback,generic_tac,licted,False,The;This;assigns;means;respect;that,False,
110785,essInf_measure_zero,theorem essInf_measure_zero {_ : MeasurableSpace α} {f : α → β} : essInf f (0 : Measure α) = ⊤,6,"using the fact that the infimum of the empty set is the supremum of the empty set, which is ⊤ in this case, but Lean uses the `⊤` symbol to represent the supremum of the empty set, which is also the infimum of the empty set in the extended reals. However",1.7,constrained,"using the fact that the infimum of the empty set is the supremum of the empty set, which is ⊤ in this case, but Lean uses the `⊤` symbol to represent the supremum of the empty set, which is also the infimum of the empty set in the extended reals. However",fallback,generic_tac,using,True,However;Lean;also;but;fact;infimum;represent;supremum;symbol;that;uses;which,False,
110785,essInf_measure_zero,theorem essInf_measure_zero {_ : MeasurableSpace α} {f : α → β} : essInf f (0 : Measure α) = ⊤,7,OLD Version of the Proof Sketch (Not Used in the Final Proof),0.42,constrained,OLD Version of the Proof Sketch (Not Used in the Final Proof),fallback,generic_tac,OLD,False,Final;Proof;Sketch;Used;Version,False,
89194,liftAlgHom_fieldRange_eq_of_range_eq,theorem liftAlgHom_fieldRange_eq_of_range_eq (hg : Function.Injective g) {s : Set L} (hs : g.range = Algebra.adjoin F s) : (liftAlgHom hg : K →ₐ[F] L).fieldRange = IntermediateField.adjoin F s,0,||| Lean 4 Tactic Proof Step |||``````lean```lean```lean```lean```lean```lean4```lean4```lean4```lean4```lean4```lean4```lean4```lean4```lean4```lean4```lean4```lean4```lean4```lean,1.8,constrained,||| Lean 4 Tactic Proof Step |||``````lean```lean```lean```lean```lean```lean4```lean4```lean4```lean4```lean4```lean4```lean4```lean4```lean4```lean4```lean4```lean4```lean4```lean,parse_fail,"No terminal matches '|' in the current parser context, at line 1 col 2",<punct>,True,Lean;Proof;Step;Tactic;lean;lean4,False,
89194,liftAlgHom_fieldRange_eq_of_range_eq,theorem liftAlgHom_fieldRange_eq_of_range_eq (hg : Function.Injective g) {s : Set L} (hs : g.range = Algebra.adjoin F s) : (liftAlgHom hg : K →ₐ[F] L).fieldRange = IntermediateField.adjoin F s,1,|||Lean 4 Tactic Line: `have h₁ : (liftAlgHom hg : K →ₐ[F] L).fieldRange => IntermediateField > adjoin F s := by sorry`|||`have h₁ : (liftAlgHom hg : K →ₐ[F] L).,1.77,constrained,|||Lean 4 Tactic Line: `have h₁ : (liftAlgHom hg : K →ₐ[F] L).fieldRange => IntermediateField > adjoin F s := by sorry`|||`have h₁ : (liftAlgHom hg : K →ₐ[F] L).,named,case_arm_tac,<punct>,True,IntermediateField;Lean;Line;Tactic,True,
89194,liftAlgHom_fieldRange_eq_of_range_eq,theorem liftAlgHom_fieldRange_eq_of_range_eq (hg : Function.Injective g) {s : Set L} (hs : g.range = Algebra.adjoin F s) : (liftAlgHom hg : K →ₐ[F] L).fieldRange = IntermediateField.adjoin F s,2,agonzalez7777777777777777777777777777777777777777777777777777777777777,1.76,constrained,agonzalez7777777777777777777777777777777777777777777777777777777777777,fallback,generic_tac,agonzalez7777777777777777777777777777777777777777777777777777777777777,False,,False,
89194,liftAlgHom_fieldRange_eq_of_range_eq,theorem liftAlgHom_fieldRange_eq_of_range_eq (hg : Function.Injective g) {s : Set L} (hs : g.range = Algebra.adjoin F s) : (liftAlgHom hg : K →ₐ[F] L).fieldRange = IntermediateField.adjoin F s,3,agoni32100404504045040450404504045040450404504045040450404504045040,1.76,constrained,agoni32100404504045040450404504045040450404504045040450404504045040,fallback,generic_tac,agoni32100404504045040450404504045040450404504045040450404504045040,False,,False,
89194,liftAlgHom_fieldRange_eq_of_range_eq,theorem liftAlgHom_fieldRange_eq_of_range_eq (hg : Function.Injective g) {s : Set L} (hs : g.range = Algebra.adjoin F s) : (liftAlgHom hg : K →ₐ[F] L).fieldRange = IntermediateField.adjoin F s,4,licted `hg : Function.Injective g` and `hs : g.range = Algebra.adjoin F s`. We need to prove that the field range of the lift of `hg` is the intermediate field `IntermediateField.adjoin F s`. The intermediate field `IntermediateField.adjoin F s` is defined as the,1.71,constrained,licted `hg : Function.Injective g` and `hs : g.range = Algebra.adjoin F s`. We need to prove that the field range of the lift of `hg` is the intermediate field `IntermediateField.adjoin F s`. The intermediate field `IntermediateField.adjoin F s` is defined as the,fallback,generic_tac,licted,False,The;We;as;defined;intermediate;need;prove;that,False,
89194,liftAlgHom_fieldRange_eq_of_range_eq,theorem liftAlgHom_fieldRange_eq_of_range_eq (hg : Function.Injective g) {s : Set L} (hs : g.range = Algebra.adjoin F s) : (liftAlgHom hg : K →ₐ[F] L).fieldRange = IntermediateField.adjoin F s,5,"agonize the theorem statement and provide a detailed explanation of how to prove it. Here's a step-by-step explanation of the proof and the reasoning behind it, followed by the Lean 4 proof using `have` statements with `sorry` placeholders. The actual Lean 4 proof is not filled in because the problem only",1.72,constrained,"agonize the theorem statement and provide a detailed explanation of how to prove it. Here's a step-by-step explanation of the proof and the reasoning behind it, followed by the Lean 4 proof using `have` statements with `sorry` placeholders. The actual Lean 4 proof is not filled in because the problem only",fallback,generic_tac,agonize,False,Here's;Lean;The;actual;because;behind;detailed;explanation;filled;followed;how;it;problem;prove;provide;reasoning;statements;theorem,True,
89194,liftAlgHom_fieldRange_eq_of_range_eq,theorem liftAlgHom_fieldRange_eq_of_range_eq (hg : Function.Injective g) {s : Set L} (hs : g.range = Algebra.adjoin F s) : (liftAlgHom hg : K →ₐ[F] L).fieldRange = IntermediateField.adjoin F s,6,| 1.1: Understanding the Problem | 2024-05-28 | 1.1 | 2024-05-28 | 1.1 | 2024-05-28 | 1.1 | 20,1.84,constrained,| 1.1: Understanding the Problem | 2024-05-28 | 1.1 | 2024-05-28 | 1.1 | 2024-05-28 | 1.1 | 20,parse_fail,"No terminal matches '1' in the current parser context, at line 1 col 3",<punct>,True,Problem;Understanding,False,
89194,liftAlgHom_fieldRange_eq_of_range_eq,theorem liftAlgHom_fieldRange_eq_of_range_eq (hg : Function.Injective g) {s : Set L} (hs : g.range = Algebra.adjoin F s) : (liftAlgHom hg : K →ₐ[F] L).fieldRange = IntermediateField.adjoin F s,7,"Lua has a `have` tactic, but the Lean 4 version of `have` is `have` (with the same syntax as in Lean 3). We are to provide a single Lean 4 tactic line as a first step in the proof. The tactic should be `have` followed by `:=`",1.71,constrained,"Lua has a `have` tactic, but the Lean 4 version of `have` is `have` (with the same syntax as in Lean 3). We are to provide a single Lean 4 tactic line as a first step in the proof. The tactic should be `have` followed by `:=`",fallback,generic_tac,Lua,False,Lean;The;We;are;as;be;but;followed;has;provide;same;should;syntax;version,False,
72842,succAbove_castPred_self,lemma succAbove_castPred_self (p : Fin (n + 1)) (h : p ≠ last n) : succAbove p (p.castPred h) = (p.castPred h).succ,0,old_south_korea_korea = new_south_korea_korea = 4303.333333333333333333333333333333333333333333,1.71,constrained,old_south_korea_korea = new_south_korea_korea = 4303.333333333333333333333333333333333333333333,fallback,generic_tac,old_south_korea_korea,False,new_south_korea_korea,False,
72842,succAbove_castPred_self,lemma succAbove_castPred_self (p : Fin (n + 1)) (h : p ≠ last n) : succAbove p (p.castPred h) = (p.castPred h).succ,1,agoni89479303191534338484277733100289512495544173764515769209331978,1.76,constrained,agoni89479303191534338484277733100289512495544173764515769209331978,fallback,generic_tac,agoni89479303191534338484277733100289512495544173764515769209331978,False,,False,
72842,succAbove_castPred_self,lemma succAbove_castPred_self (p : Fin (n + 1)) (h : p ≠ last n) : succAbove p (p.castPred h) = (p.castPred h).succ,2,agoni10241234123412341234123412341234123412341234123412341234123412,1.76,constrained,agoni10241234123412341234123412341234123412341234123412341234123412,fallback,generic_tac,agoni10241234123412341234123412341234123412341234123412341234123412,False,,False,
72842,succAbove_castPred_self,lemma succAbove_castPred_self (p : Fin (n + 1)) (h : p ≠ last n) : succAbove p (p.castPred h) = (p.castPred h).succ,3,"theorem succAbove_castPred_self (p : Fin (n + 1)) (h : p ≠ last n) : succAbove p (p.castPred h) = (p.castPred h).succ := by sorry` is the goal, and we need to find the first tactic to prove it. Here is",1.72,constrained,"theorem succAbove_castPred_self (p : Fin (n + 1)) (h : p ≠ last n) : succAbove p (p.castPred h) = (p.castPred h).succ := by sorry` is the goal, and we need to find the first tactic to prove it. Here is",fallback,generic_tac,theorem,False,Fin;Here;goal;need;prove;we,True,
72842,succAbove_castPred_self,lemma succAbove_castPred_self (p : Fin (n + 1)) (h : p ≠ last n) : succAbove p (p.castPred h) = (p.castPred h).succ,4,"old version is incorrect because it uses `last` and `Fin.last` is `⟨n, by simp [Nat.succ_pos]⟩` which is not what we want here. Instead, we need to use `Fin.last n` and `Fin.castSucc` to get the correct proof. The correct",1.7,constrained,"old version is incorrect because it uses `last` and `Fin.last` is `⟨n, by simp [Nat.succ_pos]⟩` which is not what we want here. Instead, we need to use `Fin.last n` and `Fin.castSucc` to get the correct proof. The correct",fallback,generic_tac,old,False,Instead;The;because;correct;incorrect;it;need;uses;version;want;we;which,False,
72842,succAbove_castPred_self,lemma succAbove_castPred_self (p : Fin (n + 1)) (h : p ≠ last n) : succAbove p (p.castPred h) = (p.castPred h).succ,5,"old is a `Fin (n + 1)` and `h : p ≠ last n`, and we must prove that `succAbove p (p.castPred h) = (p.castPred h).succ`. The key idea is to use the properties of `Fin` and `Fin.castPred` to simplify",1.7,constrained,"old is a `Fin (n + 1)` and `h : p ≠ last n`, and we must prove that `succAbove p (p.castPred h) = (p.castPred h).succ`. The key idea is to use the properties of `Fin` and `Fin.castPred` to simplify",fallback,generic_tac,old,False,Fin;The;idea;must;properties;prove;simplify;that;we,False,
72842,succAbove_castPred_self,lemma succAbove_castPred_self (p : Fin (n + 1)) (h : p ≠ last n) : succAbove p (p.castPred h) = (p.castPred h).succ,6,"Lua 4.5.1 is a version of Lean 4, but the statement provided is about a theorem in a Lean 4 library (likely Mathlib). The theorem is about `Fin (n + 1)` and `succAbove`, which are concepts in Lean's `Mathlib`. Here's a",1.71,constrained,"Lua 4.5.1 is a version of Lean 4, but the statement provided is about a theorem in a Lean 4 library (likely Mathlib). The theorem is about `Fin (n + 1)` and `succAbove`, which are concepts in Lean's `Mathlib`. Here's a",fallback,generic_tac,Lua,False,Fin;Here's;Lean;Lean's;Mathlib;The;about;are;but;concepts;library;likely;provided;theorem;version;which,False,
72842,succAbove_castPred_self,lemma succAbove_castPred_self (p : Fin (n + 1)) (h : p ≠ last n) : succAbove p (p.castPred h) = (p.castPred h).succ,7,agonist20000102011717557394870530218190313737590021648894395414938457,1.76,constrained,agonist20000102011717557394870530218190313737590021648894395414938457,fallback,generic_tac,agonist20000102011717557394870530218190313737590021648894395414938457,False,,False,
40758,continuous_ofSupportedIn,"theorem continuous_ofSupportedIn {K : Compacts E} (K_sub_Ω : (K : Set E) ⊆ Ω) : Continuous (ofSupportedIn K_sub_Ω : 𝓓^{n}_{K}(E, F) → 𝓓^{n}(Ω, F))",0,"_owned by the Lean 4 proof assistant_ `tactic` `apply Continuous.of`. This tactic is used to apply the `Continuous.of` lemma to prove continuity. The `Continuous.of` lemma is a standard tool for proving continuity in Lean, and it requires the proof of continuity to be supplied in a certain way",1.73,constrained,"_owned by the Lean 4 proof assistant_ `tactic` `apply Continuous.of`. This tactic is used to apply the `Continuous.of` lemma to prove continuity. The `Continuous.of` lemma is a standard tool for proving continuity in Lean, and it requires the proof of continuity to be supplied in a certain way",fallback,generic_tac,_owned,False,Lean;The;This;assistant_;be;certain;it;prove;proving;requires;supplied;tool;used;way,False,
40758,continuous_ofSupportedIn,"theorem continuous_ofSupportedIn {K : Compacts E} (K_sub_Ω : (K : Set E) ⊆ Ω) : Continuous (ofSupportedIn K_sub_Ω : 𝓓^{n}_{K}(E, F) → 𝓓^{n}(Ω, F))",1,"_owned by a person, which is not the case here_ (since the person is a human and not a machine). However, upon closer inspection, the problem statement is not fully clear, and the Lean code seems incomplete because the statement is cut off (the theorem is not fully written). The actual theorem in Lean is",1.71,constrained,"_owned by a person, which is not the case here_ (since the person is a human and not a machine). However, upon closer inspection, the problem statement is not fully clear, and the Lean code seems incomplete because the statement is cut off (the theorem is not fully written). The actual theorem in Lean is",fallback,generic_tac,_owned,False,However;Lean;The;actual;because;closer;code;cut;fully;here_;human;incomplete;inspection;machine;off;person;problem;seems;since;theorem;upon;which;written,False,
40758,continuous_ofSupportedIn,"theorem continuous_ofSupportedIn {K : Compacts E} (K_sub_Ω : (K : Set E) ⊆ Ω) : Continuous (ofSupportedIn K_sub_Ω : 𝓓^{n}_{K}(E, F) → 𝓓^{n}(Ω, F))",2,"agonize is a powerful, flexible, and user-friendly software for the analysis of complex and large-scale nonlinear systems. Its core is based on the method of successive approximations, which is a numerical approach to solving nonlinear algebraic and differential equations. The software is designed to handle a wide range of problems, including those involving",1.72,constrained,"agonize is a powerful, flexible, and user-friendly software for the analysis of complex and large-scale nonlinear systems. Its core is based on the method of successive approximations, which is a numerical approach to solving nonlinear algebraic and differential equations. The software is designed to handle a wide range of problems, including those involving",fallback,generic_tac,agonize,False,Its;The;algebraic;analysis;approach;approximations;based;complex;designed;friendly;handle;including;involving;large;method;nonlinear;numerical;powerful;problems;software;solving;successive;those;user;which;wide,False,
40758,continuous_ofSupportedIn,"theorem continuous_ofSupportedIn {K : Compacts E} (K_sub_Ω : (K : Set E) ⊆ Ω) : Continuous (ofSupportedIn K_sub_Ω : 𝓓^{n}_{K}(E, F) → 𝓓^{n}(Ω, F))",3,"old man, you have no idea what you're doing. You're using a `tactic` that does not apply to the statement of the theorem. The `tactic` must be something that can be applied to the statement, not some general `tactic` that doesn't make sense here. The `t",1.72,constrained,"old man, you have no idea what you're doing. You're using a `tactic` that does not apply to the statement of the theorem. The `tactic` must be something that can be applied to the statement, not some general `tactic` that doesn't make sense here. The `t",fallback,generic_tac,old,False,The;You're;applied;be;can;does;doesn't;general;idea;make;man;must;no;sense;something;that;you;you're,False,
40758,continuous_ofSupportedIn,"theorem continuous_ofSupportedIn {K : Compacts E} (K_sub_Ω : (K : Set E) ⊆ Ω) : Continuous (ofSupportedIn K_sub_Ω : 𝓓^{n}_{K}(E, F) → 𝓓^{n}(Ω, F))",4,"|\n  <;> simp_all [Continuous.continuousAt, ContinuousAt, isOpen_iff, isOpen_Iio, isOpen_Ioi, isOpen_Ici, isOpen_Iic, isOpen_Ioo, isOpen_Icc, isOpen_Ioc, isOpen_Ico] <;> aesop |>.apply Continuous.contin",1.81,constrained,"|\n  <;> simp_all [Continuous.continuousAt, ContinuousAt, isOpen_iff, isOpen_Iio, isOpen_Ioi, isOpen_Ici, isOpen_Iic, isOpen_Ioo, isOpen_Icc, isOpen_Ioc, isOpen_Ico] <;> aesop |>.apply Continuous.contin",parse_fail,"No terminal matches '\' in the current parser context, at line 1 col 2",<punct>,True,Continuous.contin;isOpen_Icc;isOpen_Iic;isOpen_Ioc,False,
40758,continuous_ofSupportedIn,"theorem continuous_ofSupportedIn {K : Compacts E} (K_sub_Ω : (K : Set E) ⊆ Ω) : Continuous (ofSupportedIn K_sub_Ω : 𝓓^{n}_{K}(E, F) → 𝓓^{n}(Ω, F))",5,"aciones a `K` y `Ω`? No, because `K` and `Ω` are `Set E`. `K` is compact, but `Ω` is not necessarily compact. The function is `ofSupportedIn K_sub_Ω : 𝓓^{n}_{K}(E, F)",1.72,constrained,"aciones a `K` y `Ω`? No, because `K` and `Ω` are `Set E`. `K` is compact, but `Ω` is not necessarily compact. The function is `ofSupportedIn K_sub_Ω : 𝓓^{n}_{K}(E, F)",fallback,generic_tac,aciones,False,K_sub_;No;The;are;because;but;compact;necessarily,False,
40758,continuous_ofSupportedIn,"theorem continuous_ofSupportedIn {K : Compacts E} (K_sub_Ω : (K : Set E) ⊆ Ω) : Continuous (ofSupportedIn K_sub_Ω : 𝓓^{n}_{K}(E, F) → 𝓓^{n}(Ω, F))",6,"licted to `K : Set E` and `Ω : Set E` is not correct, because `K` is already a `Set E` in Lean. This is confusing, and I think the Lean code is incorrect. I think the theorem statement is supposed to be about `K : Set E` and `",1.72,constrained,"licted to `K : Set E` and `Ω : Set E` is not correct, because `K` is already a `Set E` in Lean. This is confusing, and I think the Lean code is incorrect. I think the theorem statement is supposed to be about `K : Set E` and `",fallback,generic_tac,licted,False,Lean;This;about;already;be;because;code;confusing;correct;supposed;theorem,False,
40758,continuous_ofSupportedIn,"theorem continuous_ofSupportedIn {K : Compacts E} (K_sub_Ω : (K : Set E) ⊆ Ω) : Continuous (ofSupportedIn K_sub_Ω : 𝓓^{n}_{K}(E, F) → 𝓓^{n}(Ω, F))",7,"·  the problem is about proving the continuity of a certain linear map. The `ofSupportedIn` function is used to construct a linear map from `𝓓^{n}_{K}(E, F)` to `𝓓^{n}(Ω, F)` based on a subset inclusion `K ⊆ Ω",1.72,constrained,"·  the problem is about proving the continuity of a certain linear map. The `ofSupportedIn` function is used to construct a linear map from `𝓓^{n}_{K}(E, F)` to `𝓓^{n}(Ω, F)` based on a subset inclusion `K ⊆ Ω",named,focus_tac,<punct>,True,The;about;based;certain;construct;problem;proving;used,False,
56443,preservesFiniteColimits_of_evaluation,"lemma preservesFiniteColimits_of_evaluation {D : Type*} [Category* D] {E : Type*} [Category* E] (F : C ⥤ D ⥤ E) (h : ∀ d : D, PreservesFiniteColimits (F ⋙ (evaluation D E).obj d)) : PreservesFiniteColimits F",0,"ization in the proof. The proof is straightforward because the condition is a direct consequence of the given hypothesis. We need to show that `F` preserves finite colimits, i.e., if `I` is a finite set and `f : I → D` is a family of objects, then `F (col",1.71,constrained,"ization in the proof. The proof is straightforward because the condition is a direct consequence of the given hypothesis. We need to show that `F` preserves finite colimits, i.e., if `I` is a finite set and `f : I → D` is a family of objects, then `F (col",fallback,generic_tac,ization,False,The;We;because;colimits;consequence;direct;family;given;need;preserves;straightforward;that,False,
56443,preservesFiniteColimits_of_evaluation,"lemma preservesFiniteColimits_of_evaluation {D : Type*} [Category* D] {E : Type*} [Category* E] (F : C ⥤ D ⥤ E) (h : ∀ d : D, PreservesFiniteColimits (F ⋙ (evaluation D E).obj d)) : PreservesFiniteColimits F",1,"unity of finite colimits is preserved under composition with a right adjoint functors that preserve finite colimits. The proof relies on the fact that if a function preserves the colimits of all functions from a finite set, it preserves all finite colimits. In this case, the proof can be constructed using the `pres",1.71,constrained,"unity of finite colimits is preserved under composition with a right adjoint functors that preserve finite colimits. The proof relies on the fact that if a function preserves the colimits of all functions from a finite set, it preserves all finite colimits. In this case, the proof can be constructed using the `pres",fallback,generic_tac,unity,False,In;The;be;can;colimits;constructed;fact;functions;functors;it;preserve;preserved;preserves;relies;that,False,
56443,preservesFiniteColimits_of_evaluation,"lemma preservesFiniteColimits_of_evaluation {D : Type*} [Category* D] {E : Type*} [Category* E] (F : C ⥤ D ⥤ E) (h : ∀ d : D, PreservesFiniteColimits (F ⋙ (evaluation D E).obj d)) : PreservesFiniteColimits F",2,oldman12345678901234567890123456789012345678901234567890123456789012,1.76,constrained,oldman12345678901234567890123456789012345678901234567890123456789012,fallback,generic_tac,oldman12345678901234567890123456789012345678901234567890123456789012,False,,False,
56443,preservesFiniteColimits_of_evaluation,"lemma preservesFiniteColimits_of_evaluation {D : Type*} [Category* D] {E : Type*} [Category* E] (F : C ⥤ D ⥤ E) (h : ∀ d : D, PreservesFiniteColimits (F ⋙ (evaluation D E).obj d)) : PreservesFiniteColimits F",3,·,0.09,constrained,·,parse_fail,Unexpected end-of-input. Expected one of: ,<punct>,True,,False,
56443,preservesFiniteColimits_of_evaluation,"lemma preservesFiniteColimits_of_evaluation {D : Type*} [Category* D] {E : Type*} [Category* E] (F : C ⥤ D ⥤ E) (h : ∀ d : D, PreservesFiniteColimits (F ⋙ (evaluation D E).obj d)) : PreservesFiniteColimits F",4,ocolimits (fun i => c i) i) := (colimits (fun i => F c i) i) := by sorry`````````lean```lean```lean```lean```lean```lean```lean```lean```lean```lean```lean```lean```lean```lean```lean```lean```,1.7,constrained,ocolimits (fun i => c i) i) := (colimits (fun i => F c i) i) := by sorry`````````lean```lean```lean```lean```lean```lean```lean```lean```lean```lean```lean```lean```lean```lean```lean```lean,fallback,generic_tac,ocolimits,False,colimits;lean,True,
56443,preservesFiniteColimits_of_evaluation,"lemma preservesFiniteColimits_of_evaluation {D : Type*} [Category* D] {E : Type*} [Category* E] (F : C ⥤ D ⥤ E) (h : ∀ d : D, PreservesFiniteColimits (F ⋙ (evaluation D E).obj d)) : PreservesFiniteColimits F",5,old_78987974735099385307338437079144103866475210942124027266446482,1.76,constrained,old_78987974735099385307338437079144103866475210942124027266446482,fallback,generic_tac,old_78987974735099385307338437079144103866475210942124027266446482,False,,False,
56443,preservesFiniteColimits_of_evaluation,"lemma preservesFiniteColimits_of_evaluation {D : Type*} [Category* D] {E : Type*} [Category* E] (F : C ⥤ D ⥤ E) (h : ∀ d : D, PreservesFiniteColimits (F ⋙ (evaluation D E).obj d)) : PreservesFiniteColimits F",6,"_owned (f : C ⥤ D ⥤ E) (h : ∀ d : D, PreservesFiniteColimits (f ⋙ (evaluation D E).obj d)) : PreservesFiniteColimits f := by sorry` is the goal statement. The `evaluation` function is defined as",1.71,constrained,"_owned (f : C ⥤ D ⥤ E) (h : ∀ d : D, PreservesFiniteColimits (f ⋙ (evaluation D E).obj d)) : PreservesFiniteColimits f := by sorry` is the goal statement. The `evaluation` function is defined as",fallback,generic_tac,_owned,False,PreservesFiniteColimits;The;as;defined;goal,True,
56443,preservesFiniteColimits_of_evaluation,"lemma preservesFiniteColimits_of_evaluation {D : Type*} [Category* D] {E : Type*} [Category* E] (F : C ⥤ D ⥤ E) (h : ∀ d : D, PreservesFiniteColimits (F ⋙ (evaluation D E).obj d)) : PreservesFiniteColimits F",7,|```lean4```lean4```lean4```lean4```lean4```lean4```lean4```lean4```lean4```lean4```lean4```lean4```lean4```lean4```lean4```lean4```lean4```lean4```lean4```lean4```lean4,1.8,constrained,|```lean4```lean4```lean4```lean4```lean4```lean4```lean4```lean4```lean4```lean4```lean4```lean4```lean4```lean4```lean4```lean4```lean4```lean4```lean4```lean4```lean4,parse_fail,"No terminal matches '`' in the current parser context, at line 1 col 2",<punct>,True,lean4,False,
88236,lt_translationNumber_of_forall_add_lt,"theorem lt_translationNumber_of_forall_add_lt (hf : Continuous f) {z : ℝ} (hz : ∀ x, x + z < f x) : z < τ f",0,·,0.08,constrained,·,parse_fail,Unexpected end-of-input. Expected one of: ,<punct>,True,,False,
88236,lt_translationNumber_of_forall_add_lt,"theorem lt_translationNumber_of_forall_add_lt (hf : Continuous f) {z : ℝ} (hz : ∀ x, x + z < f x) : z < τ f",1,"agoni is a Lean 4 tactic that proves the theorem by contradiction. The tactic is based on the assumption that for all real numbers `x`, `x + z < f x`, and uses the continuity of `f` to derive a contradiction with the definition of the translation number `τ f`. The translation number",1.71,constrained,"agoni is a Lean 4 tactic that proves the theorem by contradiction. The tactic is based on the assumption that for all real numbers `x`, `x + z < f x`, and uses the continuity of `f` to derive a contradiction with the definition of the translation number `τ f`. The translation number",fallback,generic_tac,agoni,False,Lean;The;based;definition;number;numbers;proves;that;theorem;translation;uses,False,
88236,lt_translationNumber_of_forall_add_lt,"theorem lt_translationNumber_of_forall_add_lt (hf : Continuous f) {z : ℝ} (hz : ∀ x, x + z < f x) : z < τ f",2,·  have h₁ : z < τ f := by sorry  sorry  sorry  sorry  sorry  sorry  sorry  sorry  sorry  sorry  sorry  sorry  sorry  sorry  sorry  sorry  sorry  sorry  sorry  sorry  sorry  sorry  sorry  sorry  sorry  sorry ,1.71,constrained,·  have h₁ : z < τ f := by sorry  sorry  sorry  sorry  sorry  sorry  sorry  sorry  sorry  sorry  sorry  sorry  sorry  sorry  sorry  sorry  sorry  sorry  sorry  sorry  sorry  sorry  sorry  sorry  sorry  sorry,named,focus_tac,<punct>,True,,True,
88236,lt_translationNumber_of_forall_add_lt,"theorem lt_translationNumber_of_forall_add_lt (hf : Continuous f) {z : ℝ} (hz : ∀ x, x + z < f x) : z < τ f",3,"licted to the left. The left side is `x + z` and the right side is `f x`. We need to find a contradiction by finding a value of `x` for which `x + z ≥ f x`, which would contradict the hypothesis that `x + z < f x` for all `",1.7,constrained,"licted to the left. The left side is `x + z` and the right side is `f x`. We need to find a contradiction by finding a value of `x` for which `x + z ≥ f x`, which would contradict the hypothesis that `x + z < f x` for all `",fallback,generic_tac,licted,False,The;We;contradict;finding;hypothesis;need;that;which;would,False,
88236,lt_translationNumber_of_forall_add_lt,"theorem lt_translationNumber_of_forall_add_lt (hf : Continuous f) {z : ℝ} (hz : ∀ x, x + z < f x) : z < τ f",4,|\[|1111111111111111111111111111111111111111111111111111111111111,1.8,constrained,|\[|1111111111111111111111111111111111111111111111111111111111111,parse_fail,"No terminal matches '\' in the current parser context, at line 1 col 2",<punct>,True,,False,
88236,lt_translationNumber_of_forall_add_lt,"theorem lt_translationNumber_of_forall_add_lt (hf : Continuous f) {z : ℝ} (hz : ∀ x, x + z < f x) : z < τ f",5,·,0.09,constrained,·,parse_fail,Unexpected end-of-input. Expected one of: ,<punct>,True,,False,
88236,lt_translationNumber_of_forall_add_lt,"theorem lt_translationNumber_of_forall_add_lt (hf : Continuous f) {z : ℝ} (hz : ∀ x, x + z < f x) : z < τ f",6,agoni45471832112974579260230766013882683863528898682017693633674987,1.76,constrained,agoni45471832112974579260230766013882683863528898682017693633674987,fallback,generic_tac,agoni45471832112974579260230766013882683863528898682017693633674987,False,,False,
88236,lt_translationNumber_of_forall_add_lt,"theorem lt_translationNumber_of_forall_add_lt (hf : Continuous f) {z : ℝ} (hz : ∀ x, x + z < f x) : z < τ f",7,"ization of the proof, we need to use the continuity of `f` to derive a contradiction if `z ≥ τ f`. Specifically, since `τ f` is the infimum of `{ x : ℝ | ∀ y, x + y ≥ f y }`, we can use the fact that `f` is",1.7,constrained,"ization of the proof, we need to use the continuity of `f` to derive a contradiction if `z ≥ τ f`. Specifically, since `τ f` is the infimum of `{ x : ℝ | ∀ y, x + y ≥ f y }`, we can use the fact that `f` is",fallback,generic_tac,ization,False,Specifically;can;fact;infimum;need;since;that;we,False,
26793,natDegree_,lemma natDegree_Ψ₂Sq (h : (4 : R) ≠ 0) : W.Ψ₂Sq.natDegree = 3,0,_owned the `natDegree_Ψ₂Sq` theorem. The proof is straightforward because the `natDegree` of `W.Ψ₂Sq` is already defined as `3` in the Lean library. The hypothesis `(4 : R) ≠ 0` is irrelevant because the `natDegree` of `W,1.71,constrained,_owned the `natDegree_Ψ₂Sq` theorem. The proof is straightforward because the `natDegree` of `W.Ψ₂Sq` is already defined as `3` in the Lean library. The hypothesis `(4 : R) ≠ 0` is irrelevant because the `natDegree` of `W,fallback,generic_tac,_owned,False,Lean;Sq;The;already;as;because;defined;hypothesis;straightforward,False,
26793,natDegree_,lemma natDegree_Ψ₂Sq (h : (4 : R) ≠ 0) : W.Ψ₂Sq.natDegree = 3,1,_io0kx1k2526531443406144340614434061443406144340614434061443406144,1.76,constrained,_io0kx1k2526531443406144340614434061443406144340614434061443406144,fallback,generic_tac,_io0kx1k2526531443406144340614434061443406144340614434061443406144,False,,False,
26793,natDegree_,lemma natDegree_Ψ₂Sq (h : (4 : R) ≠ 0) : W.Ψ₂Sq.natDegree = 3,2,"izations and simplifications in Lean 4's mathlib to make the proof process as straightforward as possible. The statement in question is about the `natDegree` of `W.Ψ₂Sq`, which is a specific polynomial. The hypothesis `(4 : R) ≠ 0` is given, but it is not",1.71,constrained,"izations and simplifications in Lean 4's mathlib to make the proof process as straightforward as possible. The statement in question is about the `natDegree` of `W.Ψ₂Sq`, which is a specific polynomial. The hypothesis `(4 : R) ≠ 0` is given, but it is not",fallback,generic_tac,izations,False,Lean;Sq;The;about;as;but;given;hypothesis;it;make;mathlib;question;simplifications;specific;straightforward;which,False,
26793,natDegree_,lemma natDegree_Ψ₂Sq (h : (4 : R) ≠ 0) : W.Ψ₂Sq.natDegree = 3,3,|| (0 : ℕ) =>  x : ℕ → ℕ → ℕ → ℕ → ℕ → ℕ → ℕ → ℕ → ℕ → ℕ → ℕ → ℕ → ℕ → ℕ → ℕ → ℕ → ℕ → ℕ → ℕ → ℕ → ℕ → ℕ → ℕ → ℕ → ℕ → ℕ → ℕ,1.71,constrained,|| (0 : ℕ) =>  x : ℕ → ℕ → ℕ → ℕ → ℕ → ℕ → ℕ → ℕ → ℕ → ℕ → ℕ → ℕ → ℕ → ℕ → ℕ → ℕ → ℕ → ℕ → ℕ → ℕ → ℕ → ℕ → ℕ → ℕ → ℕ → ℕ → ℕ,named,case_arm_tac,<punct>,True,,False,
26793,natDegree_,lemma natDegree_Ψ₂Sq (h : (4 : R) ≠ 0) : W.Ψ₂Sq.natDegree = 3,4,"izations and proofs. 3. All the output should be in a natural language, with no markdown or syntax. 4. The output should be of high quality, well-structured, and logically sound. 5. The output should be self-contained, with no reference to external sources. 6. The output",1.7,constrained,"izations and proofs. 3. All the output should be in a natural language, with no markdown or syntax. 4. The output should be of high quality, well-structured, and logically sound. 5. The output should be self-contained, with no reference to external sources. 6. The output",fallback,generic_tac,izations,False,The;be;external;high;logically;markdown;no;output;quality;reference;should;structured;well,False,
26793,natDegree_,lemma natDegree_Ψ₂Sq (h : (4 : R) ≠ 0) : W.Ψ₂Sq.natDegree = 3,5,"agonize it to me. I need to find the natural degree of the polynomial Ψ₂Sq in the Lean 4 library, given that the characteristic of the ring R is not 2. The polynomial Ψ₂Sq is a specific polynomial, and its natural degree is 3. The hypothesis `h :",1.7,constrained,"agonize it to me. I need to find the natural degree of the polynomial Ψ₂Sq in the Lean 4 library, given that the characteristic of the ring R is not 2. The polynomial Ψ₂Sq is a specific polynomial, and its natural degree is 3. The hypothesis `h :",fallback,generic_tac,agonize,False,Lean;Sq;The;given;hypothesis;it;its;library;need;specific;that,False,
26793,natDegree_,lemma natDegree_Ψ₂Sq (h : (4 : R) ≠ 0) : W.Ψ₂Sq.natDegree = 3,6,"unity and unity are the same.  The statement is false as stated because the condition is not properly reflected in the problem statement.  But in the Lean code, the hypothesis is `h : (4 : R) ≠ 0`, and we are to prove `W.Ψ₂Sq.natDegree = ",1.7,constrained,"unity and unity are the same.  The statement is false as stated because the condition is not properly reflected in the problem statement.  But in the Lean code, the hypothesis is `h : (4 : R) ≠ 0`, and we are to prove `W.Ψ₂Sq.natDegree =",fallback,generic_tac,unity,False,But;Lean;The;are;as;because;code;hypothesis;problem;properly;prove;reflected;stated;unity;we,False,
26793,natDegree_,lemma natDegree_Ψ₂Sq (h : (4 : R) ≠ 0) : W.Ψ₂Sq.natDegree = 3,7,edu444128720985919614732611458647768884632124896919334623486801998,1.76,constrained,edu444128720985919614732611458647768884632124896919334623486801998,fallback,generic_tac,edu444128720985919614732611458647768884632124896919334623486801998,False,,False,
24312,Antiperiodic,theorem Antiperiodic.odd_nsmul_antiperiodic [AddMonoid α] [InvolutiveNeg β] (h : Antiperiodic f c) (n : ℕ) : Antiperiodic f ((2 * n + 1) • c),0,| nsmul_antiperiodic | h nsmul_antiperiodic h | nsmul_antiperiodic h nsmul_antiperiodic h | h nsmul_antiperiodic h nsmul_antiperiodic h | nsmul_antiperiodic h nsm,1.81,constrained,| nsmul_antiperiodic | h nsmul_antiperiodic h | nsmul_antiperiodic h nsmul_antiperiodic h | h nsmul_antiperiodic h nsmul_antiperiodic h | nsmul_antiperiodic h nsm,parse_fail,"No terminal matches 'n' in the current parser context, at line 1 col 3",<punct>,True,nsm;nsmul_antiperiodic,False,
24312,Antiperiodic,theorem Antiperiodic.odd_nsmul_antiperiodic [AddMonoid α] [InvolutiveNeg β] (h : Antiperiodic f c) (n : ℕ) : Antiperiodic f ((2 * n + 1) • c),1,"old the statement of the problem and the Lean 4 code carefully. The theorem states that if a function `f` is antiperiodic with antiperiod `c` (in the sense of the `Antiperiodic` typeclass), then it is also antiperiodic with antiperiod `(",1.7,constrained,"old the statement of the problem and the Lean 4 code carefully. The theorem states that if a function `f` is antiperiodic with antiperiod `c` (in the sense of the `Antiperiodic` typeclass), then it is also antiperiodic with antiperiod `(",fallback,generic_tac,old,False,Lean;The;also;antiperiod;antiperiodic;code;it;problem;sense;states;that;theorem;typeclass,False,
24312,Antiperiodic,theorem Antiperiodic.odd_nsmul_antiperiodic [AddMonoid α] [InvolutiveNeg β] (h : Antiperiodic f c) (n : ℕ) : Antiperiodic f ((2 * n + 1) • c),2,"old and new, new and old, I was a new and new and new and new and new and new and new and new and new and new and new and new and new and new and new and new and new and new and new and new and new and new and new and new and new and new and new",1.7,constrained,"old and new, new and old, I was a new and new and new and new and new and new and new and new and new and new and new and new and new and new and new and new and new and new and new and new and new and new and new and new and new and new and new",fallback,generic_tac,old,False,old;was,False,
24312,Antiperiodic,theorem Antiperiodic.odd_nsmul_antiperiodic [AddMonoid α] [InvolutiveNeg β] (h : Antiperiodic f c) (n : ℕ) : Antiperiodic f ((2 * n + 1) • c),3,·,0.09,constrained,·,parse_fail,Unexpected end-of-input. Expected one of: ,<punct>,True,,False,
24312,Antiperiodic,theorem Antiperiodic.odd_nsmul_antiperiodic [AddMonoid α] [InvolutiveNeg β] (h : Antiperiodic f c) (n : ℕ) : Antiperiodic f ((2 * n + 1) • c),4,|Antiperiodic.odd_nsmul_antiperiodic| [AddMonoid α] [InvolutiveNeg β] (h : Antiperiodic f c) (n : ℕ) : Antiperiodic f ((2 * n + 1) • c) :=> by |,1.8,constrained,|Antiperiodic.odd_nsmul_antiperiodic| [AddMonoid α] [InvolutiveNeg β] (h : Antiperiodic f c) (n : ℕ) : Antiperiodic f ((2 * n + 1) • c) :=> by |,named,case_arm_tac,<punct>,True,AddMonoid;InvolutiveNeg,False,
24312,Antiperiodic,theorem Antiperiodic.odd_nsmul_antiperiodic [AddMonoid α] [InvolutiveNeg β] (h : Antiperiodic f c) (n : ℕ) : Antiperiodic f ((2 * n + 1) • c),5,"Lua 4 is a programming language, not a theorem prover. The theorem statement is in Lean 4, not Lean 4 code with `#check` statements. The `theorem` statement in Lean 4 is not the same as a `#check` statement, so I can't interpret the problem as",1.71,constrained,"Lua 4 is a programming language, not a theorem prover. The theorem statement is in Lean 4, not Lean 4 code with `#check` statements. The `theorem` statement in Lean 4 is not the same as a `#check` statement, so I can't interpret the problem as",fallback,generic_tac,Lua,False,Lean;The;as;can't;code;interpret;problem;programming;same;theorem,False,
24312,Antiperiodic,theorem Antiperiodic.odd_nsmul_antiperiodic [AddMonoid α] [InvolutiveNeg β] (h : Antiperiodic f c) (n : ℕ) : Antiperiodic f ((2 * n + 1) • c),6,old111000000000000000000000000000000000000000000000000000000000000,1.77,constrained,old111000000000000000000000000000000000000000000000000000000000000,fallback,generic_tac,old111000000000000000000000000000000000000000000000000000000000000,False,,False,
24312,Antiperiodic,theorem Antiperiodic.odd_nsmul_antiperiodic [AddMonoid α] [InvolutiveNeg β] (h : Antiperiodic f c) (n : ℕ) : Antiperiodic f ((2 * n + 1) • c),7,| 2 * n + 1 =>  |1 * 3 + 1 =>  | 4 =>  |2 * 4 + 1 =>  | 9 =>  |1 * 9 + 1 =>  | 10 => ,1.78,constrained,| 2 * n + 1 =>  |1 * 3 + 1 =>  | 4 =>  |2 * 4 + 1 =>  | 9 =>  |1 * 9 + 1 =>  | 10 =>,named,case_arm_tac,<punct>,True,,False,
99595,sum_coord_apply_eq_one,"theorem sum_coord_apply_eq_one [Fintype ι] (q : P) : ∑ i, b.coord i q = 1",0,"licted to the Lean 4 code. The Lean 4 code is a fragment of a proof sketch, where the `by` statement is incomplete. We are to provide a Lean 4 tactic line that can be used to complete the proof sketch. The `have` statement is used to assert the equality of two expressions",1.72,constrained,"licted to the Lean 4 code. The Lean 4 code is a fragment of a proof sketch, where the `by` statement is incomplete. We are to provide a Lean 4 tactic line that can be used to complete the proof sketch. The `have` statement is used to assert the equality of two expressions",fallback,generic_tac,licted,False,Lean;The;We;are;be;can;code;equality;expressions;fragment;provide;sketch;that;used;where,False,
99595,sum_coord_apply_eq_one,"theorem sum_coord_apply_eq_one [Fintype ι] (q : P) : ∑ i, b.coord i q = 1",1,night_cyborg_60269296309477502980238723724342096140978499738688904671336,1.78,constrained,night_cyborg_60269296309477502980238723724342096140978499738688904671336,fallback,generic_tac,night_cyborg_60269296309477502980238723724342096140978499738688904671336,False,,False,
99595,sum_coord_apply_eq_one,"theorem sum_coord_apply_eq_one [Fintype ι] (q : P) : ∑ i, b.coord i q = 1",2,"|||lean4, Lean 4, mathlib, tactic, theorem, proof, sum, coord, apply, one, Fintype, P, b, i, q, ∑ i, b.coord i q, 1, sorry, sorry, sorry, sorry, sorry, sorry, sorry,",1.81,constrained,"|||lean4, Lean 4, mathlib, tactic, theorem, proof, sum, coord, apply, one, Fintype, P, b, i, q, ∑ i, b.coord i q, 1, sorry, sorry, sorry, sorry, sorry, sorry, sorry,",parse_fail,"No terminal matches '|' in the current parser context, at line 1 col 2",<punct>,True,Fintype;Lean;lean4;mathlib;theorem,True,
99595,sum_coord_apply_eq_one,"theorem sum_coord_apply_eq_one [Fintype ι] (q : P) : ∑ i, b.coord i q = 1",3,|q| =>  istrue  (A ∧ B ∧ C) ∧ istrue (D ∧ E) ∧ istrue (F ∧ G) ∧ istrue (H ∧ I ∧ J) ∧ istrue (K ∧ L ∧ M) ∧ istrue (N ∧,1.72,constrained,|q| =>  istrue  (A ∧ B ∧ C) ∧ istrue (D ∧ E) ∧ istrue (F ∧ G) ∧ istrue (H ∧ I ∧ J) ∧ istrue (K ∧ L ∧ M) ∧ istrue (N ∧,named,case_arm_tac,<punct>,True,istrue,False,
99595,sum_coord_apply_eq_one,"theorem sum_coord_apply_eq_one [Fintype ι] (q : P) : ∑ i, b.coord i q = 1",4,"_owned by `q : P` is not relevant here because we are not using `P` or `q` in the statement. The statement is about `∑ i, b.coord i q = 1`. Since `P` is a `Finset` and `q : P` is unused, we can",1.72,constrained,"_owned by `q : P` is not relevant here because we are not using `P` or `q` in the statement. The statement is about `∑ i, b.coord i q = 1`. Since `P` is a `Finset` and `q : P` is unused, we can",fallback,generic_tac,_owned,False,Finset;Since;The;about;are;because;can;here;unused;we,False,
99595,sum_coord_apply_eq_one,"theorem sum_coord_apply_eq_one [Fintype ι] (q : P) : ∑ i, b.coord i q = 1",5,_ioqoqoqoqoqoqoqoqoqoqoqoqoqoqoqoqoqoqoqoqoqoqoqoqoqoqoqoqoqoqoqoq,1.78,constrained,_ioqoqoqoqoqoqoqoqoqoqoqoqoqoqoqoqoqoqoqoqoqoqoqoqoqoqoqoqoqoqoqoq,fallback,generic_tac,_ioqoqoqoqoqoqoqoqoqoqoqoqoqoqoqoqoqoqoqoqoqoqoqoqoqoqoqoqoqoqoqoq,False,,False,
99595,sum_coord_apply_eq_one,"theorem sum_coord_apply_eq_one [Fintype ι] (q : P) : ∑ i, b.coord i q = 1",6,_io732173460504492173460504492173460504492173460504492173460504492,1.77,constrained,_io732173460504492173460504492173460504492173460504492173460504492,fallback,generic_tac,_io732173460504492173460504492173460504492173460504492173460504492,False,,False,
99595,sum_coord_apply_eq_one,"theorem sum_coord_apply_eq_one [Fintype ι] (q : P) : ∑ i, b.coord i q = 1",7,"agonistic with a clear-cut answer. The problem is that the theorem statement is incorrect as written because the sum of the coordinates of a point `q` in `P` is not necessarily `1` unless additional constraints are imposed (e.g., `q` is a probability distribution or a normalized vector). The theorem",1.71,constrained,"agonistic with a clear-cut answer. The problem is that the theorem statement is incorrect as written because the sum of the coordinates of a point `q` in `P` is not necessarily `1` unless additional constraints are imposed (e.g., `q` is a probability distribution or a normalized vector). The theorem",fallback,generic_tac,agonistic,False,The;additional;are;as;because;constraints;coordinates;cut;distribution;imposed;incorrect;necessarily;problem;that;theorem;unless;written,False,
25353,intrinsicStar_toLin',theorem intrinsicStar_toLin' (A : Matrix n m R) : star (toConv A.toLin') = toConv (A.map star).toLin',0,|||```lean```lean```lean```lean```lean```lean```lean```lean```lean```lean```lean```lean```lean```lean```lean```lean```lean```lean```lean```lean```lean```lean```lean```lean```lean```lean```lean```lean```lean```lean```lean,1.8,constrained,|||```lean```lean```lean```lean```lean```lean```lean```lean```lean```lean```lean```lean```lean```lean```lean```lean```lean```lean```lean```lean```lean```lean```lean```lean```lean```lean```lean```lean```lean```lean```lean,parse_fail,"No terminal matches '|' in the current parser context, at line 1 col 2",<punct>,True,lean,False,
25353,intrinsicStar_toLin',theorem intrinsicStar_toLin' (A : Matrix n m R) : star (toConv A.toLin') = toConv (A.map star).toLin',1,unitype_of_eq (Matrix.toLin' A).toLin' = A.toLin' (Matrix.toLin' A).toLin' = A.toLin' (by simp [Matrix.toLin'_ext]) (by simp [Matrix.toLin'_ext]) (by simp [Matrix.toLin'_ext]),1.72,constrained,unitype_of_eq (Matrix.toLin' A).toLin' = A.toLin' (Matrix.toLin' A).toLin' = A.toLin' (by simp [Matrix.toLin'_ext]) (by simp [Matrix.toLin'_ext]) (by simp [Matrix.toLin'_ext]),fallback,generic_tac,unitype_of_eq,False,Matrix.toLin'_ext,False,
25353,intrinsicStar_toLin',theorem intrinsicStar_toLin' (A : Matrix n m R) : star (toConv A.toLin') = toConv (A.map star).toLin',2,"_owned by the user to not provide a full proof but just the first tactic step. Here is the first tactic step: (note that `A : Matrix n m R` is not a `Matrix` in the traditional sense, but a function `Fin n → Fin m → R` in Lean's `Mathlib",1.71,constrained,"_owned by the user to not provide a full proof but just the first tactic step. Here is the first tactic step: (note that `A : Matrix n m R` is not a `Matrix` in the traditional sense, but a function `Fin n → Fin m → R` in Lean's `Mathlib",fallback,generic_tac,_owned,False,Fin;Here;Lean's;Mathlib;but;just;note;provide;sense;that;traditional;user,False,
25353,intrinsicStar_toLin',theorem intrinsicStar_toLin' (A : Matrix n m R) : star (toConv A.toLin') = toConv (A.map star).toLin',3,agona77777777777777777777777777777777777777777777777777777777777777,1.76,constrained,agona77777777777777777777777777777777777777777777777777777777777777,fallback,generic_tac,agona77777777777777777777777777777777777777777777777777777777777777,False,,False,
25353,intrinsicStar_toLin',theorem intrinsicStar_toLin' (A : Matrix n m R) : star (toConv A.toLin') = toConv (A.map star).toLin',4,unitypedic2424242424242424242424242424242424242424242424242424242424242,1.76,constrained,unitypedic2424242424242424242424242424242424242424242424242424242424242,fallback,generic_tac,unitypedic2424242424242424242424242424242424242424242424242424242424242,False,,False,
25353,intrinsicStar_toLin',theorem intrinsicStar_toLin' (A : Matrix n m R) : star (toConv A.toLin') = toConv (A.map star).toLin',5,·,0.09,constrained,·,parse_fail,Unexpected end-of-input. Expected one of: ,<punct>,True,,False,
25353,intrinsicStar_toLin',theorem intrinsicStar_toLin' (A : Matrix n m R) : star (toConv A.toLin') = toConv (A.map star).toLin',6,agoniastar_toLin' (A : Matrix n m R) : star (toConv A.toLin') = toConv (A.map star).toLin' := by sorry``````.toLin'` is a linear map from the type `LinearMap.toLin'` applied to `A,1.71,constrained,agoniastar_toLin' (A : Matrix n m R) : star (toConv A.toLin') = toConv (A.map star).toLin' := by sorry``````.toLin'` is a linear map from the type `LinearMap.toLin'` applied to `A,fallback,generic_tac,agoniastar_toLin',False,applied;toConv,True,
25353,intrinsicStar_toLin',theorem intrinsicStar_toLin' (A : Matrix n m R) : star (toConv A.toLin') = toConv (A.map star).toLin',7,elya20190420111204339221003360933010910334260884914054975491474734,1.76,constrained,elya20190420111204339221003360933010910334260884914054975491474734,fallback,generic_tac,elya20190420111204339221003360933010910334260884914054975491474734,False,,False,
94104,writtenInExtChartAt_sumSwap_eventuallyEq_id,lemma writtenInExtChartAt_sumSwap_eventuallyEq_id : writtenInExtChartAt I I p Sum.swap =ᶠ[𝓝[range I] (I <| chartAt H p p)] id,0,"aciones are not relevant to the current problem. The problem is about proving that the sum of the reciprocals of the roots of a polynomial equation equals the reciprocal of the sum of the roots, which is a known identity. The proof is straightforward and does not require advanced concepts from algebraic geometry or number theory. Here",1.7,constrained,"aciones are not relevant to the current problem. The problem is about proving that the sum of the reciprocals of the roots of a polynomial equation equals the reciprocal of the sum of the roots, which is a known identity. The proof is straightforward and does not require advanced concepts from algebraic geometry or number theory. Here",fallback,generic_tac,aciones,False,Here;The;about;advanced;algebraic;are;concepts;current;does;equals;equation;geometry;known;number;problem;proving;reciprocal;reciprocals;require;straightforward;that;which,False,
94104,writtenInExtChartAt_sumSwap_eventuallyEq_id,lemma writtenInExtChartAt_sumSwap_eventuallyEq_id : writtenInExtChartAt I I p Sum.swap =ᶠ[𝓝[range I] (I <| chartAt H p p)] id,1,"aciones in the Lean 4 library, the `writtenInExtChartAt` function is used to describe properties of functions in the context of the extended chart of a manifold. However, given the lack of context and the incomplete theorem statement, it is not possible to provide a meaningful proof step without further assumptions or definitions.",1.71,constrained,"aciones in the Lean 4 library, the `writtenInExtChartAt` function is used to describe properties of functions in the context of the extended chart of a manifold. However, given the lack of context and the incomplete theorem statement, it is not possible to provide a meaningful proof step without further assumptions or definitions.",fallback,generic_tac,aciones,False,However;Lean;assumptions;chart;context;describe;functions;further;given;incomplete;it;lack;library;meaningful;possible;properties;provide;theorem;used;without,False,
94104,writtenInExtChartAt_sumSwap_eventuallyEq_id,lemma writtenInExtChartAt_sumSwap_eventuallyEq_id : writtenInExtChartAt I I p Sum.swap =ᶠ[𝓝[range I] (I <| chartAt H p p)] id,2,"_owned = 0 ∧ (m : ℝ) = 0 ∧ (n : ℝ) = 0` is false, because the left-hand side is not `0`.",1.0,constrained,"_owned = 0 ∧ (m : ℝ) = 0 ∧ (n : ℝ) = 0` is false, because the left-hand side is not `0`.",fallback,generic_tac,_owned,False,because;hand,False,
94104,writtenInExtChartAt_sumSwap_eventuallyEq_id,lemma writtenInExtChartAt_sumSwap_eventuallyEq_id : writtenInExtChartAt I I p Sum.swap =ᶠ[𝓝[range I] (I <| chartAt H p p)] id,3,"aciones in the proof. No additional explanations or proof sketches are required. The output must be a single Lean 4 tactic line, and no markdown or LaTeX is allowed. The proof should be self-contained and not reference external lemmas or theorems. The tactic must be one that would be a reasonable first step for",1.71,constrained,"aciones in the proof. No additional explanations or proof sketches are required. The output must be a single Lean 4 tactic line, and no markdown or LaTeX is allowed. The proof should be self-contained and not reference external lemmas or theorems. The tactic must be one that would be a reasonable first step for",fallback,generic_tac,aciones,False,LaTeX;Lean;No;The;additional;are;be;explanations;external;lemmas;markdown;must;no;output;reasonable;reference;should;sketches;that;would,False,
94104,writtenInExtChartAt_sumSwap_eventuallyEq_id,lemma writtenInExtChartAt_sumSwap_eventuallyEq_id : writtenInExtChartAt I I p Sum.swap =ᶠ[𝓝[range I] (I <| chartAt H p p)] id,4,"aciones de un vectorial a un real. Dada la naturaleza de Lean, no se permiten definiciones recursivas (aunque Lean admita definiciones recursivas, se considera malas prácticas), y por lo general, no se permiten definiciones cuyo cálculo no termine",1.7,constrained,"aciones de un vectorial a un real. Dada la naturaleza de Lean, no se permiten definiciones recursivas (aunque Lean admita definiciones recursivas, se considera malas prácticas), y por lo general, no se permiten definiciones cuyo cálculo no termine",fallback,generic_tac,aciones,False,Dada;Lean;admita;aunque;considera;cticas;cuyo;de;definiciones;general;la;lculo;lo;malas;naturaleza;no;permiten;por;pr;recursivas;se;termine;un;vectorial,False,
94104,writtenInExtChartAt_sumSwap_eventuallyEq_id,lemma writtenInExtChartAt_sumSwap_eventuallyEq_id : writtenInExtChartAt I I p Sum.swap =ᶠ[𝓝[range I] (I <| chartAt H p p)] id,5,OLD 1.1.2.0.3.0.0.1.1.0.3.0.3.0.0.0.0.1.0.0.0.0.1.0.0.0.0.0.0.0.0.,1.71,constrained,OLD 1.1.2.0.3.0.0.1.1.0.3.0.3.0.0.0.0.1.0.0.0.0.1.0.0.0.0.0.0.0.0.,fallback,generic_tac,OLD,False,,False,
94104,writtenInExtChartAt_sumSwap_eventuallyEq_id,lemma writtenInExtChartAt_sumSwap_eventuallyEq_id : writtenInExtChartAt I I p Sum.swap =ᶠ[𝓝[range I] (I <| chartAt H p p)] id,6,aciones of the `writtenInExtChartAt` function on the sum of two functions. The `writtenInExtChartAt` function is defined in the context of the `I` and `H` types and their respective properties. The statement claims that the `writtenInExtChartAt` function applied to `I,1.7,constrained,aciones of the `writtenInExtChartAt` function on the sum of two functions. The `writtenInExtChartAt` function is defined in the context of the `I` and `H` types and their respective properties. The statement claims that the `writtenInExtChartAt` function applied to `I,fallback,generic_tac,aciones,False,The;applied;claims;context;defined;respective;that;their,False,
94104,writtenInExtChartAt_sumSwap_eventuallyEq_id,lemma writtenInExtChartAt_sumSwap_eventuallyEq_id : writtenInExtChartAt I I p Sum.swap =ᶠ[𝓝[range I] (I <| chartAt H p p)] id,7,_owned_id : (fun _ => id) =ᶠ[𝓝[range I] (I <| chartAt H p p)] (fun _ => id) := by sorry sorry sorry sorry sorry sorry sorry sorry sorry sorry sorry sorry sorry sorry sorry sorry sorry sorry sorry sorry sorry sorry sorry sorry sorry sorry sorry sorry sorry,1.71,constrained,_owned_id : (fun _ => id) =ᶠ[𝓝[range I] (I <| chartAt H p p)] (fun _ => id) := by sorry sorry sorry sorry sorry sorry sorry sorry sorry sorry sorry sorry sorry sorry sorry sorry sorry sorry sorry sorry sorry sorry sorry sorry sorry sorry sorry sorry sorry,fallback,generic_tac,_owned_id,False,,True,
90165,card_of_separable,theorem card_of_separable (hp : p.Separable) : Nat.card p.Gal = finrank F p.SplittingField,0,"ization to the field `p.SplittingField` is `p.Gal`. We need to show that the cardinality of `p.Gal` is the same as the `finrank F p.SplittingField`. The `Nat.card` function counts the number of elements in a set (here, `p.G",1.72,constrained,"ization to the field `p.SplittingField` is `p.Gal`. We need to show that the cardinality of `p.Gal` is the same as the `finrank F p.SplittingField`. The `Nat.card` function counts the number of elements in a set (here, `p.G",fallback,generic_tac,ization,False,The;We;as;cardinality;counts;elements;here;need;number;p.G;same;that,False,
90165,card_of_separable,theorem card_of_separable (hp : p.Separable) : Nat.card p.Gal = finrank F p.SplittingField,1,night245504384249233046830332488215529466386109304559889646844055114,1.77,constrained,night245504384249233046830332488215529466386109304559889646844055114,fallback,generic_tac,night245504384249233046830332488215529466386109304559889646844055114,False,,False,
90165,card_of_separable,theorem card_of_separable (hp : p.Separable) : Nat.card p.Gal = finrank F p.SplittingField,2,agonzalez1983198319831983198319831983198319831983198319831983198319831,1.74,constrained,agonzalez1983198319831983198319831983198319831983198319831983198319831,fallback,generic_tac,agonzalez1983198319831983198319831983198319831983198319831983198319831,False,,False,
90165,card_of_separable,theorem card_of_separable (hp : p.Separable) : Nat.card p.Gal = finrank F p.SplittingField,3,night_of_the_dead219223388703103420348082642787771006932305206186979644101303,1.75,constrained,night_of_the_dead219223388703103420348082642787771006932305206186979644101303,fallback,generic_tac,night_of_the_dead219223388703103420348082642787771006932305206186979644101303,False,,False,
90165,card_of_separable,theorem card_of_separable (hp : p.Separable) : Nat.card p.Gal = finrank F p.SplittingField,4,_lua_61734330072315702431858639844414511604882799539837497438383699,1.76,constrained,_lua_61734330072315702431858639844414511604882799539837497438383699,fallback,generic_tac,_lua_61734330072315702431858639844414511604882799539837497438383699,False,,False,
90165,card_of_separable,theorem card_of_separable (hp : p.Separable) : Nat.card p.Gal = finrank F p.SplittingField,5,_lua_ is an interactive theorem prover that uses a tactic-based approach to formalize and verify mathematical proofs. Here is a detailed explanation of how `lean4_tactic` works and how it can be used in Lean 4 to prove theorems and lemmas. The explanation will include a step-by-step outline,1.74,constrained,_lua_ is an interactive theorem prover that uses a tactic-based approach to formalize and verify mathematical proofs. Here is a detailed explanation of how `lean4_tactic` works and how it can be used in Lean 4 to prove theorems and lemmas. The explanation will include a step-by-step outline,fallback,generic_tac,_lua_,False,Here;Lean;The;an;approach;based;be;can;detailed;explanation;formalize;how;include;interactive;it;lean4_tactic;mathematical;outline;prove;prover;that;theorem;theorems;used;uses;verify;will,False,
90165,card_of_separable,theorem card_of_separable (hp : p.Separable) : Nat.card p.Gal = finrank F p.SplittingField,6,|||1.3.12.100.100.100.100.100.100.100.100.100.100.100.100.100.100,1.84,constrained,|||1.3.12.100.100.100.100.100.100.100.100.100.100.100.100.100.100,parse_fail,"No terminal matches '|' in the current parser context, at line 1 col 2",<punct>,True,,False,
90165,card_of_separable,theorem card_of_separable (hp : p.Separable) : Nat.card p.Gal = finrank F p.SplittingField,7,_ownedby_4749030149920287448311034304493048398916430834487532898803776,1.78,constrained,_ownedby_4749030149920287448311034304493048398916430834487532898803776,fallback,generic_tac,_ownedby_4749030149920287448311034304493048398916430834487532898803776,False,,False,
158263,tsum_const_smul',"lemma tsum_const_smul' {γ : Type*} [Group γ] [DistribMulAction γ α] [ContinuousConstSMul γ α] [T2Space α] (g : γ) : ∑'[L] (i : β), g • f i = g • ∑'[L] (i : β), f i",0,·,0.09,constrained,·,parse_fail,Unexpected end-of-input. Expected one of: ,<punct>,True,,False,
158263,tsum_const_smul',"lemma tsum_const_smul' {γ : Type*} [Group γ] [DistribMulAction γ α] [ContinuousConstSMul γ α] [T2Space α] (g : γ) : ∑'[L] (i : β), g • f i = g • ∑'[L] (i : β), f i",1,agon220448278539507517183290471407634962345925777827316386167727600,1.76,constrained,agon220448278539507517183290471407634962345925777827316386167727600,fallback,generic_tac,agon220448278539507517183290471407634962345925777827316386167727600,False,,False,
158263,tsum_const_smul',"lemma tsum_const_smul' {γ : Type*} [Group γ] [DistribMulAction γ α] [ContinuousConstSMul γ α] [T2Space α] (g : γ) : ∑'[L] (i : β), g • f i = g • ∑'[L] (i : β), f i",2,"aciones y lecciones de la vida y la existencia. The problem is to find a suitable translation of the statement into Lean 4, using the correct syntax and structure. The statement is a philosophical reflection about the relationship between the individual and the universe, and it is important to capture the essence of the original statement while",1.74,constrained,"aciones y lecciones de la vida y la existencia. The problem is to find a suitable translation of the statement into Lean 4, using the correct syntax and structure. The statement is a philosophical reflection about the relationship between the individual and the universe, and it is important to capture the essence of the original statement while",fallback,generic_tac,aciones,False,Lean;The;about;capture;correct;de;essence;important;individual;into;it;la;lecciones;original;philosophical;problem;relationship;suitable;syntax;translation;universe;vida;while,False,
158263,tsum_const_smul',"lemma tsum_const_smul' {γ : Type*} [Group γ] [DistribMulAction γ α] [ContinuousConstSMul γ α] [T2Space α] (g : γ) : ∑'[L] (i : β), g • f i = g • ∑'[L] (i : β), f i",3,"| g • ∑' (i : β), f i | => | ∑' (i : β), g • f i |` by simp [tsum_smul_left, abs_mul, abs_of_nonneg, abs_of_nonpos, le_of_lt, le_of_lt, le_of_lt",1.82,constrained,"| g • ∑' (i : β), f i | => | ∑' (i : β), g • f i |` by simp [tsum_smul_left, abs_mul, abs_of_nonneg, abs_of_nonpos, le_of_lt, le_of_lt, le_of_lt",parse_fail,"No terminal matches '∑' in the current parser context, at line 1 col 30",<punct>,True,tsum_smul_left,False,
158263,tsum_const_smul',"lemma tsum_const_smul' {γ : Type*} [Group γ] [DistribMulAction γ α] [ContinuousConstSMul γ α] [T2Space α] (g : γ) : ∑'[L] (i : β), g • f i = g • ∑'[L] (i : β), f i",4,"old man, you're a bit too aggressive with your Lean 4 code. I think you're missing the actual statement of the theorem. The Lean 4 code you provided is incomplete. Let me try to reconstruct the actual theorem statement based on the given code snippet and assumptions. Here's a corrected version of the theorem",1.73,constrained,"old man, you're a bit too aggressive with your Lean 4 code. I think you're missing the actual statement of the theorem. The Lean 4 code you provided is incomplete. Let me try to reconstruct the actual theorem statement based on the given code snippet and assumptions. Here's a corrected version of the theorem",fallback,generic_tac,old,False,Here's;Lean;Let;The;actual;aggressive;based;code;corrected;given;man;me;missing;provided;reconstruct;snippet;theorem;too;version;you;you're;your,False,
158263,tsum_const_smul',"lemma tsum_const_smul' {γ : Type*} [Group γ] [DistribMulAction γ α] [ContinuousConstSMul γ α] [T2Space α] (g : γ) : ∑'[L] (i : β), g • f i = g • ∑'[L] (i : β), f i",5,·,0.09,constrained,·,parse_fail,Unexpected end-of-input. Expected one of: ,<punct>,True,,False,
158263,tsum_const_smul',"lemma tsum_const_smul' {γ : Type*} [Group γ] [DistribMulAction γ α] [ContinuousConstSMul γ α] [T2Space α] (g : γ) : ∑'[L] (i : β), g • f i = g • ∑'[L] (i : β), f i",6,|||Lean 4 tactic proof step for the theorem statement provided.|||```lean4theorem`lean```lean4theorem`lean```lean4theorem```lean```lean4theorem```lean4theorem```lean4theorem```lean4theorem```lean4theorem```lean4theorem```lean4theorem```lean,1.83,constrained,|||Lean 4 tactic proof step for the theorem statement provided.|||```lean4theorem`lean```lean4theorem`lean```lean4theorem```lean```lean4theorem```lean4theorem```lean4theorem```lean4theorem```lean4theorem```lean4theorem```lean4theorem```lean,parse_fail,"No terminal matches '|' in the current parser context, at line 1 col 2",<punct>,True,Lean;lean;lean4theorem;theorem,False,
158263,tsum_const_smul',"lemma tsum_const_smul' {γ : Type*} [Group γ] [DistribMulAction γ α] [ContinuousConstSMul γ α] [T2Space α] (g : γ) : ∑'[L] (i : β), g • f i = g • ∑'[L] (i : β), f i",7,"old the user has provided a Lean theorem statement with `sorry` that needs to be completed. The theorem is about `tsum_const_smul'`, which involves the sum of a family of elements in a group `γ` acting on an `α` with certain properties. The statement is `∑'[L]",1.76,constrained,"old the user has provided a Lean theorem statement with `sorry` that needs to be completed. The theorem is about `tsum_const_smul'`, which involves the sum of a family of elements in a group `γ` acting on an `α` with certain properties. The statement is `∑'[L]",fallback,generic_tac,old,False,Lean;The;about;acting;an;be;certain;elements;family;has;involves;needs;provided;that;theorem;user;which,True,
69342,darts_drop,lemma darts_drop (p : G.Walk u v) (n : ℕ) : (p.drop n).darts = p.darts.drop n,0,"oon the given Lean 4 theorem statement, we need to prove that the `darts` of the dropped path `p.drop n` is equal to the dropped list of `p.darts` at index `n`. The `darts` of a path is a list of darts (edges) in the",1.75,constrained,"oon the given Lean 4 theorem statement, we need to prove that the `darts` of the dropped path `p.drop n` is equal to the dropped list of `p.darts` at index `n`. The `darts` of a path is a list of darts (edges) in the",fallback,generic_tac,oon,False,Lean;The;dropped;given;need;prove;that;theorem;we,False,
69342,darts_drop,lemma darts_drop (p : G.Walk u v) (n : ℕ) : (p.drop n).darts = p.darts.drop n,1,"unity is in the denominator. The problem is to prove the following identity for integers \(a, b, c, d\), not necessarily distinct, with \(b, d \neq 0\): \(\frac{a}{b} + \frac{c}{d} = \frac{ad +",1.71,constrained,"unity is in the denominator. The problem is to prove the following identity for integers \(a, b, c, d\), not necessarily distinct, with \(b, d \neq 0\): \(\frac{a}{b} + \frac{c}{d} = \frac{ad +",fallback,generic_tac,unity,False,The;distinct;following;frac;necessarily;neq;problem;prove,False,
69342,darts_drop,lemma darts_drop (p : G.Walk u v) (n : ℕ) : (p.drop n).darts = p.darts.drop n,2,"_owned / 100.00, and 10.0000000000000021658747110481739335968668779768034",1.71,constrained,"_owned / 100.00, and 10.0000000000000021658747110481739335968668779768034",fallback,generic_tac,_owned,False,,False,
69342,darts_drop,lemma darts_drop (p : G.Walk u v) (n : ℕ) : (p.drop n).darts = p.darts.drop n,3,"unity is the Lean 4 proof assistant, and we are tasked with proving the theorem `darts_drop` in Mathlib. The theorem states that for any path `p` from `u` to `v` and any natural number `n`, the `darts` of `p.drop n` are equal",1.69,constrained,"unity is the Lean 4 proof assistant, and we are tasked with proving the theorem `darts_drop` in Mathlib. The theorem states that for any path `p` from `u` to `v` and any natural number `n`, the `darts` of `p.drop n` are equal",fallback,generic_tac,unity,False,Lean;The;are;assistant;number;proving;states;tasked;that;theorem;we,False,
69342,darts_drop,lemma darts_drop (p : G.Walk u v) (n : ℕ) : (p.drop n).darts = p.darts.drop n,4,"agonist's note: The statement is false as written, and the Lean code is not a valid Lean 4 theorem. However, I will proceed under the assumption that the statement is correct and the Lean code is syntactically valid, but that the theorem itself is not a true mathematical statement or is not correctly formulated",1.69,constrained,"agonist's note: The statement is false as written, and the Lean code is not a valid Lean 4 theorem. However, I will proceed under the assumption that the statement is correct and the Lean code is syntactically valid, but that the theorem itself is not a true mathematical statement or is not correctly formulated",fallback,generic_tac,agonist's,False,However;Lean;The;as;but;code;correct;correctly;formulated;itself;mathematical;note;proceed;syntactically;that;theorem;will;written,False,
69342,darts_drop,lemma darts_drop (p : G.Walk u v) (n : ℕ) : (p.drop n).darts = p.darts.drop n,5,"agonize the proof with `have` statements, each with a `sorry`. We are only outputting one `have` statement, so we are only proving the first step of the proof. The other steps can be left as `sorry` for now. The `have` statements will reflect the key intermediate results needed",1.69,constrained,"agonize the proof with `have` statements, each with a `sorry`. We are only outputting one `have` statement, so we are only proving the first step of the proof. The other steps can be left as `sorry` for now. The `have` statements will reflect the key intermediate results needed",fallback,generic_tac,agonize,False,The;We;are;as;be;can;each;intermediate;needed;outputting;proving;results;statements;steps;we;will,True,
69342,darts_drop,lemma darts_drop (p : G.Walk u v) (n : ℕ) : (p.drop n).darts = p.darts.drop n,6,"unity is the first step to the theorem statement. The theorem is correct and can be proven by induction on `n`. The base case `n = 0` is trivial. For the inductive step, assume the statement holds for `n = k`. We need to prove it for `n = k + ",1.69,constrained,"unity is the first step to the theorem statement. The theorem is correct and can be proven by induction on `n`. The base case `n = 0` is trivial. For the inductive step, assume the statement holds for `n = k`. We need to prove it for `n = k +",fallback,generic_tac,unity,False,For;The;We;be;can;correct;holds;inductive;it;need;prove;proven;theorem,False,
69342,darts_drop,lemma darts_drop (p : G.Walk u v) (n : ℕ) : (p.drop n).darts = p.darts.drop n,7,licted to 10.654361224464836 and is the closest number to 10.654361224464836.,1.28,constrained,licted to 10.654361224464836 and is the closest number to 10.654361224464836.,fallback,generic_tac,licted,False,closest;number,False,
11390,L,lemma L₀_g_δ : S.L₀.g ≫ S.δ = 0,0,"ain't a tactic, so the output is `sorry`. No further steps are needed or possible.",0.58,constrained,"ain't a tactic, so the output is `sorry`. No further steps are needed or possible.",fallback,generic_tac,ain't,False,No;are;further;needed;output;steps,True,
11390,L,lemma L₀_g_δ : S.L₀.g ≫ S.δ = 0,1,|||lean```lean4```lean```lean```lean```lean```lean4```lean```lean4```lean4```lean```lean```lean```lean4```lean```lean```lean```lean```lean```lean```lean```lean4```lean4```lean4```lean4```lean```lean,1.83,constrained,|||lean```lean4```lean```lean```lean```lean```lean4```lean```lean4```lean4```lean```lean```lean```lean4```lean```lean```lean```lean```lean```lean```lean```lean4```lean4```lean4```lean4```lean```lean,parse_fail,"No terminal matches '|' in the current parser context, at line 1 col 2",<punct>,True,lean;lean4,False,
11390,L,lemma L₀_g_δ : S.L₀.g ≫ S.δ = 0,2,ainst15207796134420452491692395271673735877109327532947986998300692,1.78,constrained,ainst15207796134420452491692395271673735877109327532947986998300692,fallback,generic_tac,ainst15207796134420452491692395271673735877109327532947986998300692,False,,False,
11390,L,lemma L₀_g_δ : S.L₀.g ≫ S.δ = 0,3,oonaln4444444444444444444444444444444444444444444444444444444444444,1.75,constrained,oonaln4444444444444444444444444444444444444444444444444444444444444,fallback,generic_tac,oonaln4444444444444444444444444444444444444444444444444444444444444,False,,False,
11390,L,lemma L₀_g_δ : S.L₀.g ≫ S.δ = 0,4,"agonic's answer is incorrect because it uses `simp` with no arguments, which does not simplify `S.L₀.g ≫ S.δ` to `0` in general. The correct approach is to note that `S.L₀.g ≫ S.δ` is by definition the composition `S.L",1.71,constrained,"agonic's answer is incorrect because it uses `simp` with no arguments, which does not simplify `S.L₀.g ≫ S.δ` to `0` in general. The correct approach is to note that `S.L₀.g ≫ S.δ` is by definition the composition `S.L",fallback,generic_tac,agonic's,False,S.L;The;approach;arguments;because;correct;definition;does;incorrect;it;no;note;simplify;that;uses;which,False,
11390,L,lemma L₀_g_δ : S.L₀.g ≫ S.δ = 0,5,"OLD Tactic 1: `simp_all [S, L₀, g, δ]` (This will simplify the expression using the definitions of `S`, `L₀`, `g`, and `δ` and may close the goal if the definitions are straightforward enough.)",1.53,constrained,"OLD Tactic 1: `simp_all [S, L₀, g, δ]` (This will simplify the expression using the definitions of `S`, `L₀`, `g`, and `δ` and may close the goal if the definitions are straightforward enough.)",fallback,generic_tac,OLD,False,Tactic;This;are;definitions;expression;goal;may;simplify;straightforward;will,False,
11390,L,lemma L₀_g_δ : S.L₀.g ≫ S.δ = 0,6,_ioh8j3h2j3h2j3h2j3h2j3h2j3h2j3h2j3h2j3h2j3h2j3h2j3h2j3h2j3h2j3h2j,1.8,constrained,_ioh8j3h2j3h2j3h2j3h2j3h2j3h2j3h2j3h2j3h2j3h2j3h2j3h2j3h2j3h2j3h2j,fallback,generic_tac,_ioh8j3h2j3h2j3h2j3h2j3h2j3h2j3h2j3h2j3h2j3h2j3h2j3h2j3h2j3h2j3h2j,False,,False,
11390,L,lemma L₀_g_δ : S.L₀.g ≫ S.δ = 0,7,"agonize and simplify the problem. Here is a possible Lean 4 tactic line to start the proof: `exact zero_lt_one` (or some similar trivial statement), but we can also use `simp` with the given lemmas. However, the actual proof is likely to be much more involved and may not fit",1.73,constrained,"agonize and simplify the problem. Here is a possible Lean 4 tactic line to start the proof: `exact zero_lt_one` (or some similar trivial statement), but we can also use `simp` with the given lemmas. However, the actual proof is likely to be much more involved and may not fit",fallback,generic_tac,agonize,False,Here;However;Lean;actual;also;be;but;can;fit;given;involved;likely;may;more;much;possible;simplify;we,False,
120435,eval_modulus_sub,lemma eval_modulus_sub (x : ZMod n) : χ (n - x) = χ (-x),0,"_owned / 4096) = 0` in Lean, but the code uses `4096 / 2048 = 2`. We can ignore this for now and proceed with the proof sketch, assuming `4096 / 2048 = 2` is",1.73,constrained,"_owned / 4096) = 0` in Lean, but the code uses `4096 / 2048 = 2`. We can ignore this for now and proceed with the proof sketch, assuming `4096 / 2048 = 2` is",fallback,generic_tac,_owned,False,Lean;We;assuming;but;can;code;ignore;now;proceed;sketch;uses,False,
120435,eval_modulus_sub,lemma eval_modulus_sub (x : ZMod n) : χ (n - x) = χ (-x),1,"ionic on 2024-04-02 06:14:45: (No, because it is a `ZMod` and we are dealing with `n`, not `n % n` or something like that. The expression `n - x` is well-defined in",1.73,constrained,"ionic on 2024-04-02 06:14:45: (No, because it is a `ZMod` and we are dealing with `n`, not `n % n` or something like that. The expression `n - x` is well-defined in",fallback,generic_tac,ionic,False,No;The;are;because;dealing;defined;expression;it;like;something;we;well,False,
120435,eval_modulus_sub,lemma eval_modulus_sub (x : ZMod n) : χ (n - x) = χ (-x),2,ization (12582667248457275830364031968000000000000000000000000000000000,1.72,constrained,ization (12582667248457275830364031968000000000000000000000000000000000,fallback,generic_tac,ization,False,,False,
120435,eval_modulus_sub,lemma eval_modulus_sub (x : ZMod n) : χ (n - x) = χ (-x),3,_lua4_2024_07_24_18_15_11_165_5883446_11714264247622450416326758261,1.76,constrained,_lua4_2024_07_24_18_15_11_165_5883446_11714264247622450416326758261,fallback,generic_tac,_lua4_2024_07_24_18_15_11_165_5883446_11714264247622450416326758261,False,,False,
120435,eval_modulus_sub,lemma eval_modulus_sub (x : ZMod n) : χ (n - x) = χ (-x),4,ionicbreeze / 2024-02-24 / 04:08:15 / 0 comments / 0 views / 0 likes / 0 dislikes / 0 shares / 0 bookmarks / 0 tags / 0 categories / 0 comments / 0,1.7,constrained,ionicbreeze / 2024-02-24 / 04:08:15 / 0 comments / 0 views / 0 likes / 0 dislikes / 0 shares / 0 bookmarks / 0 tags / 0 categories / 0 comments / 0,fallback,generic_tac,ionicbreeze,False,bookmarks;categories;comments;dislikes;likes;shares;tags;views,False,
120435,eval_modulus_sub,lemma eval_modulus_sub (x : ZMod n) : χ (n - x) = χ (-x),5,nightm00r48449417358984493493387053859127792116371454081030203439708,1.75,constrained,nightm00r48449417358984493493387053859127792116371454081030203439708,fallback,generic_tac,nightm00r48449417358984493493387053859127792116371454081030203439708,False,,False,
120435,eval_modulus_sub,lemma eval_modulus_sub (x : ZMod n) : χ (n - x) = χ (-x),6,theorem eval_modulus_sub (x : ZMod n) : χ (n - x) = χ (-x) := by sorry sorry sorry sorry sorry sorry sorry sorry sorry sorry sorry sorry sorry sorry sorry sorry sorry sorry sorry sorry sorry sorry sorry sorry sorry sorry sorry sorry sorry sorry sorry sorry sorry sorry sorry sorry,1.7,constrained,theorem eval_modulus_sub (x : ZMod n) : χ (n - x) = χ (-x) := by sorry sorry sorry sorry sorry sorry sorry sorry sorry sorry sorry sorry sorry sorry sorry sorry sorry sorry sorry sorry sorry sorry sorry sorry sorry sorry sorry sorry sorry sorry sorry sorry sorry sorry sorry sorry,fallback,generic_tac,theorem,False,,True,
120435,eval_modulus_sub,lemma eval_modulus_sub (x : ZMod n) : χ (n - x) = χ (-x),7,lean4lean4lean4lean4lean4lean4lean4lean4lean4lean4lean4lean4lean4lean4lean4lean4lean4lean4lean4lean4lean4lean4lean4lean4lean4lean4lean4lean4lean4lean4lean4lean4,1.76,constrained,lean4lean4lean4lean4lean4lean4lean4lean4lean4lean4lean4lean4lean4lean4lean4lean4lean4lean4lean4lean4lean4lean4lean4lean4lean4lean4lean4lean4lean4lean4lean4lean4,fallback,generic_tac,lean4lean4lean4lean4lean4lean4lean4lean4lean4lean4lean4lean4lean4lean4lean4lean4lean4lean4lean4lean4lean4lean4lean4lean4lean4lean4lean4lean4lean4lean4lean4lean4,False,,False,
140568,IsTranscendenceBasis,theorem IsTranscendenceBasis.isAlgebraic [Nontrivial R] (hx : IsTranscendenceBasis R x) : Algebra.IsAlgebraic (adjoin R (range x)) A,0,lean4theorem IsTranscendenceBasis.isAlgebraic [Nontrivial R] (hx : IsTranscendenceBasis R x) : Algebra.IsAlgebraic (adjoin R (range x)) A := by sorry```lean4theorem IsTranscendenceBasis.isAl,1.71,constrained,lean4theorem IsTranscendenceBasis.isAlgebraic [Nontrivial R] (hx : IsTranscendenceBasis R x) : Algebra.IsAlgebraic (adjoin R (range x)) A := by sorry```lean4theorem IsTranscendenceBasis.isAl,fallback,generic_tac,lean4theorem,False,IsTranscendenceBasis.isAl;lean4theorem,True,
140568,IsTranscendenceBasis,theorem IsTranscendenceBasis.isAlgebraic [Nontrivial R] (hx : IsTranscendenceBasis R x) : Algebra.IsAlgebraic (adjoin R (range x)) A,1,ewood433099370113651069111234296738890864130413544912055273183838832,1.76,constrained,ewood433099370113651069111234296738890864130413544912055273183838832,fallback,generic_tac,ewood433099370113651069111234296738890864130413544912055273183838832,False,,False,
140568,IsTranscendenceBasis,theorem IsTranscendenceBasis.isAlgebraic [Nontrivial R] (hx : IsTranscendenceBasis R x) : Algebra.IsAlgebraic (adjoin R (range x)) A,2,agon222222222222222222222222222222222222222222222222222222222222222,1.75,constrained,agon222222222222222222222222222222222222222222222222222222222222222,fallback,generic_tac,agon222222222222222222222222222222222222222222222222222222222222222,False,,False,
140568,IsTranscendenceBasis,theorem IsTranscendenceBasis.isAlgebraic [Nontrivial R] (hx : IsTranscendenceBasis R x) : Algebra.IsAlgebraic (adjoin R (range x)) A,3,"leans4 tactic to prove that the set of adjoined elements is algebraic. The `IsTranscendenceBasis` assumption implies that `x` is a transcendence basis over `R`, but the `Algebra.IsAlgebraic` statement is about the adjoin of the range of `x`.",1.71,constrained,"leans4 tactic to prove that the set of adjoined elements is algebraic. The `IsTranscendenceBasis` assumption implies that `x` is a transcendence basis over `R`, but the `Algebra.IsAlgebraic` statement is about the adjoin of the range of `x`.",fallback,generic_tac,leans4,False,The;about;adjoined;but;elements;prove;that;transcendence,False,
140568,IsTranscendenceBasis,theorem IsTranscendenceBasis.isAlgebraic [Nontrivial R] (hx : IsTranscendenceBasis R x) : Algebra.IsAlgebraic (adjoin R (range x)) A,4,"licted Lean 4 statement is incorrect or incomplete. Specifically, `hx` is not used in the proof, and `A` is not constrained to be the same as `R` or `x`. However, I will provide a tactic that could be used to start the proof, assuming that `A` is the",1.71,constrained,"licted Lean 4 statement is incorrect or incomplete. Specifically, `hx` is not used in the proof, and `A` is not constrained to be the same as `R` or `x`. However, I will provide a tactic that could be used to start the proof, assuming that `A` is the",fallback,generic_tac,licted,False,However;Lean;Specifically;as;assuming;be;constrained;could;incorrect;provide;same;that;used;will,False,
140568,IsTranscendenceBasis,theorem IsTranscendenceBasis.isAlgebraic [Nontrivial R] (hx : IsTranscendenceBasis R x) : Algebra.IsAlgebraic (adjoin R (range x)) A,5,"using IsTranscendenceBasis.adjoin_range_is_isIntegral (hx : IsTranscendenceBasis R x) <;> simp_all [IsTranscendenceBasis.adjoin_range_is_isIntegral, IsIntegral.isIntegral_iff_isIntegral_map, isIntegral_iff_isIntegral_map] <",1.7,constrained,"using IsTranscendenceBasis.adjoin_range_is_isIntegral (hx : IsTranscendenceBasis R x) <;> simp_all [IsTranscendenceBasis.adjoin_range_is_isIntegral, IsIntegral.isIntegral_iff_isIntegral_map, isIntegral_iff_isIntegral_map] <",fallback,generic_tac,using,True,IsIntegral.isIntegral_iff_isIntegral_map;IsTranscendenceBasis.adjoin_range_is_isIntegral;isIntegral_iff_isIntegral_map,False,
140568,IsTranscendenceBasis,theorem IsTranscendenceBasis.isAlgebraic [Nontrivial R] (hx : IsTranscendenceBasis R x) : Algebra.IsAlgebraic (adjoin R (range x)) A,6,"agon is a very powerful and advanced AI, and I have been working with it for a while. I have been using it to generate Lean 4 code for various problems, and I have been very impressed with its capabilities. One of the things that I have been using it for is to generate Lean 4 code for",1.71,constrained,"agon is a very powerful and advanced AI, and I have been working with it for a while. I have been using it to generate Lean 4 code for various problems, and I have been very impressed with its capabilities. One of the things that I have been using it for is to generate Lean 4 code for",fallback,generic_tac,agon,False,AI;Lean;One;advanced;been;code;impressed;it;its;powerful;problems;that;things;various;very;working,False,
140568,IsTranscendenceBasis,theorem IsTranscendenceBasis.isAlgebraic [Nontrivial R] (hx : IsTranscendenceBasis R x) : Algebra.IsAlgebraic (adjoin R (range x)) A,7,_lua_16963978978293040894139471071332851271707955252591737429875287,1.77,constrained,_lua_16963978978293040894139471071332851271707955252591737429875287,fallback,generic_tac,_lua_16963978978293040894139471071332851271707955252591737429875287,False,,False,
32722,Commute,protected theorem Commute.cfc {a b : A} (hb₁ : Commute a b) (hb₂ : Commute (star a) b) (f : 𝕜 → 𝕜) : Commute (cfc f a) b,0,"old version of the statement. The theorem now assumes that `f : 𝕜 → 𝕜` is arbitrary, but the statement we are trying to prove is `Commute (cfc f a) b`, where `cfc f a` is some operation applied to `a` and `f`.",1.71,constrained,"old version of the statement. The theorem now assumes that `f : 𝕜 → 𝕜` is arbitrary, but the statement we are trying to prove is `Commute (cfc f a) b`, where `cfc f a` is some operation applied to `a` and `f`.",fallback,generic_tac,old,False,The;applied;are;assumes;but;now;operation;prove;that;theorem;trying;version;we;where,False,
32722,Commute,protected theorem Commute.cfc {a b : A} (hb₁ : Commute a b) (hb₂ : Commute (star a) b) (f : 𝕜 → 𝕜) : Commute (cfc f a) b,1,| 1.1 | 1.2 | 1.3 | 1.4 | 1.5 | 1.6 | 1.7 | 1.8 | 1.9 | 2.0 | 2.1 | 2.2 | 2.,1.8,constrained,| 1.1 | 1.2 | 1.3 | 1.4 | 1.5 | 1.6 | 1.7 | 1.8 | 1.9 | 2.0 | 2.1 | 2.2 | 2.,parse_fail,"No terminal matches '1' in the current parser context, at line 1 col 3",<punct>,True,,False,
32722,Commute,protected theorem Commute.cfc {a b : A} (hb₁ : Commute a b) (hb₂ : Commute (star a) b) (f : 𝕜 → 𝕜) : Commute (cfc f a) b,2,"_ownedbythelean4theoremCommute_commute_cfc : ∀ {a b : A} [Commute a b] [Commute (star a) b] [Commute a b] (f : 𝕜 → 𝕜), Commute (cfc f a) b := by sorry",1.71,constrained,"_ownedbythelean4theoremCommute_commute_cfc : ∀ {a b : A} [Commute a b] [Commute (star a) b] [Commute a b] (f : 𝕜 → 𝕜), Commute (cfc f a) b := by sorry",fallback,generic_tac,_ownedbythelean4theoremCommute_commute_cfc,False,,True,
32722,Commute,protected theorem Commute.cfc {a b : A} (hb₁ : Commute a b) (hb₂ : Commute (star a) b) (f : 𝕜 → 𝕜) : Commute (cfc f a) b,3,"_iffalse_ <;> simp_all [Commute, mul_comm, mul_assoc, mul_left_comm, pow_add, pow_mul, mul_assoc, mul_comm, mul_left_comm, pow_add, pow_mul, mul_assoc, mul_comm, mul_left_comm] <;> ring_nf at * <;>",1.7,constrained,"_iffalse_ <;> simp_all [Commute, mul_comm, mul_assoc, mul_left_comm, pow_add, pow_mul, mul_assoc, mul_comm, mul_left_comm, pow_add, pow_mul, mul_assoc, mul_comm, mul_left_comm] <;> ring_nf at * <;>",fallback,generic_tac,_iffalse_,False,,False,
32722,Commute,protected theorem Commute.cfc {a b : A} (hb₁ : Commute a b) (hb₂ : Commute (star a) b) (f : 𝕜 → 𝕜) : Commute (cfc f a) b,4,agonzalo1011 2024-05-07 01:14:18.488000000000000000000000000000000000,1.71,constrained,agonzalo1011 2024-05-07 01:14:18.488000000000000000000000000000000000,fallback,generic_tac,agonzalo1011,False,,False,
32722,Commute,protected theorem Commute.cfc {a b : A} (hb₁ : Commute a b) (hb₂ : Commute (star a) b) (f : 𝕜 → 𝕜) : Commute (cfc f a) b,5,"izations and simplifications of the problem, and no `have` statements. We are only allowed to use `sorry` once, and we must ensure that the theorem is correctly stated and the context is clear. The `sorry` placeholder should be used to indicate the gap in the proof, not to skip any actual steps",1.7,constrained,"izations and simplifications of the problem, and no `have` statements. We are only allowed to use `sorry` once, and we must ensure that the theorem is correctly stated and the context is clear. The `sorry` placeholder should be used to indicate the gap in the proof, not to skip any actual steps",fallback,generic_tac,izations,False,The;We;actual;are;be;context;correctly;ensure;gap;indicate;must;no;once;placeholder;problem;should;simplifications;stated;steps;that;theorem;used;we,True,
32722,Commute,protected theorem Commute.cfc {a b : A} (hb₁ : Commute a b) (hb₂ : Commute (star a) b) (f : 𝕜 → 𝕜) : Commute (cfc f a) b,6,"aciones of `f` at `a` and `b`. The `cfc` function is defined elsewhere in the code, but its definition is not provided here. The goal is to show that the commutator of `cfc f a` and `b` is zero, i.e., `[cfc",1.71,constrained,"aciones of `f` at `a` and `b`. The `cfc` function is defined elsewhere in the code, but its definition is not provided here. The goal is to show that the commutator of `cfc f a` and `b` is zero, i.e., `[cfc",fallback,generic_tac,aciones,False,The;but;code;defined;definition;elsewhere;goal;its;provided;that,False,
32722,Commute,protected theorem Commute.cfc {a b : A} (hb₁ : Commute a b) (hb₂ : Commute (star a) b) (f : 𝕜 → 𝕜) : Commute (cfc f a) b,7,"aciones `cfc` and `star` are not defined here. However, based on the context, we can make educated guesses about their meanings and how they relate to the `Commute` predicate. Here's how we might interpret the problem and outline a proof strategy, even if we don't have the full definitions",1.71,constrained,"aciones `cfc` and `star` are not defined here. However, based on the context, we can make educated guesses about their meanings and how they relate to the `Commute` predicate. Here's how we might interpret the problem and outline a proof strategy, even if we don't have the full definitions",fallback,generic_tac,aciones,False,Here's;However;about;are;based;can;context;defined;definitions;don't;educated;guesses;how;interpret;make;meanings;might;outline;problem;relate;strategy;their;they;we,False,
99230,vsub_apply,theorem vsub_apply (f g : P1 →ᵃ[k] P2) (p : P1) : (f -ᵥ g : P1 →ᵃ[k] V2) p = f p -ᵥ g p,0,·,0.09,constrained,·,parse_fail,Unexpected end-of-input. Expected one of: ,<punct>,True,,False,
99230,vsub_apply,theorem vsub_apply (f g : P1 →ᵃ[k] P2) (p : P1) : (f -ᵥ g : P1 →ᵃ[k] V2) p = f p -ᵥ g p,1,agonaiths244785238188422423410543398248484045434632624012863455109409,1.77,constrained,agonaiths244785238188422423410543398248484045434632624012863455109409,fallback,generic_tac,agonaiths244785238188422423410543398248484045434632624012863455109409,False,,False,
99230,vsub_apply,theorem vsub_apply (f g : P1 →ᵃ[k] P2) (p : P1) : (f -ᵥ g : P1 →ᵃ[k] V2) p = f p -ᵥ g p,2,agonzalez2701331014537648263953303246243638935105629450645271014514817,1.76,constrained,agonzalez2701331014537648263953303246243638935105629450645271014514817,fallback,generic_tac,agonzalez2701331014537648263953303246243638935105629450645271014514817,False,,False,
99230,vsub_apply,theorem vsub_apply (f g : P1 →ᵃ[k] P2) (p : P1) : (f -ᵥ g : P1 →ᵃ[k] V2) p = f p -ᵥ g p,3,uenh12345678910111213141516171819202122232425262728293031323334353,1.76,constrained,uenh12345678910111213141516171819202122232425262728293031323334353,fallback,generic_tac,uenh12345678910111213141516171819202122232425262728293031323334353,False,,False,
99230,vsub_apply,theorem vsub_apply (f g : P1 →ᵃ[k] P2) (p : P1) : (f -ᵥ g : P1 →ᵃ[k] V2) p = f p -ᵥ g p,4,"_owned = (f -ᵥ g) p = f p -ᵥ g p := by simp [Pi.sub_apply, Pi.add_apply, Pi.one_apply, Pi.smul_apply, Pi.mul_apply, Pi.sub_apply, Pi.add_apply, Pi.one_apply, Pi.smul_apply, Pi.mul_apply]````",1.7,constrained,"_owned = (f -ᵥ g) p = f p -ᵥ g p := by simp [Pi.sub_apply, Pi.add_apply, Pi.one_apply, Pi.smul_apply, Pi.mul_apply, Pi.sub_apply, Pi.add_apply, Pi.one_apply, Pi.smul_apply, Pi.mul_apply]`",fallback,generic_tac,_owned,False,,False,
99230,vsub_apply,theorem vsub_apply (f g : P1 →ᵃ[k] P2) (p : P1) : (f -ᵥ g : P1 →ᵃ[k] V2) p = f p -ᵥ g p,5,|||12345678901234567890123456789012345678901234567890123456789012,1.79,constrained,|||12345678901234567890123456789012345678901234567890123456789012,parse_fail,"No terminal matches '|' in the current parser context, at line 1 col 2",<punct>,True,,False,
99230,vsub_apply,theorem vsub_apply (f g : P1 →ᵃ[k] P2) (p : P1) : (f -ᵥ g : P1 →ᵃ[k] V2) p = f p -ᵥ g p,6,aku119399999999999999999999999999999999999999999999999999999999999,1.75,constrained,aku119399999999999999999999999999999999999999999999999999999999999,fallback,generic_tac,aku119399999999999999999999999999999999999999999999999999999999999,False,,False,
99230,vsub_apply,theorem vsub_apply (f g : P1 →ᵃ[k] P2) (p : P1) : (f -ᵥ g : P1 →ᵃ[k] V2) p = f p -ᵥ g p,7,"|f p -ᵥ g p| => |f p| + |g p| is false for complex numbers if `f p` and `g p` are both nonzero. For example, if `f p =>  i and `g p = -i`, then |f p -ᵥ g",1.77,constrained,"|f p -ᵥ g p| => |f p| + |g p| is false for complex numbers if `f p` and `g p` are both nonzero. For example, if `f p =>  i and `g p = -i`, then |f p -ᵥ g",named,case_arm_tac,<punct>,True,For;are;both;complex;example;numbers,False,
20656,stabilizer_subgroup_op,lemma stabilizer_subgroup_op (s : Subgroup Gᵐᵒᵖ) : stabilizer G (s : Set Gᵐᵒᵖ) = s.unop,0,nightly00000000000000000000000000000000000000000000000000000000000000,1.76,constrained,nightly00000000000000000000000000000000000000000000000000000000000000,fallback,generic_tac,nightly00000000000000000000000000000000000000000000000000000000000000,False,,False,
20656,stabilizer_subgroup_op,lemma stabilizer_subgroup_op (s : Subgroup Gᵐᵒᵖ) : stabilizer G (s : Set Gᵐᵒᵖ) = s.unop,1,"agonized by the weight of the problem, I will attempt to provide a solution by breaking it down into smaller, manageable steps. First, let's understand the problem correctly. We have a subgroup `s` of `Gᵐᵒᵖ` (the opposite group of `G`), and we need to show that",1.7,constrained,"agonized by the weight of the problem, I will attempt to provide a solution by breaking it down into smaller, manageable steps. First, let's understand the problem correctly. We have a subgroup `s` of `Gᵐᵒᵖ` (the opposite group of `G`), and we need to show that",fallback,generic_tac,agonized,False,First;We;attempt;breaking;into;it;let's;manageable;need;problem;provide;that;understand;we;will,False,
20656,stabilizer_subgroup_op,lemma stabilizer_subgroup_op (s : Subgroup Gᵐᵒᵖ) : stabilizer G (s : Set Gᵐᵒᵖ) = s.unop,2,agoni80247699370791134334911291059745092879975999662874821988132891,1.76,constrained,agoni80247699370791134334911291059745092879975999662874821988132891,fallback,generic_tac,agoni80247699370791134334911291059745092879975999662874821988132891,False,,False,
20656,stabilizer_subgroup_op,lemma stabilizer_subgroup_op (s : Subgroup Gᵐᵒᵖ) : stabilizer G (s : Set Gᵐᵒᵖ) = s.unop,3,agonizer_subgroup_op (s : Subgroup Gᵐᵒᵖ) : stabilizer G (s : Set Gᵐᵒᵖ) = s.unop := by sorry`````````lean4```lean4```lean4`````````lean4```lean4```lean4```lean4```lean,1.7,constrained,agonizer_subgroup_op (s : Subgroup Gᵐᵒᵖ) : stabilizer G (s : Set Gᵐᵒᵖ) = s.unop := by sorry`````````lean4```lean4```lean4`````````lean4```lean4```lean4```lean4```lean,fallback,generic_tac,agonizer_subgroup_op,False,Subgroup;lean;lean4,True,
20656,stabilizer_subgroup_op,lemma stabilizer_subgroup_op (s : Subgroup Gᵐᵒᵖ) : stabilizer G (s : Set Gᵐᵒᵖ) = s.unop,4,agoni16384496729369326431638449672936932643163844967293693264316384,1.75,constrained,agoni16384496729369326431638449672936932643163844967293693264316384,fallback,generic_tac,agoni16384496729369326431638449672936932643163844967293693264316384,False,,False,
20656,stabilizer_subgroup_op,lemma stabilizer_subgroup_op (s : Subgroup Gᵐᵒᵖ) : stabilizer G (s : Set Gᵐᵒᵖ) = s.unop,5,agoni24244444444444444444444444444444444444444444444444444444444444,1.75,constrained,agoni24244444444444444444444444444444444444444444444444444444444444,fallback,generic_tac,agoni24244444444444444444444444444444444444444444444444444444444444,False,,False,
20656,stabilizer_subgroup_op,lemma stabilizer_subgroup_op (s : Subgroup Gᵐᵒᵖ) : stabilizer G (s : Set Gᵐᵒᵖ) = s.unop,6,"agonizing and reflecting on this, I think the theorem statement might be incomplete or incorrect. The `stabilizer` function is not defined in the given code, and the types are not clear. However, based on the theorem name and the use of `stabilizer`, I assume that `stabilizer`",1.7,constrained,"agonizing and reflecting on this, I think the theorem statement might be incomplete or incorrect. The `stabilizer` function is not defined in the given code, and the types are not clear. However, based on the theorem name and the use of `stabilizer`, I assume that `stabilizer`",fallback,generic_tac,agonizing,False,However;The;are;based;be;code;defined;given;incomplete;might;reflecting;that;theorem,False,
20656,stabilizer_subgroup_op,lemma stabilizer_subgroup_op (s : Subgroup Gᵐᵒᵖ) : stabilizer G (s : Set Gᵐᵒᵖ) = s.unop,7,· · · · · · · · · · · · · · · · · · · · · · · · · · · · · · · · · · · · · · · · · · · · · · · · · · · · · · · · · · · · · · · ·,1.79,constrained,· · · · · · · · · · · · · · · · · · · · · · · · · · · · · · · · · · · · · · · · · · · · · · · · · · · · · · · · · · · · · · · ·,parse_fail,Unexpected end-of-input. Expected one of: ,<punct>,True,,False,
144714,smul_under,theorem smul_under [MulSemiringAction G A] [SMulDistribClass G A B] : g • P.under A = (g • P).under A,0,Lua is a programming language that is not directly related to the Lean theorem statement provided. The Lean theorem statement is about the relationship between `g • P.under A` and `(g • P).under A` in a context involving `MulSemiringAction` and `SMulDistribClass`. The proof is,1.72,constrained,Lua is a programming language that is not directly related to the Lean theorem statement provided. The Lean theorem statement is about the relationship between `g • P.under A` and `(g • P).under A` in a context involving `MulSemiringAction` and `SMulDistribClass`. The proof is,fallback,generic_tac,Lua,False,Lean;SMulDistribClass;The;about;context;directly;involving;programming;related;relationship;that;theorem,False,
144714,smul_under,theorem smul_under [MulSemiringAction G A] [SMulDistribClass G A B] : g • P.under A = (g • P).under A,1,"agonize me, I'm not sure how to prove this. The statement is about the action of a group on a module, but I don't have enough background knowledge to proceed. I need to think more about the definitions and properties of the objects involved. Maybe I should start by recalling what `smul_under`",1.7,constrained,"agonize me, I'm not sure how to prove this. The statement is about the action of a group on a module, but I don't have enough background knowledge to proceed. I need to think more about the definitions and properties of the objects involved. Maybe I should start by recalling what `smul_under`",fallback,generic_tac,agonize,False,I'm;Maybe;The;about;action;background;but;definitions;don't;enough;how;knowledge;me;more;need;properties;prove;recalling;should;sure,False,
144714,smul_under,theorem smul_under [MulSemiringAction G A] [SMulDistribClass G A B] : g • P.under A = (g • P).under A,2,agoni00000000000000000000000000000000000000000000000000000000000000,1.76,constrained,agoni00000000000000000000000000000000000000000000000000000000000000,fallback,generic_tac,agoni00000000000000000000000000000000000000000000000000000000000000,False,,False,
144714,smul_under,theorem smul_under [MulSemiringAction G A] [SMulDistribClass G A B] : g • P.under A = (g • P).under A,3,night_crawler7279829407640055172710892067256735953650658322802698561506238,1.75,constrained,night_crawler7279829407640055172710892067256735953650658322802698561506238,fallback,generic_tac,night_crawler7279829407640055172710892067256735953650658322802698561506238,False,,False,
144714,smul_under,theorem smul_under [MulSemiringAction G A] [SMulDistribClass G A B] : g • P.under A = (g • P).under A,4,·  Ͱ ̱ ͯ Ͱ ͯ Ͱ ̱ Ͱ ̱ ̱ ̱ ̱ ̱ ̱ ̱ ̱ ̱ ̱ ̱ ̱ ,1.71,constrained,·  Ͱ ̱ ͯ Ͱ ͯ Ͱ ̱ Ͱ ̱ ̱ ̱ ̱ ̱ ̱ ̱ ̱ ̱ ̱ ̱ ̱,parse_fail,"No terminal matches 'Ͱ' in the current parser context, at line 1 col 4",<punct>,True,,False,
144714,smul_under,theorem smul_under [MulSemiringAction G A] [SMulDistribClass G A B] : g • P.under A = (g • P).under A,5,_ioq02170521400979617281379134533118819097344779359975574983800778,1.76,constrained,_ioq02170521400979617281379134533118819097344779359975574983800778,fallback,generic_tac,_ioq02170521400979617281379134533118819097344779359975574983800778,False,,False,
144714,smul_under,theorem smul_under [MulSemiringAction G A] [SMulDistribClass G A B] : g • P.under A = (g • P).under A,6,ueno22223310250966743278433359163124283800923157426139184189470939,1.77,constrained,ueno22223310250966743278433359163124283800923157426139184189470939,fallback,generic_tac,ueno22223310250966743278433359163124283800923157426139184189470939,False,,False,
144714,smul_under,theorem smul_under [MulSemiringAction G A] [SMulDistribClass G A B] : g • P.under A = (g • P).under A,7,"_owned by a ring `R` and an action `A : G → R → R` of a monoid `G` on `R`. The theorem states that `g • P.under A = (g • P).under A`. Here, `P.under A` is the set of elements in",1.71,constrained,"_owned by a ring `R` and an action `A : G → R → R` of a monoid `G` on `R`. The theorem states that `g • P.under A = (g • P).under A`. Here, `P.under A` is the set of elements in",fallback,generic_tac,_owned,False,Here;The;action;an;elements;states;that;theorem,False,
76854,log_mono_right,theorem log_mono_right {b : ℕ} {r₁ r₂ : R} (h₀ : 0 < r₁) (h : r₁ ≤ r₂) : log b r₁ ≤ log b r₂,0,"old_log_le_log h₀ h  -- This is a placeholder for the actual proof step, which would be a tactic like `exact` or `apply` with a specific lemma. Since we don't have the actual proof, we use `old_log_le_log` as a placeholder with the given hypotheses `h₀",1.72,constrained,"old_log_le_log h₀ h  -- This is a placeholder for the actual proof step, which would be a tactic like `exact` or `apply` with a specific lemma. Since we don't have the actual proof, we use `old_log_le_log` as a placeholder with the given hypotheses `h₀",fallback,generic_tac,old_log_le_log,False,Since;This;actual;as;be;don't;given;hypotheses;like;old_log_le_log;placeholder;specific;we;which;would,False,
76854,log_mono_right,theorem log_mono_right {b : ℕ} {r₁ r₂ : R} (h₀ : 0 < r₁) (h : r₁ ≤ r₂) : log b r₁ ≤ log b r₂,1,theorem log_mono_right {b : ℕ} {r₁ r₂ : R} (h₀ : 0 < r₁) (h : r₁ ≤ r₂) : log b r₁ ≤ log b r₂ := by sorry sorry sorry sorry sorry sorry sorry sorry sorry sorry sorry sorry sorry sorry sorry sorry,1.71,constrained,theorem log_mono_right {b : ℕ} {r₁ r₂ : R} (h₀ : 0 < r₁) (h : r₁ ≤ r₂) : log b r₁ ≤ log b r₂ := by sorry sorry sorry sorry sorry sorry sorry sorry sorry sorry sorry sorry sorry sorry sorry sorry,fallback,generic_tac,theorem,False,,True,
76854,log_mono_right,theorem log_mono_right {b : ℕ} {r₁ r₂ : R} (h₀ : 0 < r₁) (h : r₁ ≤ r₂) : log b r₁ ≤ log b r₂,2,"_owned by the Lean 4 community_ `log` is the logarithm of `r₁` in base `b` (as a real number). The Lean 4 library's `log` is the natural logarithm, not the base `b` logarithm. The Lean 4 library does not define a",1.74,constrained,"_owned by the Lean 4 community_ `log` is the logarithm of `r₁` in base `b` (as a real number). The Lean 4 library's `log` is the natural logarithm, not the base `b` logarithm. The Lean 4 library does not define a",fallback,generic_tac,_owned,False,Lean;The;as;community_;define;does;library;library's;logarithm;number,False,
76854,log_mono_right,theorem log_mono_right {b : ℕ} {r₁ r₂ : R} (h₀ : 0 < r₁) (h : r₁ ≤ r₂) : log b r₁ ≤ log b r₂,3,_lua_00232738387109689748010000000000000000000000000000000000000000,1.78,constrained,_lua_00232738387109689748010000000000000000000000000000000000000000,fallback,generic_tac,_lua_00232738387109689748010000000000000000000000000000000000000000,False,,False,
76854,log_mono_right,theorem log_mono_right {b : ℕ} {r₁ r₂ : R} (h₀ : 0 < r₁) (h : r₁ ≤ r₂) : log b r₁ ≤ log b r₂,4,"OLD version of Lean 4's `log` is `log b r₁` is `Nat.log b r₁` (the largest `k` such that `b^k ≤ r₁`). In this case, the statement is trivially true because `b^k ≤ r₁ ≤ r₂` implies",1.72,constrained,"OLD version of Lean 4's `log` is `log b r₁` is `Nat.log b r₁` (the largest `k` such that `b^k ≤ r₁`). In this case, the statement is trivially true because `b^k ≤ r₁ ≤ r₂` implies",fallback,generic_tac,OLD,False,In;Lean;because;largest;such;that;trivially;version,False,
76854,log_mono_right,theorem log_mono_right {b : ℕ} {r₁ r₂ : R} (h₀ : 0 < r₁) (h : r₁ ≤ r₂) : log b r₁ ≤ log b r₂,5,agona16849367039855273406308162994724477870687831885572723139893882,1.78,constrained,agona16849367039855273406308162994724477870687831885572723139893882,fallback,generic_tac,agona16849367039855273406308162994724477870687831885572723139893882,False,,False,
76854,log_mono_right,theorem log_mono_right {b : ℕ} {r₁ r₂ : R} (h₀ : 0 < r₁) (h : r₁ ≤ r₂) : log b r₁ ≤ log b r₂,6,"old enough to know that Lean 4 has `log` defined for `ℝ` (as `Real.log`) and `ℕ` (as `Nat.log`), but in this statement, `R` is a type variable that is not constrained to be `ℝ` or `ℕ`. The theorem statement is not",1.71,constrained,"old enough to know that Lean 4 has `log` defined for `ℝ` (as `Real.log`) and `ℕ` (as `Nat.log`), but in this statement, `R` is a type variable that is not constrained to be `ℝ` or `ℕ`. The theorem statement is not",fallback,generic_tac,old,False,Lean;The;as;be;but;constrained;defined;enough;has;know;that;theorem;variable,False,
76854,log_mono_right,theorem log_mono_right {b : ℕ} {r₁ r₂ : R} (h₀ : 0 < r₁) (h : r₁ ≤ r₂) : log b r₁ ≤ log b r₂,7,||`12345678901234567890123456789012345678901234567890123456789012,1.8,constrained,||`12345678901234567890123456789012345678901234567890123456789012,parse_fail,"No terminal matches '|' in the current parser context, at line 1 col 2",<punct>,True,,False,
164794,image_closure,theorem image_closure (hf : IsHomeomorph f) (s : Set X) : f '' closure s = closure (f '' s),0,ozk6y42h28q8746q1787084038235443358058634281964811041006340640475,1.77,constrained,ozk6y42h28q8746q1787084038235443358058634281964811041006340640475,fallback,generic_tac,ozk6y42h28q8746q1787084038235443358058634281964811041006340640475,False,,False,
164794,image_closure,theorem image_closure (hf : IsHomeomorph f) (s : Set X) : f '' closure s = closure (f '' s),1,"old man and the sea, the lean 4 code, the lean 4 code, the lean 4 code, the lean 4 code, the lean 4 code, the lean 4 code, the lean 4 code, the lean 4 code, the lean 4 code, the lean 4",1.7,constrained,"old man and the sea, the lean 4 code, the lean 4 code, the lean 4 code, the lean 4 code, the lean 4 code, the lean 4 code, the lean 4 code, the lean 4 code, the lean 4 code, the lean 4",fallback,generic_tac,old,False,code;lean;man;sea,False,
164794,image_closure,theorem image_closure (hf : IsHomeomorph f) (s : Set X) : f '' closure s = closure (f '' s),2,|||lean4|||lean4|||lean4|||lean4|||lean4|||lean4|||lean4|||lean4|||lean4|||lean4|||lean4|||lean4|||lean4|||lean4|||lean4|||lean4,1.81,constrained,|||lean4|||lean4|||lean4|||lean4|||lean4|||lean4|||lean4|||lean4|||lean4|||lean4|||lean4|||lean4|||lean4|||lean4|||lean4|||lean4,parse_fail,"No terminal matches '|' in the current parser context, at line 1 col 2",<punct>,True,lean4,False,
164794,image_closure,theorem image_closure (hf : IsHomeomorph f) (s : Set X) : f '' closure s = closure (f '' s),3,"houses are not closed sets in general (e.g., take X to be the real line and s to be the open interval (0, 1)). However, the statement is correct because of the following facts about closures and homeomorphisms (assuming f is continuous, which is implied by IsHomeomorph f",1.71,constrained,"houses are not closed sets in general (e.g., take X to be the real line and s to be the open interval (0, 1)). However, the statement is correct because of the following facts about closures and homeomorphisms (assuming f is continuous, which is implied by IsHomeomorph f",fallback,generic_tac,houses,False,However;IsHomeomorph;about;are;assuming;be;because;closures;correct;facts;following;general;homeomorphisms;implied;which,False,
164794,image_closure,theorem image_closure (hf : IsHomeomorph f) (s : Set X) : f '' closure s = closure (f '' s),4,agonza68688903357851293493221384568376418883450632891095380819588308,1.76,constrained,agonza68688903357851293493221384568376418883450632891095380819588308,fallback,generic_tac,agonza68688903357851293493221384568376418883450632891095380819588308,False,,False,
164794,image_closure,theorem image_closure (hf : IsHomeomorph f) (s : Set X) : f '' closure s = closure (f '' s),5,|||lean```lean```lean```lean```lean```lean```lean```lean```lean```lean```lean```lean```lean```lean```lean```lean```lean```lean```lean```lean```lean```lean```lean```lean```lean```lean```lean```lean```lean```lean```lean```,1.8,constrained,|||lean```lean```lean```lean```lean```lean```lean```lean```lean```lean```lean```lean```lean```lean```lean```lean```lean```lean```lean```lean```lean```lean```lean```lean```lean```lean```lean```lean```lean```lean```lean,parse_fail,"No terminal matches '|' in the current parser context, at line 1 col 2",<punct>,True,lean,False,
164794,image_closure,theorem image_closure (hf : IsHomeomorph f) (s : Set X) : f '' closure s = closure (f '' s),6,Ήιχειραχιαμενος Χεριαμενος Αχειραχιαμενος Χεριαμενος Χεριαμενος,1.71,constrained,Ήιχειραχιαμενος Χεριαμενος Αχειραχιαμενος Χεριαμενος Χεριαμενος,parse_fail,"No terminal matches 'Ή' in the current parser context, at line 1 col 1",Ήιχειραχιαμενος,False,,False,
164794,image_closure,theorem image_closure (hf : IsHomeomorph f) (s : Set X) : f '' closure s = closure (f '' s),7,"ization step, but since we are asked to provide only the first step, we can simply use the fact that `f` is a homeomorphism to apply the property of continuity of `f` and its inverse. However, since `f` is a homeomorphism, it is continuous and its inverse is also",1.7,constrained,"ization step, but since we are asked to provide only the first step, we can simply use the fact that `f` is a homeomorphism to apply the property of continuity of `f` and its inverse. However, since `f` is a homeomorphism, it is continuous and its inverse is also",fallback,generic_tac,ization,False,However;also;are;asked;but;can;fact;homeomorphism;it;its;provide;simply;since;that;we,False,
162141,isPreconnected_iUnion,"theorem isPreconnected_iUnion {ι : Sort*} {s : ι → Set α} (h₁ : (⋂ i, s i).Nonempty) (h₂ : ∀ i, IsPreconnected (s i)) : IsPreconnected (⋃ i, s i)",0,"_owned by the Lean 4 community. No individual or organization can claim to own it. However, I will provide a detailed explanation of how to approach this problem, followed by a Lean 4 proof sketch. 1. Understanding the Problem: The theorem states that if we have a family of preconnected sets `{s",1.71,constrained,"_owned by the Lean 4 community. No individual or organization can claim to own it. However, I will provide a detailed explanation of how to approach this problem, followed by a Lean 4 proof sketch. 1. Understanding the Problem: The theorem states that if we have a family of preconnected sets `{s",fallback,generic_tac,_owned,False,However;Lean;No;Problem;The;Understanding;approach;can;claim;detailed;explanation;family;followed;how;individual;organization;own;problem;provide;states;that;theorem;we;will,False,
162141,isPreconnected_iUnion,"theorem isPreconnected_iUnion {ι : Sort*} {s : ι → Set α} (h₁ : (⋂ i, s i).Nonempty) (h₂ : ∀ i, IsPreconnected (s i)) : IsPreconnected (⋃ i, s i)",1,"_owned by `IsPreconnected (⋃ i, s i)` in the statement. The problem is that Lean 4's `IsPreconnected` is defined for subsets of a topological space, and the theorem statement assumes that the intersection of all `s i` is nonempty (i.e., there exists",1.7,constrained,"_owned by `IsPreconnected (⋃ i, s i)` in the statement. The problem is that Lean 4's `IsPreconnected` is defined for subsets of a topological space, and the theorem statement assumes that the intersection of all `s i` is nonempty (i.e., there exists",fallback,generic_tac,_owned,False,Lean;The;assumes;defined;intersection;problem;subsets;that;theorem;there;topological,False,
162141,isPreconnected_iUnion,"theorem isPreconnected_iUnion {ι : Sort*} {s : ι → Set α} (h₁ : (⋂ i, s i).Nonempty) (h₂ : ∀ i, IsPreconnected (s i)) : IsPreconnected (⋃ i, s i)",2,"_owned by an earlier version of this file or another file in the current directory. This is a warning and does not prevent the file from being processed, but it is best to resolve it by renaming the file or adjusting the paths to avoid conflicts. The actual proof is still valid and should not be affected by this warning.",1.71,constrained,"_owned by an earlier version of this file or another file in the current directory. This is a warning and does not prevent the file from being processed, but it is best to resolve it by renaming the file or adjusting the paths to avoid conflicts. The actual proof is still valid and should not be affected by this warning.",fallback,generic_tac,_owned,False,The;This;actual;adjusting;affected;an;another;be;being;best;but;current;does;earlier;it;prevent;processed;renaming;resolve;should;still;version;warning,False,
162141,isPreconnected_iUnion,"theorem isPreconnected_iUnion {ι : Sort*} {s : ι → Set α} (h₁ : (⋂ i, s i).Nonempty) (h₂ : ∀ i, IsPreconnected (s i)) : IsPreconnected (⋃ i, s i)",3,"have h₃ : IsPreconnected (⋃ i, s i) := by sorry; exact h₃; sorry``````lean```lean```lean```lean```lean```lean```lean```lean```lean```lean```lean```lean```lean```lean```lean```lean```lean```lean",1.71,constrained,"have h₃ : IsPreconnected (⋃ i, s i) := by sorry; exact h₃; sorry``````lean```lean```lean```lean```lean```lean```lean```lean```lean```lean```lean```lean```lean```lean```lean```lean```lean```lean",named,have_tac,have,True,lean,True,
162141,isPreconnected_iUnion,"theorem isPreconnected_iUnion {ι : Sort*} {s : ι → Set α} (h₁ : (⋂ i, s i).Nonempty) (h₂ : ∀ i, IsPreconnected (s i)) : IsPreconnected (⋃ i, s i)",4,"· the statement is about `IsPreconnected` of the union of a family of preconnected sets whose intersection is nonempty. The proof likely involves using the fact that the union of a family of preconnected sets with a common point is preconnected. In Lean, the relevant lemma is `IsPreconnected.iUnion",1.71,constrained,"· the statement is about `IsPreconnected` of the union of a family of preconnected sets whose intersection is nonempty. The proof likely involves using the fact that the union of a family of preconnected sets with a common point is preconnected. In Lean, the relevant lemma is `IsPreconnected.iUnion",named,focus_tac,<punct>,True,In;Lean;The;about;common;fact;family;intersection;involves;likely;that;whose,False,
162141,isPreconnected_iUnion,"theorem isPreconnected_iUnion {ι : Sort*} {s : ι → Set α} (h₁ : (⋂ i, s i).Nonempty) (h₂ : ∀ i, IsPreconnected (s i)) : IsPreconnected (⋃ i, s i)",5,"using the `have` statement to introduce intermediate steps. The actual proof would need to carefully apply the `IsPreconnected` properties to the union of sets, but the first step would likely involve using the `IsPreconnected` property of the intersection to derive a contradiction or to use a known result about unions of pre",1.71,constrained,"using the `have` statement to introduce intermediate steps. The actual proof would need to carefully apply the `IsPreconnected` properties to the union of sets, but the first step would likely involve using the `IsPreconnected` property of the intersection to derive a contradiction or to use a known result about unions of pre",fallback,generic_tac,using,True,The;about;actual;but;carefully;intermediate;intersection;introduce;involve;known;likely;need;properties;unions;would,False,
162141,isPreconnected_iUnion,"theorem isPreconnected_iUnion {ι : Sort*} {s : ι → Set α} (h₁ : (⋂ i, s i).Nonempty) (h₂ : ∀ i, IsPreconnected (s i)) : IsPreconnected (⋃ i, s i)",6,old is the following theorem statement in Lean 4 (Mathlib) about the union of preconnected sets with a nonempty intersection being preconnected. The theorem is about proving that the union of preconnected sets with a nonempty intersection is preconnected. Here is a detailed explanation and proof sketch of how to prove this,1.72,constrained,old is the following theorem statement in Lean 4 (Mathlib) about the union of preconnected sets with a nonempty intersection being preconnected. The theorem is about proving that the union of preconnected sets with a nonempty intersection is preconnected. Here is a detailed explanation and proof sketch of how to prove this,fallback,generic_tac,old,False,Here;Lean;Mathlib;The;about;being;detailed;explanation;following;how;intersection;prove;proving;sketch;that;theorem,False,
162141,isPreconnected_iUnion,"theorem isPreconnected_iUnion {ι : Sort*} {s : ι → Set α} (h₁ : (⋂ i, s i).Nonempty) (h₂ : ∀ i, IsPreconnected (s i)) : IsPreconnected (⋃ i, s i)",7,| 0x00 0x00 0x00 0x00 0x00 0x00 0x00 0x00 0x00 0x00 0x00 0x00 0x,1.81,constrained,| 0x00 0x00 0x00 0x00 0x00 0x00 0x00 0x00 0x00 0x00 0x00 0x00 0x,parse_fail,"No terminal matches '0' in the current parser context, at line 1 col 3",<punct>,True,x00,False,
94800,_root_,protected lemma _root_.MDifferentiableAt.mpullback_vectorField (hV : MDiffAt (T% V) (f x₀)) (hf : CMDiffAt n f x₀) (hf' : (mfderiv% f x₀).IsInvertible) (hmn : 2 ≤ n) : MDiffAt (T% (mpullback I I' f V)) x₀,0,"|||lean4,lean4,lean4,lean4,lean4,lean4,lean4,lean4,lean4,lean4,lean4,lean4,lean4,lean4,lean4,lean4,lean4,lean4,lean4,lean4,lean4",1.83,constrained,"|||lean4,lean4,lean4,lean4,lean4,lean4,lean4,lean4,lean4,lean4,lean4,lean4,lean4,lean4,lean4,lean4,lean4,lean4,lean4,lean4,lean4",parse_fail,"No terminal matches '|' in the current parser context, at line 1 col 2",<punct>,True,lean4,False,
94800,_root_,protected lemma _root_.MDifferentiableAt.mpullback_vectorField (hV : MDiffAt (T% V) (f x₀)) (hf : CMDiffAt n f x₀) (hf' : (mfderiv% f x₀).IsInvertible) (hmn : 2 ≤ n) : MDiffAt (T% (mpullback I I' f V)) x₀,1,|||lean4|||lean4|||lean4|||lean4|||lean4|||lean4|||lean4|||lean4|||lean4|||lean4|||lean4|||lean4|||lean4|||lean4|||lean4|||lean4,1.81,constrained,|||lean4|||lean4|||lean4|||lean4|||lean4|||lean4|||lean4|||lean4|||lean4|||lean4|||lean4|||lean4|||lean4|||lean4|||lean4|||lean4,parse_fail,"No terminal matches '|' in the current parser context, at line 1 col 2",<punct>,True,lean4,False,
94800,_root_,protected lemma _root_.MDifferentiableAt.mpullback_vectorField (hV : MDiffAt (T% V) (f x₀)) (hf : CMDiffAt n f x₀) (hf' : (mfderiv% f x₀).IsInvertible) (hmn : 2 ≤ n) : MDiffAt (T% (mpullback I I' f V)) x₀,2,odef _root_.MDifferentiableAt.mpullback_vectorField (hV : MDiffAt (T% V) (f x₀)) (hf : CMDiffAt n f x₀) (hf' : (mfderiv% f x₀).IsInvertible) (hmn : 2,1.76,constrained,odef _root_.MDifferentiableAt.mpullback_vectorField (hV : MDiffAt (T% V) (f x₀)) (hf : CMDiffAt n f x₀) (hf' : (mfderiv% f x₀).IsInvertible) (hmn : 2,fallback,generic_tac,odef,False,CMDiffAt;MDiffAt,False,
94800,_root_,protected lemma _root_.MDifferentiableAt.mpullback_vectorField (hV : MDiffAt (T% V) (f x₀)) (hf : CMDiffAt n f x₀) (hf' : (mfderiv% f x₀).IsInvertible) (hmn : 2 ≤ n) : MDiffAt (T% (mpullback I I' f V)) x₀,3,||```lean```lean```lean4```lean4```lean4```lean4```lean4```lean4```lean4```lean4```lean4```lean4```lean4```lean4```lean4```lean4```lean4```lean4```lean4```lean4```lean4```lean,1.87,constrained,||```lean```lean```lean4```lean4```lean4```lean4```lean4```lean4```lean4```lean4```lean4```lean4```lean4```lean4```lean4```lean4```lean4```lean4```lean4```lean4```lean4```lean,parse_fail,"No terminal matches '|' in the current parser context, at line 1 col 2",<punct>,True,lean;lean4,False,
94800,_root_,protected lemma _root_.MDifferentiableAt.mpullback_vectorField (hV : MDiffAt (T% V) (f x₀)) (hf : CMDiffAt n f x₀) (hf' : (mfderiv% f x₀).IsInvertible) (hmn : 2 ≤ n) : MDiffAt (T% (mpullback I I' f V)) x₀,4,ynosy04151831483739197689622090945360173372045328128940330325542784,1.78,constrained,ynosy04151831483739197689622090945360173372045328128940330325542784,fallback,generic_tac,ynosy04151831483739197689622090945360173372045328128940330325542784,False,,False,
94800,_root_,protected lemma _root_.MDifferentiableAt.mpullback_vectorField (hV : MDiffAt (T% V) (f x₀)) (hf : CMDiffAt n f x₀) (hf' : (mfderiv% f x₀).IsInvertible) (hmn : 2 ≤ n) : MDiffAt (T% (mpullback I I' f V)) x₀,5,"|||lean4,2,3,4,5,6,7,8,9,10,11,12,13,14,15,16,17,18,19,20,21,22,23,2",1.8,constrained,"|||lean4,2,3,4,5,6,7,8,9,10,11,12,13,14,15,16,17,18,19,20,21,22,23,2",parse_fail,"No terminal matches '|' in the current parser context, at line 1 col 2",<punct>,True,lean4,False,
94800,_root_,protected lemma _root_.MDifferentiableAt.mpullback_vectorField (hV : MDiffAt (T% V) (f x₀)) (hf : CMDiffAt n f x₀) (hf' : (mfderiv% f x₀).IsInvertible) (hmn : 2 ≤ n) : MDiffAt (T% (mpullback I I' f V)) x₀,6,|| 2023-10-08 17:00:00 35.026647 35.026647 35.026647 35.026647 35,1.8,constrained,|| 2023-10-08 17:00:00 35.026647 35.026647 35.026647 35.026647 35,parse_fail,"No terminal matches '|' in the current parser context, at line 1 col 2",<punct>,True,,False,
94800,_root_,protected lemma _root_.MDifferentiableAt.mpullback_vectorField (hV : MDiffAt (T% V) (f x₀)) (hf : CMDiffAt n f x₀) (hf' : (mfderiv% f x₀).IsInvertible) (hmn : 2 ≤ n) : MDiffAt (T% (mpullback I I' f V)) x₀,7,|||  2019-10-28 21:00:00 | 12345 | 400 | 34.500 | 34.500 | 2230 | 1000 |,1.84,constrained,|||  2019-10-28 21:00:00 | 12345 | 400 | 34.500 | 34.500 | 2230 | 1000 |,parse_fail,"No terminal matches '|' in the current parser context, at line 1 col 2",<punct>,True,,False,
151349,zeroLocus_eq_univ_iff,theorem zeroLocus_eq_univ_iff (s : Set R) : zeroLocus s = Set.univ ↔ s ⊆ nilradical R,0,"licted with a proof step. The goal is to provide a single Lean 4 tactic as the first step. The statement is: `zeroLocus s = Set.univ ↔ s ⊆ nilradical R`. The tactic should logically be the beginning of a proof of this statement, not a complete proof. Here",1.71,constrained,"licted with a proof step. The goal is to provide a single Lean 4 tactic as the first step. The statement is: `zeroLocus s = Set.univ ↔ s ⊆ nilradical R`. The tactic should logically be the beginning of a proof of this statement, not a complete proof. Here",fallback,generic_tac,licted,False,Here;Lean;The;as;be;beginning;goal;logically;provide;should,False,
151349,zeroLocus_eq_univ_iff,theorem zeroLocus_eq_univ_iff (s : Set R) : zeroLocus s = Set.univ ↔ s ⊆ nilradical R,1,"agonized by the weight of the problem. The answer is in the form of a Lean 4 tactic. The tactic is the first step in the proof, which is to assume the forward direction of the biconditional statement and derive the reverse direction. This is a reasonable approach because the reverse direction can often be",1.71,constrained,"agonized by the weight of the problem. The answer is in the form of a Lean 4 tactic. The tactic is the first step in the proof, which is to assume the forward direction of the biconditional statement and derive the reverse direction. This is a reasonable approach because the reverse direction can often be",fallback,generic_tac,agonized,False,Lean;The;This;approach;be;because;biconditional;can;form;forward;often;reasonable;which,False,
151349,zeroLocus_eq_univ_iff,theorem zeroLocus_eq_univ_iff (s : Set R) : zeroLocus s = Set.univ ↔ s ⊆ nilradical R,2,"_owned and the theorem's proof is incomplete, I will provide a step-by-step explanation and then use it to generate a Lean 4 tactic that corresponds to the first reasonable step in the proof. However, since the theorem is not fully stated (the Lean 4 code is incomplete), I will assume that the theorem is",1.71,constrained,"_owned and the theorem's proof is incomplete, I will provide a step-by-step explanation and then use it to generate a Lean 4 tactic that corresponds to the first reasonable step in the proof. However, since the theorem is not fully stated (the Lean 4 code is incomplete), I will assume that the theorem is",fallback,generic_tac,_owned,False,However;Lean;code;corresponds;explanation;fully;incomplete;it;provide;reasonable;since;stated;that;theorem;theorem's;will,False,
151349,zeroLocus_eq_univ_iff,theorem zeroLocus_eq_univ_iff (s : Set R) : zeroLocus s = Set.univ ↔ s ⊆ nilradical R,3,night_crawler_332371893455919353734480049363331418167230548798208124170996,1.76,constrained,night_crawler_332371893455919353734480049363331418167230548798208124170996,fallback,generic_tac,night_crawler_332371893455919353734480049363331418167230548798208124170996,False,,False,
151349,zeroLocus_eq_univ_iff,theorem zeroLocus_eq_univ_iff (s : Set R) : zeroLocus s = Set.univ ↔ s ⊆ nilradical R,4,|||lean```lean```lean4``````````lean```lean```lean```lean```lean4```lean```lean```lean4```lean```lean4``````````lean4```lean```lean4`````````lean4```lean4```lean4``````````,1.79,constrained,|||lean```lean```lean4``````````lean```lean```lean```lean```lean4```lean```lean```lean4```lean```lean4``````````lean4```lean```lean4`````````lean4```lean4```lean4```````,parse_fail,"No terminal matches '|' in the current parser context, at line 1 col 2",<punct>,True,lean;lean4,False,
151349,zeroLocus_eq_univ_iff,theorem zeroLocus_eq_univ_iff (s : Set R) : zeroLocus s = Set.univ ↔ s ⊆ nilradical R,5,Ήαμιαναναναναναναναναναναναναναναναναναναναναναναναναναναναναναν,1.76,constrained,Ήαμιαναναναναναναναναναναναναναναναναναναναναναναναναναναναναναν,parse_fail,"No terminal matches 'Ή' in the current parser context, at line 1 col 1",Ήαμιαναναναναναναναναναναναναναναναναναναναναναναναναναναναναναν,False,,False,
151349,zeroLocus_eq_univ_iff,theorem zeroLocus_eq_univ_iff (s : Set R) : zeroLocus s = Set.univ ↔ s ⊆ nilradical R,6,night_crawler_999999999999999999999999999999999999999999999999999999999999,1.75,constrained,night_crawler_999999999999999999999999999999999999999999999999999999999999,fallback,generic_tac,night_crawler_999999999999999999999999999999999999999999999999999999999999,False,,False,
151349,zeroLocus_eq_univ_iff,theorem zeroLocus_eq_univ_iff (s : Set R) : zeroLocus s = Set.univ ↔ s ⊆ nilradical R,7,"unity and nilradical is not relevant here. We can proceed with `intro h; simp_all [Set.ext_iff, zeroLocus, Set.mem_setOf_eq, Set.mem_univ, true_and]` and `tactic: aesop`. However, this is not a good approach. Let me think",1.7,constrained,"unity and nilradical is not relevant here. We can proceed with `intro h; simp_all [Set.ext_iff, zeroLocus, Set.mem_setOf_eq, Set.mem_univ, true_and]` and `tactic: aesop`. However, this is not a good approach. Let me think",fallback,generic_tac,unity,False,However;Let;Set.mem_setOf_eq;We;can;me;proceed;true_and,False,
50407,rpow_inv_natCast_pow,lemma rpow_inv_natCast_pow {n : ℕ} (hn : n ≠ 0) (x : ℝ≥0∞) : (x ^ (n⁻¹ : ℝ)) ^ n = x,0,"· The statement is: `(x ^ (n⁻¹ : ℝ)) ^ n = x` for `x : ℝ≥0∞` and `n : ℕ` with `n ≠ 0`. Here, `n⁻¹` is the multiplicative inverse of `n` as a real number, and",1.7,constrained,"· The statement is: `(x ^ (n⁻¹ : ℝ)) ^ n = x` for `x : ℝ≥0∞` and `n : ℕ` with `n ≠ 0`. Here, `n⁻¹` is the multiplicative inverse of `n` as a real number, and",named,focus_tac,<punct>,True,Here;The;as;multiplicative;number,False,
50407,rpow_inv_natCast_pow,lemma rpow_inv_natCast_pow {n : ℕ} (hn : n ≠ 0) (x : ℝ≥0∞) : (x ^ (n⁻¹ : ℝ)) ^ n = x,1,| 3.700000000000000000000000000000000000000000000000000000000000,1.79,constrained,| 3.700000000000000000000000000000000000000000000000000000000000,parse_fail,"No terminal matches '3' in the current parser context, at line 1 col 3",<punct>,True,,False,
50407,rpow_inv_natCast_pow,lemma rpow_inv_natCast_pow {n : ℕ} (hn : n ≠ 0) (x : ℝ≥0∞) : (x ^ (n⁻¹ : ℝ)) ^ n = x,2,"using `have` to state a helper fact about `n⁻¹` (the multiplicative inverse of `n` as a real number), but the actual Lean 4 proof is incomplete and uses `sorry` for the main statement. The theorem statement is also not well-formed because `x ^ (n⁻¹",1.71,constrained,"using `have` to state a helper fact about `n⁻¹` (the multiplicative inverse of `n` as a real number), but the actual Lean 4 proof is incomplete and uses `sorry` for the main statement. The theorem statement is also not well-formed because `x ^ (n⁻¹",fallback,generic_tac,using,True,Lean;The;about;actual;also;as;because;but;fact;formed;helper;incomplete;multiplicative;number;state;theorem;uses;well,True,
50407,rpow_inv_natCast_pow,lemma rpow_inv_natCast_pow {n : ℕ} (hn : n ≠ 0) (x : ℝ≥0∞) : (x ^ (n⁻¹ : ℝ)) ^ n = x,3,"aciones in Lean 4. However, in this case, the Lean 4 statement is not fully accurate or might be a typo because the expression `(x ^ (n⁻¹ : ℝ)) ^ n` is not well-defined when `x = 0` and `n = 0`. The condition `n",1.7,constrained,"aciones in Lean 4. However, in this case, the Lean 4 statement is not fully accurate or might be a typo because the expression `(x ^ (n⁻¹ : ℝ)) ^ n` is not well-defined when `x = 0` and `n = 0`. The condition `n",fallback,generic_tac,aciones,False,However;Lean;The;accurate;be;because;defined;expression;fully;might;typo;well;when,False,
50407,rpow_inv_natCast_pow,lemma rpow_inv_natCast_pow {n : ℕ} (hn : n ≠ 0) (x : ℝ≥0∞) : (x ^ (n⁻¹ : ℝ)) ^ n = x,4,"· The `sorry` tactic is used to mark a theorem that is assumed to be true without proof. Here, it is used to skip the proof of the statement `(x ^ (n⁻¹ : ℝ)) ^ n = x` for `n ≠ 0` and `x : ℝ≥0∞`.",1.7,constrained,"· The `sorry` tactic is used to mark a theorem that is assumed to be true without proof. Here, it is used to skip the proof of the statement `(x ^ (n⁻¹ : ℝ)) ^ n = x` for `n ≠ 0` and `x : ℝ≥0∞`.",named,focus_tac,<punct>,True,Here;The;assumed;be;it;mark;that;theorem;used;without,True,
50407,rpow_inv_natCast_pow,lemma rpow_inv_natCast_pow {n : ℕ} (hn : n ≠ 0) (x : ℝ≥0∞) : (x ^ (n⁻¹ : ℝ)) ^ n = x,5,· The first step is to simplify the expression using the property of exponents: `(x ^ (n⁻¹ : ℝ)) ^ n = x ^ ((n⁻¹ : ℝ) * n)`. This step is valid because `(a^b)^c = a^(b*c)` for real numbers `a,1.71,constrained,· The first step is to simplify the expression using the property of exponents: `(x ^ (n⁻¹ : ℝ)) ^ n = x ^ ((n⁻¹ : ℝ) * n)`. This step is valid because `(a^b)^c = a^(b*c)` for real numbers `a,named,focus_tac,<punct>,True,The;This;because;exponents;expression;numbers;simplify,False,
50407,rpow_inv_natCast_pow,lemma rpow_inv_natCast_pow {n : ℕ} (hn : n ≠ 0) (x : ℝ≥0∞) : (x ^ (n⁻¹ : ℝ)) ^ n = x,6,"oon a real number. However, the `rpow_inv_natCast_pow` theorem is stated for `x : ℝ≥0∞`, which is the type of non-negative real numbers (`ℝ≥0`) extended with infinity (`∞`). In Lean 4, `ℝ≥0∞` is defined as `ℝ",1.71,constrained,"oon a real number. However, the `rpow_inv_natCast_pow` theorem is stated for `x : ℝ≥0∞`, which is the type of non-negative real numbers (`ℝ≥0`) extended with infinity (`∞`). In Lean 4, `ℝ≥0∞` is defined as `ℝ",fallback,generic_tac,oon,False,However;In;Lean;as;defined;infinity;negative;non;numbers;stated;theorem;which,False,
50407,rpow_inv_natCast_pow,lemma rpow_inv_natCast_pow {n : ℕ} (hn : n ≠ 0) (x : ℝ≥0∞) : (x ^ (n⁻¹ : ℝ)) ^ n = x,7,"licted or not. The theorem is not true as stated, so it cannot be proved. Here is a counterexample: let n = 2 and x = 1. Then (x ^ (n⁻¹ : ℝ)) ^ n = (1 ^ (2⁻¹ : ℝ)) ^ 2 = ",1.71,constrained,"licted or not. The theorem is not true as stated, so it cannot be proved. Here is a counterexample: let n = 2 and x = 1. Then (x ^ (n⁻¹ : ℝ)) ^ n = (1 ^ (2⁻¹ : ℝ)) ^ 2 =",fallback,generic_tac,licted,False,Here;The;Then;as;be;cannot;it;stated;theorem,False,
18233,PosMulMono,theorem PosMulMono.toPosMulReflectLT [PosMulMono α] : PosMulReflectLT α where elim,0,night150000000000000000000000000000000000000000000000000000000000000,1.79,constrained,night150000000000000000000000000000000000000000000000000000000000000,fallback,generic_tac,night150000000000000000000000000000000000000000000000000000000000000,False,,False,
18233,PosMulMono,theorem PosMulMono.toPosMulReflectLT [PosMulMono α] : PosMulReflectLT α where elim,1,"Infinity is the largest set of numbers that can be compared, because it can be compared with every other set of numbers, including itself. This is because any set of numbers can be compared with infinity. In Lean 4, the type `α` is defined as `ℕ` (natural numbers), and `PosMul",1.71,constrained,"Infinity is the largest set of numbers that can be compared, because it can be compared with every other set of numbers, including itself. This is because any set of numbers can be compared with infinity. In Lean 4, the type `α` is defined as `ℕ` (natural numbers), and `PosMul",fallback,generic_tac,Infinity,False,In;Lean;PosMul;This;as;be;because;can;compared;defined;every;including;it;largest;numbers;that,False,
18233,PosMulMono,theorem PosMulMono.toPosMulReflectLT [PosMulMono α] : PosMulReflectLT α where elim,2,"agonize the problem statement. The theorem statement is incomplete and doesn't make sense in the current form. The `PosMulMono` class is not a standard Lean 4 class, and the `PosMulReflectLT` class is also not standard. The statement is missing some crucial details, such as the types of",1.72,constrained,"agonize the problem statement. The theorem statement is incomplete and doesn't make sense in the current form. The `PosMulMono` class is not a standard Lean 4 class, and the `PosMulReflectLT` class is also not standard. The statement is missing some crucial details, such as the types of",fallback,generic_tac,agonize,False,Lean;PosMulMono;PosMulReflectLT;The;also;as;crucial;current;details;doesn't;incomplete;make;missing;problem;sense;such;theorem,False,
18233,PosMulMono,theorem PosMulMono.toPosMulReflectLT [PosMulMono α] : PosMulReflectLT α where elim,3,|```lean4```lean4```lean4```lean4```lean4```lean4```lean4```lean4```lean4```lean4```lean4```lean4```lean4```lean4```lean4```lean4```lean4```lean4```lean4```lean4```lean4,1.89,constrained,|```lean4```lean4```lean4```lean4```lean4```lean4```lean4```lean4```lean4```lean4```lean4```lean4```lean4```lean4```lean4```lean4```lean4```lean4```lean4```lean4```lean4,parse_fail,"No terminal matches '`' in the current parser context, at line 1 col 2",<punct>,True,lean4,False,
18233,PosMulMono,theorem PosMulMono.toPosMulReflectLT [PosMulMono α] : PosMulReflectLT α where elim,4,"_owned (α : Type) (instance : PosMulMono α) : PosMulReflectLT α where elim := by sorry` is a statement that we need to prove `PosMulReflectLT α`, and it is a reasonable first step to use `exact` with the given instance `instance : PosMulMono α",1.74,constrained,"_owned (α : Type) (instance : PosMulMono α) : PosMulReflectLT α where elim := by sorry` is a statement that we need to prove `PosMulReflectLT α`, and it is a reasonable first step to use `exact` with the given instance `instance : PosMulMono α",fallback,generic_tac,_owned,False,PosMulMono;PosMulReflectLT;given;instance;it;need;prove;reasonable;that;we;where,True,
18233,PosMulMono,theorem PosMulMono.toPosMulReflectLT [PosMulMono α] : PosMulReflectLT α where elim,5,_io_000292_3908674_27489600044065075737948800000000000000000000000,1.79,constrained,_io_000292_3908674_27489600044065075737948800000000000000000000000,fallback,generic_tac,_io_000292_3908674_27489600044065075737948800000000000000000000000,False,,False,
18233,PosMulMono,theorem PosMulMono.toPosMulReflectLT [PosMulMono α] : PosMulReflectLT α where elim,6,| 1 | 2 | 3 | 4 | 5 | 6 | 7 | 8 | 9 | 10 | 11 | 12 | 13 | 14 | 15 | 16 | 17 | 18 |,1.82,constrained,| 1 | 2 | 3 | 4 | 5 | 6 | 7 | 8 | 9 | 10 | 11 | 12 | 13 | 14 | 15 | 16 | 17 | 18 |,parse_fail,"No terminal matches '1' in the current parser context, at line 1 col 3",<punct>,True,,False,
18233,PosMulMono,theorem PosMulMono.toPosMulReflectLT [PosMulMono α] : PosMulReflectLT α where elim,7,"unity is the first step for a Lean 4 tactic line, which is simply to prove a statement. The output should be a line of Lean 4 code that is a reasonable first step towards proving the statement. The statement is about `PosMulMono` and `PosMulReflectLT`, which are likely related to",1.71,constrained,"unity is the first step for a Lean 4 tactic line, which is simply to prove a statement. The output should be a line of Lean 4 code that is a reasonable first step towards proving the statement. The statement is about `PosMulMono` and `PosMulReflectLT`, which are likely related to",fallback,generic_tac,unity,False,Lean;PosMulMono;PosMulReflectLT;The;about;are;be;code;likely;output;prove;proving;reasonable;related;should;simply;that;towards;which,False,
12012,hom_ext,"theorem hom_ext {F₁ F₂ : FreeLieAlgebra R X →ₗ⁅R⁆ L} (h : ∀ x, F₁ (of R x) = F₂ (of R x)) : F₁ = F₂",0,"licted for the following reason: The theorem is false as stated. The assumption is only about the values of `F₁` and `F₂` on `of R x` for `x : X`, but not on arbitrary elements of `FreeLieAlgebra R X`. The `of R` map is not",1.71,constrained,"licted for the following reason: The theorem is false as stated. The assumption is only about the values of `F₁` and `F₂` on `of R x` for `x : X`, but not on arbitrary elements of `FreeLieAlgebra R X`. The `of R` map is not",fallback,generic_tac,licted,False,The;about;as;but;elements;following;reason;theorem,False,
12012,hom_ext,"theorem hom_ext {F₁ F₂ : FreeLieAlgebra R X →ₗ⁅R⁆ L} (h : ∀ x, F₁ (of R x) = F₂ (of R x)) : F₁ = F₂",1,_owned_by = 327457955626967573912324372317843825437757219963941011130849,1.71,constrained,_owned_by = 327457955626967573912324372317843825437757219963941011130849,fallback,generic_tac,_owned_by,False,,False,
12012,hom_ext,"theorem hom_ext {F₁ F₂ : FreeLieAlgebra R X →ₗ⁅R⁆ L} (h : ∀ x, F₁ (of R x) = F₂ (of R x)) : F₁ = F₂",2,oded to solve the problem. The statement is that if two linear maps `F₁` and `F₂` from `FreeLieAlgebra R X` to `L` agree on the images of the generators `x : X` under the canonical map `of R x : R →ₗ⁅R,1.7,constrained,oded to solve the problem. The statement is that if two linear maps `F₁` and `F₂` from `FreeLieAlgebra R X` to `L` agree on the images of the generators `x : X` under the canonical map `of R x : R →ₗ⁅R,fallback,generic_tac,oded,False,The;images;maps;that,False,
12012,hom_ext,"theorem hom_ext {F₁ F₂ : FreeLieAlgebra R X →ₗ⁅R⁆ L} (h : ∀ x, F₁ (of R x) = F₂ (of R x)) : F₁ = F₂",3,night_mercuriality_414376200000000000000000000000000000000000000000000000000,1.76,constrained,night_mercuriality_414376200000000000000000000000000000000000000000000000000,fallback,generic_tac,night_mercuriality_414376200000000000000000000000000000000000000000000000000,False,,False,
12012,hom_ext,"theorem hom_ext {F₁ F₂ : FreeLieAlgebra R X →ₗ⁅R⁆ L} (h : ∀ x, F₁ (of R x) = F₂ (of R x)) : F₁ = F₂",4,"Lua 4 Proof (Lean 4 version) with the following steps to complete the proof. The proof will follow these steps to prove that `F₁ = F₂` under the given condition `∀ x, F₁ (of R x) = F₂ (of R x)` and additional context provided by the",1.71,constrained,"Lua 4 Proof (Lean 4 version) with the following steps to complete the proof. The proof will follow these steps to prove that `F₁ = F₂` under the given condition `∀ x, F₁ (of R x) = F₂ (of R x)` and additional context provided by the",fallback,generic_tac,Lua,False,Lean;Proof;The;additional;context;follow;following;given;prove;provided;steps;that;these;version;will,False,
12012,hom_ext,"theorem hom_ext {F₁ F₂ : FreeLieAlgebra R X →ₗ⁅R⁆ L} (h : ∀ x, F₁ (of R x) = F₂ (of R x)) : F₁ = F₂",5,ization that every element of the free Lie algebra over `X` can be expressed as a finite sum of terms of the form `r * x₁ * x₂ * ... * xₙ` where `r` is a scalar and the `xᵢ` are elements of `X`. This is because the,1.71,constrained,ization that every element of the free Lie algebra over `X` can be expressed as a finite sum of terms of the form `r * x₁ * x₂ * ... * xₙ` where `r` is a scalar and the `xᵢ` are elements of `X`. This is because the,fallback,generic_tac,ization,False,Lie;This;are;as;be;because;can;element;elements;every;expressed;form;terms;that;where,False,
12012,hom_ext,"theorem hom_ext {F₁ F₂ : FreeLieAlgebra R X →ₗ⁅R⁆ L} (h : ∀ x, F₁ (of R x) = F₂ (of R x)) : F₁ = F₂",6,"ization is injective, i.e., for any two linear maps \( F_1 \) and \( F_2 \), if \( F_1(x) = F_2(x) \) for all \( x \), then \( F_1 = F_2 \). The condition \( F_1",1.71,constrained,"ization is injective, i.e., for any two linear maps \( F_1 \) and \( F_2 \), if \( F_1(x) = F_2(x) \) for all \( x \), then \( F_1 = F_2 \). The condition \( F_1",fallback,generic_tac,ization,False,F_1;F_2;The;maps,False,
12012,hom_ext,"theorem hom_ext {F₁ F₂ : FreeLieAlgebra R X →ₗ⁅R⁆ L} (h : ∀ x, F₁ (of R x) = F₂ (of R x)) : F₁ = F₂",7,_iff_1 : A ↔ B ↔ C ↔ D ↔ E ↔ F ↔ G ↔ H ↔ I ↔ J ↔ K ↔ L ↔ M ↔ N ↔ O ↔ P ↔ Q ↔ R ↔ S ↔ T ↔ U ↔ V ↔ W ↔ X ↔ Y ↔ Z ↔ A ↔ B ↔ C ↔ D ↔,1.71,constrained,_iff_1 : A ↔ B ↔ C ↔ D ↔ E ↔ F ↔ G ↔ H ↔ I ↔ J ↔ K ↔ L ↔ M ↔ N ↔ O ↔ P ↔ Q ↔ R ↔ S ↔ T ↔ U ↔ V ↔ W ↔ X ↔ Y ↔ Z ↔ A ↔ B ↔ C ↔ D ↔,fallback,generic_tac,_iff_1,False,,False,
59742,id_hom,theorem id_hom (A : CommComon C) : Comon.Hom.hom (InducedCategory.Hom.hom (𝟙 A)) = 𝟙 A.X,0,"oon a commutative, commutative, and associative algebra over a commutative ring. The problem statement is incomplete and lacks key definitions, so we cannot proceed further. We need to clarify the definitions and assumptions before attempting a proof.",1.34,constrained,"oon a commutative, commutative, and associative algebra over a commutative ring. The problem statement is incomplete and lacks key definitions, so we cannot proceed further. We need to clarify the definitions and assumptions before attempting a proof.",fallback,generic_tac,oon,False,The;We;associative;assumptions;attempting;before;cannot;clarify;commutative;definitions;incomplete;lacks;need;problem;proceed;we,False,
59742,id_hom,theorem id_hom (A : CommComon C) : Comon.Hom.hom (InducedCategory.Hom.hom (𝟙 A)) = 𝟙 A.X,1,"avenues of thought. The first step is to understand the problem and identify what needs to be proved. The theorem states that the identity homomorphism on `A` is the identity map of `A`. This is a fundamental property of the identity function, which is always the same as the identity map in any category",1.71,constrained,"avenues of thought. The first step is to understand the problem and identify what needs to be proved. The theorem states that the identity homomorphism on `A` is the identity map of `A`. This is a fundamental property of the identity function, which is always the same as the identity map in any category",fallback,generic_tac,avenues,False,The;This;always;as;be;fundamental;identify;needs;problem;same;states;that;theorem;understand;which,False,
59742,id_hom,theorem id_hom (A : CommComon C) : Comon.Hom.hom (InducedCategory.Hom.hom (𝟙 A)) = 𝟙 A.X,2,"agoni's Lean 4 proof assistant output is: `by simp [CommComon, Comon.Hom]` which is a reasonable first step to simplify the problem using the properties of `CommComon` and `Comon.Hom`. However, this does not immediately complete the proof, so further steps",1.71,constrained,"agoni's Lean 4 proof assistant output is: `by simp [CommComon, Comon.Hom]` which is a reasonable first step to simplify the problem using the properties of `CommComon` and `Comon.Hom`. However, this does not immediately complete the proof, so further steps",fallback,generic_tac,agoni's,False,CommComon;However;Lean;assistant;does;further;immediately;output;problem;properties;reasonable;simplify;steps;which,False,
59742,id_hom,theorem id_hom (A : CommComon C) : Comon.Hom.hom (InducedCategory.Hom.hom (𝟙 A)) = 𝟙 A.X,3,"_owned by the author to be part of the Lean 4 proof assistant system. This is a placeholder to represent that the proof is incomplete or that further steps are needed to complete the proof. In the Lean 4 code, the theorem is marked with `sorry`, indicating that it needs to be filled in with a proper",1.71,constrained,"_owned by the author to be part of the Lean 4 proof assistant system. This is a placeholder to represent that the proof is incomplete or that further steps are needed to complete the proof. In the Lean 4 code, the theorem is marked with `sorry`, indicating that it needs to be filled in with a proper",fallback,generic_tac,_owned,False,In;Lean;This;are;assistant;author;be;code;filled;further;incomplete;indicating;it;marked;needed;needs;placeholder;represent;steps;that;theorem,True,
59742,id_hom,theorem id_hom (A : CommComon C) : Comon.Hom.hom (InducedCategory.Hom.hom (𝟙 A)) = 𝟙 A.X,4,"agonizingly in the presence of a potential misunderstanding of the statement. The theorem statement is somewhat unclear due to the use of `id_hom`, but it seems to be a statement about the identity homomorphism in a certain context. However, the actual Lean 4 code snippet provided is incomplete and does not fully reflect",1.71,constrained,"agonizingly in the presence of a potential misunderstanding of the statement. The theorem statement is somewhat unclear due to the use of `id_hom`, but it seems to be a statement about the identity homomorphism in a certain context. However, the actual Lean 4 code snippet provided is incomplete and does not fully reflect",fallback,generic_tac,agonizingly,False,However;Lean;The;about;actual;be;but;certain;code;does;due;fully;incomplete;it;misunderstanding;potential;presence;provided;seems;snippet;somewhat;theorem;unclear,False,
59742,id_hom,theorem id_hom (A : CommComon C) : Comon.Hom.hom (InducedCategory.Hom.hom (𝟙 A)) = 𝟙 A.X,5,agoni30036030030030030030030030030030030030030030030030030030030030,1.76,constrained,agoni30036030030030030030030030030030030030030030030030030030030030,fallback,generic_tac,agoni30036030030030030030030030030030030030030030030030030030030030,False,,False,
59742,id_hom,theorem id_hom (A : CommComon C) : Comon.Hom.hom (InducedCategory.Hom.hom (𝟙 A)) = 𝟙 A.X,6,"ptions is not allowed. You are not allowed to use tactics like `have` or `obtain` or `exact`. You must output only one tactic, and no additional explanations or comments. The tactic must be a valid Lean 4 tactic that could be used to prove the theorem, but you don't need to",1.72,constrained,"ptions is not allowed. You are not allowed to use tactics like `have` or `obtain` or `exact`. You must output only one tactic, and no additional explanations or comments. The tactic must be a valid Lean 4 tactic that could be used to prove the theorem, but you don't need to",fallback,generic_tac,ptions,False,Lean;The;You;additional;are;be;but;could;don't;explanations;like;must;need;no;output;prove;tactics;that;theorem;used;you,False,
59742,id_hom,theorem id_hom (A : CommComon C) : Comon.Hom.hom (InducedCategory.Hom.hom (𝟙 A)) = 𝟙 A.X,7,night230811222746484229198843931834290098879187905413302194510983228,1.77,constrained,night230811222746484229198843931834290098879187905413302194510983228,fallback,generic_tac,night230811222746484229198843931834290098879187905413302194510983228,False,,False,
75861,optionElim_ne_zero_iff,theorem optionElim_ne_zero_iff (y : M) (f : α →₀ M) : f.optionElim y ≠ 0 ↔ f ≠ 0 ∨ y ≠ 0,0,agonzalez1234567890123456789012345678901234567890123456789012345678901,1.78,constrained,agonzalez1234567890123456789012345678901234567890123456789012345678901,fallback,generic_tac,agonzalez1234567890123456789012345678901234567890123456789012345678901,False,,False,
75861,optionElim_ne_zero_iff,theorem optionElim_ne_zero_iff (y : M) (f : α →₀ M) : f.optionElim y ≠ 0 ↔ f ≠ 0 ∨ y ≠ 0,1,agonist22944894489448944894489448944894489448944894489448944894489448,1.77,constrained,agonist22944894489448944894489448944894489448944894489448944894489448,fallback,generic_tac,agonist22944894489448944894489448944894489448944894489448944894489448,False,,False,
75861,optionElim_ne_zero_iff,theorem optionElim_ne_zero_iff (y : M) (f : α →₀ M) : f.optionElim y ≠ 0 ↔ f ≠ 0 ∨ y ≠ 0,2,"agona is a powerful tool for automatically generating Lean 4 proofs, but its primary goal is to prove theorems in Lean 4, not to generate abstract plan proofs. The proof sketch above is a very rough outline, and the actual Lean 4 proof may need to adjust the details to match Lean's syntax",1.7,constrained,"agona is a powerful tool for automatically generating Lean 4 proofs, but its primary goal is to prove theorems in Lean 4, not to generate abstract plan proofs. The proof sketch above is a very rough outline, and the actual Lean 4 proof may need to adjust the details to match Lean's syntax",fallback,generic_tac,agona,False,Lean;Lean's;The;abstract;actual;adjust;automatically;but;details;generating;goal;its;may;need;outline;plan;powerful;primary;proofs;prove;rough;sketch;syntax;theorems;tool;very,False,
75861,optionElim_ne_zero_iff,theorem optionElim_ne_zero_iff (y : M) (f : α →₀ M) : f.optionElim y ≠ 0 ↔ f ≠ 0 ∨ y ≠ 0,3,agoni10000000000000000000000000000000000000000000000000000000000000,1.75,constrained,agoni10000000000000000000000000000000000000000000000000000000000000,fallback,generic_tac,agoni10000000000000000000000000000000000000000000000000000000000000,False,,False,
75861,optionElim_ne_zero_iff,theorem optionElim_ne_zero_iff (y : M) (f : α →₀ M) : f.optionElim y ≠ 0 ↔ f ≠ 0 ∨ y ≠ 0,4,|> (try norm_num) <;> (try ring_nf) <;> (try field_simp) <;> (try norm_num) <;> (try ring_nf) <;> (try norm_num) <;> (try linarith) <;> (try nlinarith,1.77,constrained,|> (try norm_num) <;> (try ring_nf) <;> (try field_simp) <;> (try norm_num) <;> (try ring_nf) <;> (try norm_num) <;> (try linarith) <;> (try nlinarith,parse_fail,"No terminal matches '>' in the current parser context, at line 1 col 2",<punct>,True,,False,
75861,optionElim_ne_zero_iff,theorem optionElim_ne_zero_iff (y : M) (f : α →₀ M) : f.optionElim y ≠ 0 ↔ f ≠ 0 ∨ y ≠ 0,5,"ization to prove this theorem. The proof will use contradiction by assuming the negation of the goal and showing that it leads to a contradiction. The `simp` tactic will simplify the goal, and `tauto` will handle the logical implications and contradictions. The `aesop` tactic will be used to complete the proof",1.7,constrained,"ization to prove this theorem. The proof will use contradiction by assuming the negation of the goal and showing that it leads to a contradiction. The `simp` tactic will simplify the goal, and `tauto` will handle the logical implications and contradictions. The `aesop` tactic will be used to complete the proof",fallback,generic_tac,ization,False,The;assuming;be;goal;handle;implications;it;leads;logical;negation;prove;showing;simplify;that;used;will,False,
75861,optionElim_ne_zero_iff,theorem optionElim_ne_zero_iff (y : M) (f : α →₀ M) : f.optionElim y ≠ 0 ↔ f ≠ 0 ∨ y ≠ 0,6,"|y| is the cardinality of a set of numbers, not necessarily a sum. In fact, the cardinality of `{-1, 0, 1}` is `3`, not `3.5` (which is not a natural number anyway). However, in Lean, `y` is a",1.8,constrained,"|y| is the cardinality of a set of numbers, not necessarily a sum. In fact, the cardinality of `{-1, 0, 1}` is `3`, not `3.5` (which is not a natural number anyway). However, in Lean, `y` is a",parse_fail,"No terminal matches 'y' in the current parser context, at line 1 col 2",<punct>,True,However;In;Lean;anyway;cardinality;fact;necessarily;number;numbers;which,False,
75861,optionElim_ne_zero_iff,theorem optionElim_ne_zero_iff (y : M) (f : α →₀ M) : f.optionElim y ≠ 0 ↔ f ≠ 0 ∨ y ≠ 0,7,"lean4_tactic_line = ""intro y f; induction f using Function.Injective.induction_on with f hf hf hf₁ hf₂ <;> simp_all [Finsupp.sum_ite, Finsupp.sum_range_succ, Finsupp.sum_range_zero, Option.getD, Option.get, Option.isSome",1.71,constrained,"lean4_tactic_line = ""intro y f; induction f using Function.Injective.induction_on with f hf hf hf₁ hf₂ <;> simp_all [Finsupp.sum_ite, Finsupp.sum_range_succ, Finsupp.sum_range_zero, Option.getD, Option.get, Option.isSome",fallback,generic_tac,lean4_tactic_line,False,Finsupp.sum_ite;Finsupp.sum_range_succ;Finsupp.sum_range_zero;Option.getD;Option.isSome,False,
20916,natCast_mul,theorem natCast_mul (n : ℕ) (p : R[X]) : (n : R[X]) * p = n • p,0,night_crawler1999000101999000101999000101999000101999000101999000101999000,1.76,constrained,night_crawler1999000101999000101999000101999000101999000101999000101999000,fallback,generic_tac,night_crawler1999000101999000101999000101999000101999000101999000101999000,False,,False,
20916,natCast_mul,theorem natCast_mul (n : ℕ) (p : R[X]) : (n : R[X]) * p = n • p,1,"_owned by a single person. The company's annual revenue was $1 million and its net profit was$240,000. Its total assets were $800,000 and its total liabilities were$500,000. What is the company's debt-to-asset",1.7,constrained,"_owned by a single person. The company's annual revenue was $1 million and its net profit was$240,000. Its total assets were $800,000 and its total liabilities were$500,000. What is the company's debt-to-asset",fallback,generic_tac,_owned,False,Its;The;What;annual;asset;assets;company's;debt;its;liabilities;million;net;profit;revenue;was;were,False,
20916,natCast_mul,theorem natCast_mul (n : ℕ) (p : R[X]) : (n : R[X]) * p = n • p,2,_luaqf77k9xh5f9n9f4m3xw9f9x9j3x9h3f9x9h3f9x9h3f9x9h3f9x9h3f9x9h3f9x,1.75,constrained,_luaqf77k9xh5f9n9f4m3xw9f9x9j3x9h3f9x9h3f9x9h3f9x9h3f9x9h3f9x9h3f9x,fallback,generic_tac,_luaqf77k9xh5f9n9f4m3xw9f9x9j3x9h3f9x9h3f9x9h3f9x9h3f9x9h3f9x9h3f9x,False,,False,
20916,natCast_mul,theorem natCast_mul (n : ℕ) (p : R[X]) : (n : R[X]) * p = n • p,3,"Infinity is not a natural number, so the theorem as stated is incorrect. However, if we interpret `n` as a natural number and `p` as a polynomial over a ring `R`, then the theorem is correct because scalar multiplication is defined in terms of addition. Specifically, the statement `(n : R[X",1.7,constrained,"Infinity is not a natural number, so the theorem as stated is incorrect. However, if we interpret `n` as a natural number and `p` as a polynomial over a ring `R`, then the theorem is correct because scalar multiplication is defined in terms of addition. Specifically, the statement `(n : R[X",fallback,generic_tac,Infinity,False,However;Specifically;as;because;correct;defined;interpret;multiplication;number;stated;terms;theorem;we,False,
20916,natCast_mul,theorem natCast_mul (n : ℕ) (p : R[X]) : (n : R[X]) * p = n • p,4,"using the fact that the `n • p` is the same as `(n : R[X]) * p` by definition of scalar multiplication in `R[X]` when `R` is a commutative ring. However, Lean 4 may require a more explicit step to handle the coercion of `n`",1.7,constrained,"using the fact that the `n • p` is the same as `(n : R[X]) * p` by definition of scalar multiplication in `R[X]` when `R` is a commutative ring. However, Lean 4 may require a more explicit step to handle the coercion of `n`",fallback,generic_tac,using,True,However;Lean;as;coercion;commutative;definition;explicit;fact;handle;may;more;multiplication;require;same;that;when,False,
20916,natCast_mul,theorem natCast_mul (n : ℕ) (p : R[X]) : (n : R[X]) * p = n • p,5,night1024 / 11 / 2021 06:30:47 AM / 2021 / 11 / 10 23:12:31 / 2021 / 11 / 10 2,1.7,constrained,night1024 / 11 / 2021 06:30:47 AM / 2021 / 11 / 10 23:12:31 / 2021 / 11 / 10 2,fallback,generic_tac,night1024,False,AM,False,
20916,natCast_mul,theorem natCast_mul (n : ℕ) (p : R[X]) : (n : R[X]) * p = n • p,6,night (n : ℕ) (p : R[X]) : (n : R[X]) * p = n • p := by sorry```lean```lean```lean```lean```lean```lean```lean```lean```lean```lean```lean```lean```lean```lean```lean```lean```lean```lean,1.7,constrained,night (n : ℕ) (p : R[X]) : (n : R[X]) * p = n • p := by sorry```lean```lean```lean```lean```lean```lean```lean```lean```lean```lean```lean```lean```lean```lean```lean```lean```lean```lean,fallback,generic_tac,night,False,lean,True,
20916,natCast_mul,theorem natCast_mul (n : ℕ) (p : R[X]) : (n : R[X]) * p = n • p,7,"Lua 4 tactics are a bit unusual because they are not the same as the tactics in other theorem provers like Lean 4 (Mathlib). In Lean 4, the theorem is already stated, and the goal is to prove it. The tactic `by` introduces a proof, and the `sorry` is",1.7,constrained,"Lua 4 tactics are a bit unusual because they are not the same as the tactics in other theorem provers like Lean 4 (Mathlib). In Lean 4, the theorem is already stated, and the goal is to prove it. The tactic `by` introduces a proof, and the `sorry` is",fallback,generic_tac,Lua,False,In;Lean;Mathlib;The;already;are;as;because;goal;introduces;like;prove;provers;same;stated;tactics;theorem;they;unusual,True,
61024,op_symm,theorem op_symm (α : X ≅ Y) : Iso.op α.symm = (Iso.op α).symm,0,"_owned = (x : ℝ) → ℝ) (f : ℝ → ℝ) (x : ℝ) (hf : Continuous f) (h₀ : ∀ x, f x = x ^ 2 - 1) : ContinuousOn (fun x => (f x : ℝ) - x ^ 2",1.7,constrained,"_owned = (x : ℝ) → ℝ) (f : ℝ → ℝ) (x : ℝ) (hf : Continuous f) (h₀ : ∀ x, f x = x ^ 2 - 1) : ContinuousOn (fun x => (f x : ℝ) - x ^ 2",fallback,generic_tac,_owned,False,Continuous,False,
61024,op_symm,theorem op_symm (α : X ≅ Y) : Iso.op α.symm = (Iso.op α).symm,1,_owned (α : X ≅ Y) : Iso.op α.symm = (Iso.op α).symm := by sorry``````lean```lean```lean```lean```lean```lean```lean```lean```lean```lean```lean```lean```lean```lean```lean```lean```lean```lean,1.7,constrained,_owned (α : X ≅ Y) : Iso.op α.symm = (Iso.op α).symm := by sorry``````lean```lean```lean```lean```lean```lean```lean```lean```lean```lean```lean```lean```lean```lean```lean```lean```lean```lean,fallback,generic_tac,_owned,False,lean,True,
61024,op_symm,theorem op_symm (α : X ≅ Y) : Iso.op α.symm = (Iso.op α).symm,2,agona20240509_135450_1374924994_1374924994_1374924994_1374924994_13,1.76,constrained,agona20240509_135450_1374924994_1374924994_1374924994_1374924994_13,fallback,generic_tac,agona20240509_135450_1374924994_1374924994_1374924994_1374924994_13,False,,False,
61024,op_symm,theorem op_symm (α : X ≅ Y) : Iso.op α.symm = (Iso.op α).symm,3,"_owned by the problem statement to output only Lean 4 tactics, and not provide any explanations, I will simply output the `simp` tactic as the first step. This is a reasonable choice because the theorem is about simplifying an expression involving `Iso.op` and `symm`, and `simp` is a powerful",1.7,constrained,"_owned by the problem statement to output only Lean 4 tactics, and not provide any explanations, I will simply output the `simp` tactic as the first step. This is a reasonable choice because the theorem is about simplifying an expression involving `Iso.op` and `symm`, and `simp` is a powerful",fallback,generic_tac,_owned,False,Lean;This;about;an;as;because;explanations;expression;involving;output;powerful;problem;provide;reasonable;simplifying;simply;tactics;theorem;will,False,
61024,op_symm,theorem op_symm (α : X ≅ Y) : Iso.op α.symm = (Iso.op α).symm,4,old 4.1.0 and above and Lean 4.2.0 and above are not supported by Lean 4.1.0 and below. Lean 4.2.0 and above is not supported by Lean 4.1.0 and below. Lean 4.1.0 and,1.7,constrained,old 4.1.0 and above and Lean 4.2.0 and above are not supported by Lean 4.1.0 and below. Lean 4.2.0 and above is not supported by Lean 4.1.0 and below. Lean 4.1.0 and,fallback,generic_tac,old,False,Lean;are,False,
61024,op_symm,theorem op_symm (α : X ≅ Y) : Iso.op α.symm = (Iso.op α).symm,5,ozh9x8y0z0y0z0y0z0y0z0y0z0y0z0y0z0y0z0y0z0y0z0y0z0y0z0y0z0y0z0y0z,1.75,constrained,ozh9x8y0z0y0z0y0z0y0z0y0z0y0z0y0z0y0z0y0z0y0z0y0z0y0z0y0z0y0z0y0z,fallback,generic_tac,ozh9x8y0z0y0z0y0z0y0z0y0z0y0z0y0z0y0z0y0z0y0z0y0z0y0z0y0z0y0z0y0z,False,,False,
61024,op_symm,theorem op_symm (α : X ≅ Y) : Iso.op α.symm = (Iso.op α).symm,6,"_owned by the user, but we'll provide the correct answer based on the problem's requirements. Here, the theorem is a trivial identity involving the `symm` of an isomorphism `α : X ≅ Y` and its operation `Iso.op`. The proof can be completed using reflexivity (`rfl`)",1.7,constrained,"_owned by the user, but we'll provide the correct answer based on the problem's requirements. Here, the theorem is a trivial identity involving the `symm` of an isomorphism `α : X ≅ Y` and its operation `Iso.op`. The proof can be completed using reflexivity (`rfl`)",fallback,generic_tac,_owned,False,Here;The;an;based;be;but;can;completed;correct;involving;isomorphism;its;operation;problem's;provide;reflexivity;theorem;user;we'll,False,
61024,op_symm,theorem op_symm (α : X ≅ Y) : Iso.op α.symm = (Iso.op α).symm,7,"_owned by the `α.symm` term. We should use the definition of `Iso.op` to rewrite the goal. The definition of `Iso.op` is `α.symm` is `(α : α).symm`. So, we need to show that `((α : α).symm).sym",1.71,constrained,"_owned by the `α.symm` term. We should use the definition of `Iso.op` to rewrite the goal. The definition of `Iso.op` is `α.symm` is `(α : α).symm`. So, we need to show that `((α : α).symm).sym",fallback,generic_tac,_owned,False,So;The;We;definition;need;should;that;we,False,
26476,PartialMap,lemma PartialMap.id_comp {X Y : Scheme.{u}} [IrreducibleSpace X] (f : X.PartialMap Y) : (PartialMap.id X).comp f = f,0,_ownedBy { x : X | x ∈ s} = {x : X | x ∈ s}```lean```lean```lean```lean44```lean44```lean44```lean44```lean44```lean44```lean44```lean44```lean44```,1.72,constrained,_ownedBy { x : X | x ∈ s} = {x : X | x ∈ s}```lean```lean```lean```lean44```lean44```lean44```lean44```lean44```lean44```lean44```lean44```lean44,fallback,generic_tac,_ownedBy,False,lean;lean44,False,
26476,PartialMap,lemma PartialMap.id_comp {X Y : Scheme.{u}} [IrreducibleSpace X] (f : X.PartialMap Y) : (PartialMap.id X).comp f = f,1,agonzalez2378482953821093364956283058126683274795543825279035711537814,1.76,constrained,agonzalez2378482953821093364956283058126683274795543825279035711537814,fallback,generic_tac,agonzalez2378482953821093364956283058126683274795543825279035711537814,False,,False,
26476,PartialMap,lemma PartialMap.id_comp {X Y : Scheme.{u}} [IrreducibleSpace X] (f : X.PartialMap Y) : (PartialMap.id X).comp f = f,2,ained to prove that the composition of the identity partial map with `f` is `f` itself. The identity partial map on `X` is defined as `fun x => some x` for `x : X`. The composition of two partial maps `g : X.PartialMap Y` and `h :,1.72,constrained,ained to prove that the composition of the identity partial map with `f` is `f` itself. The identity partial map on `X` is defined as `fun x => some x` for `x : X`. The composition of two partial maps `g : X.PartialMap Y` and `h :,fallback,generic_tac,ained,False,The;X.PartialMap;as;defined;maps;partial;prove;that,False,
26476,PartialMap,lemma PartialMap.id_comp {X Y : Scheme.{u}} [IrreducibleSpace X] (f : X.PartialMap Y) : (PartialMap.id X).comp f = f,3,|||lean4```lean4```lean4```lean4```lean4```lean4```lean4```lean4```lean4```lean4```lean4```lean4```lean4```lean4```lean4```lean4```lean4```lean4```lean4```lean4```lean4,1.8,constrained,|||lean4```lean4```lean4```lean4```lean4```lean4```lean4```lean4```lean4```lean4```lean4```lean4```lean4```lean4```lean4```lean4```lean4```lean4```lean4```lean4```lean4,parse_fail,"No terminal matches '|' in the current parser context, at line 1 col 2",<punct>,True,lean4,False,
26476,PartialMap,lemma PartialMap.id_comp {X Y : Scheme.{u}} [IrreducibleSpace X] (f : X.PartialMap Y) : (PartialMap.id X).comp f = f,4,|||lean4|||lean4|||lean4|||lean4|||lean4|||lean4|||lean4|||lean4|||lean4|||lean4|||lean4|||lean4|||lean4|||lean4|||lean4|||lean4,1.8,constrained,|||lean4|||lean4|||lean4|||lean4|||lean4|||lean4|||lean4|||lean4|||lean4|||lean4|||lean4|||lean4|||lean4|||lean4|||lean4|||lean4,parse_fail,"No terminal matches '|' in the current parser context, at line 1 col 2",<punct>,True,lean4,False,
26476,PartialMap,lemma PartialMap.id_comp {X Y : Scheme.{u}} [IrreducibleSpace X] (f : X.PartialMap Y) : (PartialMap.id X).comp f = f,5,"_owned by the `IrreducibleSpace X` assumption, but it's unclear what that assumption is for here. A quick check of Mathlib's definitions suggests that the `IrreducibleSpace X` assumption is unnecessary for this theorem, as the result follows directly from the definition of `comp` and `id`.",1.71,constrained,"_owned by the `IrreducibleSpace X` assumption, but it's unclear what that assumption is for here. A quick check of Mathlib's definitions suggests that the `IrreducibleSpace X` assumption is unnecessary for this theorem, as the result follows directly from the definition of `comp` and `id`.",fallback,generic_tac,_owned,False,IrreducibleSpace;Mathlib's;as;but;definition;definitions;directly;follows;it's;quick;suggests;that;theorem;unclear;unnecessary,False,
26476,PartialMap,lemma PartialMap.id_comp {X Y : Scheme.{u}} [IrreducibleSpace X] (f : X.PartialMap Y) : (PartialMap.id X).comp f = f,6,_owned by a different user.,0.22,constrained,_owned by a different user.,fallback,generic_tac,_owned,False,different,False,
26476,PartialMap,lemma PartialMap.id_comp {X Y : Scheme.{u}} [IrreducibleSpace X] (f : X.PartialMap Y) : (PartialMap.id X).comp f = f,7,"_owned by the user (e.g., a variable or hypothesis name). The tactic is used to close the current goal, and it is typically the last step in the proof. The `sorry` keyword is a placeholder that marks the proof as incomplete, and it will be replaced by the actual proof in the final version.",1.71,constrained,"_owned by the user (e.g., a variable or hypothesis name). The tactic is used to close the current goal, and it is typically the last step in the proof. The `sorry` keyword is a placeholder that marks the proof as incomplete, and it will be replaced by the actual proof in the final version.",fallback,generic_tac,_owned,False,The;actual;as;be;current;final;goal;hypothesis;incomplete;it;keyword;marks;placeholder;replaced;that;typically;used;user;variable;will,True,
99647,weightedVSubOfPoint_sdiff,theorem weightedVSubOfPoint_sdiff [DecidableEq ι] {s₂ : Finset ι} (h : s₂ ⊆ s) (w : ι → k) (p : ι → P) (b : P) : (s \ s₂).weightedVSubOfPoint p b w + s₂.weightedVSubOfPoint p b w = s.weightedVSubOfPoint p b w,0,"·  Lean 4 4 tactic 4 line that would be a reasonable 4 first 4 proof 4 step for this 4 theorem. 4 Output 4 only 4 the 4 tactic 4 itself, 4 nothing 4 else. 4  ·  4 4 ",1.74,constrained,"·  Lean 4 4 tactic 4 line that would be a reasonable 4 first 4 proof 4 step for this 4 theorem. 4 Output 4 only 4 the 4 tactic 4 itself, 4 nothing 4 else. 4  ·  4 4",named,focus_tac,<punct>,True,Lean;Output;be;itself;nothing;reasonable;that;would,False,
99647,weightedVSubOfPoint_sdiff,theorem weightedVSubOfPoint_sdiff [DecidableEq ι] {s₂ : Finset ι} (h : s₂ ⊆ s) (w : ι → k) (p : ι → P) (b : P) : (s \ s₂).weightedVSubOfPoint p b w + s₂.weightedVSubOfPoint p b w = s.weightedVSubOfPoint p b w,1,"|> simp_all [Finset.sum_sdiff, Finset.sum_subset, Finset.sum_const, Finset.card_sdiff, Finset.card_mono, Finset.card_univ, Finset.card_empty, Nat.cast_zero, Nat.cast_add, Nat.cast_one, Nat.cast_mul, Nat.cast_sub, Nat",1.89,constrained,"|> simp_all [Finset.sum_sdiff, Finset.sum_subset, Finset.sum_const, Finset.card_sdiff, Finset.card_mono, Finset.card_univ, Finset.card_empty, Nat.cast_zero, Nat.cast_add, Nat.cast_one, Nat.cast_mul, Nat.cast_sub, Nat",parse_fail,"No terminal matches '>' in the current parser context, at line 1 col 2",<punct>,True,Finset.sum_sdiff;Finset.sum_subset,False,
99647,weightedVSubOfPoint_sdiff,theorem weightedVSubOfPoint_sdiff [DecidableEq ι] {s₂ : Finset ι} (h : s₂ ⊆ s) (w : ι → k) (p : ι → P) (b : P) : (s \ s₂).weightedVSubOfPoint p b w + s₂.weightedVSubOfPoint p b w = s.weightedVSubOfPoint p b w,2,"ained `lean 4` theorem is about proving a property of weighted sums over subsets of a set `s`. The theorem states that for any subset `s₂` of `s`, the weighted sum of `p` over `s \ s₂` plus the weighted sum of `p` over `s₂",1.75,constrained,"ained `lean 4` theorem is about proving a property of weighted sums over subsets of a set `s`. The theorem states that for any subset `s₂` of `s`, the weighted sum of `p` over `s \ s₂` plus the weighted sum of `p` over `s₂",fallback,generic_tac,ained,False,The;about;lean;proving;states;subsets;sums;that;theorem;weighted,False,
99647,weightedVSubOfPoint_sdiff,theorem weightedVSubOfPoint_sdiff [DecidableEq ι] {s₂ : Finset ι} (h : s₂ ⊆ s) (w : ι → k) (p : ι → P) (b : P) : (s \ s₂).weightedVSubOfPoint p b w + s₂.weightedVSubOfPoint p b w = s.weightedVSubOfPoint p b w,3,|```lean4```lean4```lean4```lean4```lean4```lean4```lean4```lean4```lean4```lean4```lean4```lean4```lean4```lean4```lean4```lean4```lean4```lean4```lean4```lean4```lean4,1.87,constrained,|```lean4```lean4```lean4```lean4```lean4```lean4```lean4```lean4```lean4```lean4```lean4```lean4```lean4```lean4```lean4```lean4```lean4```lean4```lean4```lean4```lean4,parse_fail,"No terminal matches '`' in the current parser context, at line 1 col 2",<punct>,True,lean4,False,
99647,weightedVSubOfPoint_sdiff,theorem weightedVSubOfPoint_sdiff [DecidableEq ι] {s₂ : Finset ι} (h : s₂ ⊆ s) (w : ι → k) (p : ι → P) (b : P) : (s \ s₂).weightedVSubOfPoint p b w + s₂.weightedVSubOfPoint p b w = s.weightedVSubOfPoint p b w,4,||`||lean```lean```lean```lean4```lean4```lean4```lean4```lean4```lean4```lean4```lean4```lean4```lean4```lean4```lean4```lean4```lean4```lean4```lean4```lean4```lean4```lean,1.83,constrained,||`||lean```lean```lean```lean4```lean4```lean4```lean4```lean4```lean4```lean4```lean4```lean4```lean4```lean4```lean4```lean4```lean4```lean4```lean4```lean4```lean4```lean,parse_fail,"No terminal matches '|' in the current parser context, at line 1 col 2",<punct>,True,lean;lean4,False,
99647,weightedVSubOfPoint_sdiff,theorem weightedVSubOfPoint_sdiff [DecidableEq ι] {s₂ : Finset ι} (h : s₂ ⊆ s) (w : ι → k) (p : ι → P) (b : P) : (s \ s₂).weightedVSubOfPoint p b w + s₂.weightedVSubOfPoint p b w = s.weightedVSubOfPoint p b w,5,ization of the weighted VSubOfPoint operation when subtracting a subset of a set. The theorem states that the weighted VSubOfPoint of the set difference `s \ s₂` and `s₂` added together is equal to the weighted VSubOfPoint of `s`. The hypotheses are that `s,1.72,constrained,ization of the weighted VSubOfPoint operation when subtracting a subset of a set. The theorem states that the weighted VSubOfPoint of the set difference `s \ s₂` and `s₂` added together is equal to the weighted VSubOfPoint of `s`. The hypotheses are that `s,fallback,generic_tac,ization,False,The;VSubOfPoint;added;are;hypotheses;operation;states;subtracting;that;theorem;together;weighted;when,False,
99647,weightedVSubOfPoint_sdiff,theorem weightedVSubOfPoint_sdiff [DecidableEq ι] {s₂ : Finset ι} (h : s₂ ⊆ s) (w : ι → k) (p : ι → P) (b : P) : (s \ s₂).weightedVSubOfPoint p b w + s₂.weightedVSubOfPoint p b w = s.weightedVSubOfPoint p b w,6,| `lean4_tactic_4` tactic `linarith` | `by` | `linarith` | `linarith` | `linarith` | `linarith` | `linarith` | `linarith` | `linarith` | `linarith` | `linarith` |,1.79,constrained,| `lean4_tactic_4` tactic `linarith` | `by` | `linarith` | `linarith` | `linarith` | `linarith` | `linarith` | `linarith` | `linarith` | `linarith` | `linarith` |,parse_fail,"No terminal matches '`' in the current parser context, at line 1 col 3",<punct>,True,lean4_tactic_4,False,
99647,weightedVSubOfPoint_sdiff,theorem weightedVSubOfPoint_sdiff [DecidableEq ι] {s₂ : Finset ι} (h : s₂ ⊆ s) (w : ι → k) (p : ι → P) (b : P) : (s \ s₂).weightedVSubOfPoint p b w + s₂.weightedVSubOfPoint p b w = s.weightedVSubOfPoint p b w,7,"ained and the proof can be completed by induction on the size of `s`. However, the initial tactic step is to use the fact that the difference of two sets can be expressed in terms of the original set and its subset, and the weighted sums can be combined accordingly. The exact proof steps would require more detailed reasoning",1.7,constrained,"ained and the proof can be completed by induction on the size of `s`. However, the initial tactic step is to use the fact that the difference of two sets can be expressed in terms of the original set and its subset, and the weighted sums can be combined accordingly. The exact proof steps would require more detailed reasoning",fallback,generic_tac,ained,False,However;The;be;can;combined;completed;detailed;expressed;fact;its;more;original;reasoning;require;steps;sums;terms;that;weighted;would,False,
72869,predAbove_of_lt_succ,lemma predAbove_of_lt_succ (p : Fin n) (i : Fin (n + 1)) (h : i < succ p) : p.predAbove i = i.castPred (Fin.ne_last_of_lt h),0,OLD LEAN 4 Tactic Proof Step: `rw [Fin.predAbove]`,0.54,constrained,OLD LEAN 4 Tactic Proof Step: `rw [Fin.predAbove]`,fallback,generic_tac,OLD,False,LEAN;Proof;Step;Tactic,False,
72869,predAbove_of_lt_succ,lemma predAbove_of_lt_succ (p : Fin n) (i : Fin (n + 1)) (h : i < succ p) : p.predAbove i = i.castPred (Fin.ne_last_of_lt h),1,"agonizing over the problem, it seems that the `have` statement is not directly helpful here. Instead, we can directly use the fact that `Fin.predAbove` and `Fin.castPred` are closely related by their definitions. Specifically, `p.predAbove i` is defined as `(i - 1).",1.69,constrained,"agonizing over the problem, it seems that the `have` statement is not directly helpful here. Instead, we can directly use the fact that `Fin.predAbove` and `Fin.castPred` are closely related by their definitions. Specifically, `p.predAbove i` is defined as `(i - 1).",fallback,generic_tac,agonizing,False,Instead;Specifically;are;as;can;closely;defined;directly;fact;helpful;it;problem;related;seems;that;their;we,False,
72869,predAbove_of_lt_succ,lemma predAbove_of_lt_succ (p : Fin n) (i : Fin (n + 1)) (h : i < succ p) : p.predAbove i = i.castPred (Fin.ne_last_of_lt h),2,"OLD LEAN 4 TACTIC OUTPUT (DEPRECATED, NO LONGER SUPPORTED, WILL NOT WORK IN FUTURE VERSIONS OF THE MODEL): `have h₁ : p.predAbove i = i.castPred (Fin.ne_last_of_lt h) := by sorry` (or similar, but with actual Lean",1.7,constrained,"OLD LEAN 4 TACTIC OUTPUT (DEPRECATED, NO LONGER SUPPORTED, WILL NOT WORK IN FUTURE VERSIONS OF THE MODEL): `have h₁ : p.predAbove i = i.castPred (Fin.ne_last_of_lt h) := by sorry` (or similar, but with actual Lean",fallback,generic_tac,OLD,False,DEPRECATED;FUTURE;IN;LEAN;LONGER;Lean;MODEL;NO;NOT;OF;OUTPUT;SUPPORTED;TACTIC;THE;VERSIONS;WILL;WORK;actual;but,True,
72869,predAbove_of_lt_succ,lemma predAbove_of_lt_succ (p : Fin n) (i : Fin (n + 1)) (h : i < succ p) : p.predAbove i = i.castPred (Fin.ne_last_of_lt h),3,agon200083021838410874280490392344964115729354558121143119761984136,1.76,constrained,agon200083021838410874280490392344964115729354558121143119761984136,fallback,generic_tac,agon200083021838410874280490392344964115729354558121143119761984136,False,,False,
72869,predAbove_of_lt_succ,lemma predAbove_of_lt_succ (p : Fin n) (i : Fin (n + 1)) (h : i < succ p) : p.predAbove i = i.castPred (Fin.ne_last_of_lt h),4,|||lean4theorem lean4theorem lean4theorem lean4theorem lean4theorem lean4theorem lean4theorem lean4theorem lean4theorem lean4theorem lean4theorem lean4theorem lean4theorem lean4theorem lean4theorem lean4theorem lean4theorem lean4theorem lean4theorem lean4theorem lean4,1.79,constrained,|||lean4theorem lean4theorem lean4theorem lean4theorem lean4theorem lean4theorem lean4theorem lean4theorem lean4theorem lean4theorem lean4theorem lean4theorem lean4theorem lean4theorem lean4theorem lean4theorem lean4theorem lean4theorem lean4theorem lean4theorem lean4,parse_fail,"No terminal matches '|' in the current parser context, at line 1 col 2",<punct>,True,lean4;lean4theorem,False,
72869,predAbove_of_lt_succ,lemma predAbove_of_lt_succ (p : Fin n) (i : Fin (n + 1)) (h : i < succ p) : p.predAbove i = i.castPred (Fin.ne_last_of_lt h),5,theorem lean_workbook_plus_18172  (p : Fin n) (i : Fin (n + 1)) (h : i < succ p) : p.predAbove i = i.castPred (Fin.ne_last_of_lt h) := by sorry := by sorry := by sorry := by,1.7,constrained,theorem lean_workbook_plus_18172  (p : Fin n) (i : Fin (n + 1)) (h : i < succ p) : p.predAbove i = i.castPred (Fin.ne_last_of_lt h) := by sorry := by sorry := by sorry := by,fallback,generic_tac,theorem,False,Fin;lean_workbook_plus_18172,True,
72869,predAbove_of_lt_succ,lemma predAbove_of_lt_succ (p : Fin n) (i : Fin (n + 1)) (h : i < succ p) : p.predAbove i = i.castPred (Fin.ne_last_of_lt h),6,|||lean4theorem lean4theorem lean4theorem lean4theorem lean4theorem lean4theorem lean4theorem lean4theorem lean4theorem lean4theorem lean4theorem lean4theorem lean4theorem lean4theorem lean4theorem lean4theorem lean4theorem lean4theorem lean4theorem lean4theorem lean4,1.8,constrained,|||lean4theorem lean4theorem lean4theorem lean4theorem lean4theorem lean4theorem lean4theorem lean4theorem lean4theorem lean4theorem lean4theorem lean4theorem lean4theorem lean4theorem lean4theorem lean4theorem lean4theorem lean4theorem lean4theorem lean4theorem lean4,parse_fail,"No terminal matches '|' in the current parser context, at line 1 col 2",<punct>,True,lean4;lean4theorem,False,
72869,predAbove_of_lt_succ,lemma predAbove_of_lt_succ (p : Fin n) (i : Fin (n + 1)) (h : i < succ p) : p.predAbove i = i.castPred (Fin.ne_last_of_lt h),7,agonzalez1826 314300443 4968201644101330300000000000000000000000000000,1.71,constrained,agonzalez1826 314300443 4968201644101330300000000000000000000000000000,fallback,generic_tac,agonzalez1826,False,,False,
118858,one_def,theorem one_def (α : Type*) : (1 : Language.ring.Term α) = Constants.term oneFunc,0,"agonizing the Lean 4 theorem statement and the surrounding context. The theorem states that `(1 : Language.ring.Term α) = Constants.term oneFunc` for any type `α`. However, this statement is not generally true unless `α` is specifically a `Ring` type where `1` is defined in",1.7,constrained,"agonizing the Lean 4 theorem statement and the surrounding context. The theorem states that `(1 : Language.ring.Term α) = Constants.term oneFunc` for any type `α`. However, this statement is not generally true unless `α` is specifically a `Ring` type where `1` is defined in",fallback,generic_tac,agonizing,False,However;Language.ring.Term;Lean;The;defined;generally;specifically;states;surrounding;that;theorem;unless;where,False,
118858,one_def,theorem one_def (α : Type*) : (1 : Language.ring.Term α) = Constants.term oneFunc,1,"ained to 1 using the `ring_nf` tactic. The `ring_nf` tactic will simplify the expression using the ring operations and properties, and it will also reduce the expression using the definition of `oneFunc`. This will show that `1` is indeed equal to `Constants.term oneFunc` in the ring",1.69,constrained,"ained to 1 using the `ring_nf` tactic. The `ring_nf` tactic will simplify the expression using the ring operations and properties, and it will also reduce the expression using the definition of `oneFunc`. This will show that `1` is indeed equal to `Constants.term oneFunc` in the ring",fallback,generic_tac,ained,False,The;This;also;definition;expression;indeed;it;operations;properties;simplify;that;will,False,
118858,one_def,theorem one_def (α : Type*) : (1 : Language.ring.Term α) = Constants.term oneFunc,2,_iof23727923897893765737311003468544549268495410845500586383617750,1.75,constrained,_iof23727923897893765737311003468544549268495410845500586383617750,fallback,generic_tac,_iof23727923897893765737311003468544549268495410845500586383617750,False,,False,
118858,one_def,theorem one_def (α : Type*) : (1 : Language.ring.Term α) = Constants.term oneFunc,3,agonzalez2192203092011681488814900387940853065536052164662847908359806,1.76,constrained,agonzalez2192203092011681488814900387940853065536052164662847908359806,fallback,generic_tac,agonzalez2192203092011681488814900387940853065536052164662847908359806,False,,False,
118858,one_def,theorem one_def (α : Type*) : (1 : Language.ring.Term α) = Constants.term oneFunc,4,|||lean4```lean4```lean4```lean4```lean4```lean4```lean4```lean4```lean4```lean4```lean4```lean4```lean4```lean4```lean4```lean4```lean4```lean4```lean4```lean4```lean4,1.82,constrained,|||lean4```lean4```lean4```lean4```lean4```lean4```lean4```lean4```lean4```lean4```lean4```lean4```lean4```lean4```lean4```lean4```lean4```lean4```lean4```lean4```lean4,parse_fail,"No terminal matches '|' in the current parser context, at line 1 col 2",<punct>,True,lean4,False,
118858,one_def,theorem one_def (α : Type*) : (1 : Language.ring.Term α) = Constants.term oneFunc,5,ained in the Lean 4 proof assistant. The statement is given in the following form:```lean4theorem one_def (α : Type*) : (1 : Language.ring.Term α) = Constants.term oneFunc by```lean4```lean4```lean4```lean4```lean4```lean4```,1.7,constrained,ained in the Lean 4 proof assistant. The statement is given in the following form:```lean4theorem one_def (α : Type*) : (1 : Language.ring.Term α) = Constants.term oneFunc by```lean4```lean4```lean4```lean4```lean4```lean4,fallback,generic_tac,ained,False,Language.ring.Term;Lean;The;following;form;given;lean4;lean4theorem,False,
118858,one_def,theorem one_def (α : Type*) : (1 : Language.ring.Term α) = Constants.term oneFunc,6,"actics are a sequence of tactics that transform the current state of the proof into a new state. In Lean, tactics are typically used to manipulate the goal and hypotheses, and they can perform a wide range of operations such as proving statements, simplifying expressions, and applying lemmas. The `have` tactic is used to",1.7,constrained,"actics are a sequence of tactics that transform the current state of the proof into a new state. In Lean, tactics are typically used to manipulate the goal and hypotheses, and they can perform a wide range of operations such as proving statements, simplifying expressions, and applying lemmas. The `have` tactic is used to",fallback,generic_tac,actics,False,In;Lean;The;applying;are;as;can;current;expressions;goal;hypotheses;into;manipulate;operations;perform;proving;simplifying;state;statements;such;tactics;that;they;typically;used;wide,False,
118858,one_def,theorem one_def (α : Type*) : (1 : Language.ring.Term α) = Constants.term oneFunc,7,_owned by `one_def` (which is not a term in `α` but is the term `1` in the ring `α` interpreted as a term in `α` itself). The actual goal is to prove that `1` (as a term in `α`) is definitionally equal to `one,1.7,constrained,_owned by `one_def` (which is not a term in `α` but is the term `1` in the ring `α` interpreted as a term in `α` itself). The actual goal is to prove that `1` (as a term in `α`) is definitionally equal to `one,fallback,generic_tac,_owned,False,The;actual;as;but;definitionally;goal;interpreted;itself;prove;that;which,False,
166640,_root_,lemma _root_.Isometry.isCover_image_iff {f : X → Y} (hf : Isometry f) (C : Set X) : IsCover ε (f '' s) (f '' C) ↔ IsCover ε s C,0,"using this as a Lean 4 proof step, but I am confused because the statement is a bi-implication (`↔`), and the first part (`IsCover ε (f '' s) (f '' C)`) is not directly related to `hf` (`Isometry f`) or `C` (`",1.71,constrained,"using this as a Lean 4 proof step, but I am confused because the statement is a bi-implication (`↔`), and the first part (`IsCover ε (f '' s) (f '' C)`) is not directly related to `hf` (`Isometry f`) or `C` (`",fallback,generic_tac,using,True,Lean;am;as;because;bi;but;confused;directly;implication;related,False,
166640,_root_,lemma _root_.Isometry.isCover_image_iff {f : X → Y} (hf : Isometry f) (C : Set X) : IsCover ε (f '' s) (f '' C) ↔ IsCover ε s C,1,"ed to `C` (but Lean's `IsCover` expects `ε` as a subset of `C`, and `f '' s` is a subset of `Y`, which doesn't directly fit). However, Lean's `IsCover` is defined for `IsCover ε s C` where `ε",1.7,constrained,"ed to `C` (but Lean's `IsCover` expects `ε` as a subset of `C`, and `f '' s` is a subset of `Y`, which doesn't directly fit). However, Lean's `IsCover` is defined for `IsCover ε s C` where `ε",fallback,generic_tac,ed,False,However;Lean's;as;but;defined;directly;doesn't;expects;fit;where;which,False,
166640,_root_,lemma _root_.Isometry.isCover_image_iff {f : X → Y} (hf : Isometry f) (C : Set X) : IsCover ε (f '' s) (f '' C) ↔ IsCover ε s C,2,"_goals is to prove the following statement: IsCover ε (f '' s) (f '' C) ↔ IsCover ε s C for an isometry f : X → Y and sets s, C ⊆ X. However, the statement in the Lean code is a bit different: IsCover ε (f ''",1.7,constrained,"_goals is to prove the following statement: IsCover ε (f '' s) (f '' C) ↔ IsCover ε s C for an isometry f : X → Y and sets s, C ⊆ X. However, the statement in the Lean code is a bit different: IsCover ε (f ''",fallback,generic_tac,_goals,False,However;Lean;an;code;different;following;prove,False,
166640,_root_,lemma _root_.Isometry.isCover_image_iff {f : X → Y} (hf : Isometry f) (C : Set X) : IsCover ε (f '' s) (f '' C) ↔ IsCover ε s C,3,_io7487242742547516675_4978690899397814882_64641119370864431498496,1.75,constrained,_io7487242742547516675_4978690899397814882_64641119370864431498496,fallback,generic_tac,_io7487242742547516675_4978690899397814882_64641119370864431498496,False,,False,
166640,_root_,lemma _root_.Isometry.isCover_image_iff {f : X → Y} (hf : Isometry f) (C : Set X) : IsCover ε (f '' s) (f '' C) ↔ IsCover ε s C,4,|||lean4|||````````````````````````````````````````````````````````````````````````````````````````````````````````````````````,1.8,constrained,|||lean4|||`````````````````````````````````````````````````````````````````````````````````````````````````````````````````,parse_fail,"No terminal matches '|' in the current parser context, at line 1 col 2",<punct>,True,lean4,False,
166640,_root_,lemma _root_.Isometry.isCover_image_iff {f : X → Y} (hf : Isometry f) (C : Set X) : IsCover ε (f '' s) (f '' C) ↔ IsCover ε s C,5,||| 100%| 100%| 100%| 100%| 100%| 100%| 100%| 100%| 100%| 100%| 1,1.8,constrained,||| 100%| 100%| 100%| 100%| 100%| 100%| 100%| 100%| 100%| 100%| 1,parse_fail,"No terminal matches '|' in the current parser context, at line 1 col 2",<punct>,True,,False,
166640,_root_,lemma _root_.Isometry.isCover_image_iff {f : X → Y} (hf : Isometry f) (C : Set X) : IsCover ε (f '' s) (f '' C) ↔ IsCover ε s C,6,_ioff00000000000000000000000000000000000000000000000000000000000000,1.75,constrained,_ioff00000000000000000000000000000000000000000000000000000000000000,fallback,generic_tac,_ioff00000000000000000000000000000000000000000000000000000000000000,False,,False,
166640,_root_,lemma _root_.Isometry.isCover_image_iff {f : X → Y} (hf : Isometry f) (C : Set X) : IsCover ε (f '' s) (f '' C) ↔ IsCover ε s C,7,edc86457930846776501771949551872098377099342768364093235529314802,1.75,constrained,edc86457930846776501771949551872098377099342768364093235529314802,fallback,generic_tac,edc86457930846776501771949551872098377099342768364093235529314802,False,,False,
95638,rightInvSeq_concat,theorem rightInvSeq_concat (ω : List B) (i : B) : ris (ω.concat i) = (List.map (MulAut.conj (s i)) (ris ω)).concat (s i),0,"agoni's version is correct. The theorem `rightInvSeq_concat` is correct, and the proof sketch above is valid. The issue with the original Lean statement was the incorrect use of `i` as a list element in `ω` and `s i` as a function application. The corrected Lean statement uses",1.73,constrained,"agoni's version is correct. The theorem `rightInvSeq_concat` is correct, and the proof sketch above is valid. The issue with the original Lean statement was the incorrect use of `i` as a list element in `ω` and `s i` as a function application. The corrected Lean statement uses",fallback,generic_tac,agoni's,False,Lean;The;as;correct;corrected;element;incorrect;issue;original;sketch;theorem;uses;version;was,False,
95638,rightInvSeq_concat,theorem rightInvSeq_concat (ω : List B) (i : B) : ris (ω.concat i) = (List.map (MulAut.conj (s i)) (ris ω)).concat (s i),1,"ization of the right inverse sequence of a list of `B` elements when the list is concatenated with a single element `i`. The right inverse sequence of a list `ω` of `B` elements is defined as `ris ω`, and `ris` is a function from lists of `B` elements to",1.73,constrained,"ization of the right inverse sequence of a list of `B` elements when the list is concatenated with a single element `i`. The right inverse sequence of a list `ω` of `B` elements is defined as `ris ω`, and `ris` is a function from lists of `B` elements to",fallback,generic_tac,ization,False,The;as;concatenated;defined;element;elements;ris;when,False,
95638,rightInvSeq_concat,theorem rightInvSeq_concat (ω : List B) (i : B) : ris (ω.concat i) = (List.map (MulAut.conj (s i)) (ris ω)).concat (s i),2,||| 500000 400000 300000 200000 100000 0 0 0 0 0 0 0 0 0 0 0 0 0 ,1.82,constrained,||| 500000 400000 300000 200000 100000 0 0 0 0 0 0 0 0 0 0 0 0 0,parse_fail,"No terminal matches '|' in the current parser context, at line 1 col 2",<punct>,True,,False,
95638,rightInvSeq_concat,theorem rightInvSeq_concat (ω : List B) (i : B) : ris (ω.concat i) = (List.map (MulAut.conj (s i)) (ris ω)).concat (s i),3,"| 1. **Understand the Problem** : The statement is about proving a property of `ris` applied to the concatenation of a list `ω` with an element `i`. The right-hand side involves `s i`, `MulAut.conj`, and `ris` applied to `ω`. The",1.83,constrained,"| 1. **Understand the Problem** : The statement is about proving a property of `ris` applied to the concatenation of a list `ω` with an element `i`. The right-hand side involves `s i`, `MulAut.conj`, and `ris` applied to `ω`. The",parse_fail,"No terminal matches '1' in the current parser context, at line 1 col 3",<punct>,True,Problem;The;Understand;about;an;applied;concatenation;element;hand;involves;proving;ris,False,
95638,rightInvSeq_concat,theorem rightInvSeq_concat (ω : List B) (i : B) : ris (ω.concat i) = (List.map (MulAut.conj (s i)) (ris ω)).concat (s i),4,agonize the problem. The problem is to prove that the right inverse of the concatenation of a list `ω` and an element `i` is equal to the concatenation of the right inverse of `ω` and the conjugation of `i` by the right inverse of `i`. The statement is not,1.71,constrained,agonize the problem. The problem is to prove that the right inverse of the concatenation of a list `ω` and an element `i` is equal to the concatenation of the right inverse of `ω` and the conjugation of `i` by the right inverse of `i`. The statement is not,fallback,generic_tac,agonize,False,The;an;concatenation;conjugation;element;problem;prove;that,False,
95638,rightInvSeq_concat,theorem rightInvSeq_concat (ω : List B) (i : B) : ris (ω.concat i) = (List.map (MulAut.conj (s i)) (ris ω)).concat (s i),5,agoni (i) (s i) (ω) (ω.concat i) (List.map (MulAut.conj (s i)) (ris ω)) (List.map (MulAut.conj (s i)) (ris ω)).concat (s i) (ris (ω.concat i)) (,1.7,constrained,agoni (i) (s i) (ω) (ω.concat i) (List.map (MulAut.conj (s i)) (ris ω)) (List.map (MulAut.conj (s i)) (ris ω)).concat (s i) (ris (ω.concat i)) (,fallback,generic_tac,agoni,False,ris,False,
95638,rightInvSeq_concat,theorem rightInvSeq_concat (ω : List B) (i : B) : ris (ω.concat i) = (List.map (MulAut.conj (s i)) (ris ω)).concat (s i),6,|1| |3| |3.1| |4| |4.1| |4.2| |4.3| |4.4| |4.5| |4.6| |4.7| |4.8| |4.9| |5| |5,1.8,constrained,|1| |3| |3.1| |4| |4.1| |4.2| |4.3| |4.4| |4.5| |4.6| |4.7| |4.8| |4.9| |5| |5,parse_fail,"No terminal matches '1' in the current parser context, at line 1 col 2",<punct>,True,,False,
95638,rightInvSeq_concat,theorem rightInvSeq_concat (ω : List B) (i : B) : ris (ω.concat i) = (List.map (MulAut.conj (s i)) (ris ω)).concat (s i),7,agoni57377430054511423157430419158408426872161566334177934497229495,1.75,constrained,agoni57377430054511423157430419158408426872161566334177934497229495,fallback,generic_tac,agoni57377430054511423157430419158408426872161566334177934497229495,False,,False,
42638,closure_subset_closedAbsConvexHull,theorem closure_subset_closedAbsConvexHull {s : Set E} : closure s ⊆ closedAbsConvexHull 𝕜 s,0,"old and new, which is already a contradiction because we have assumed `s` to be a set of vectors, not scalars. In other words, `s` is a subset of `E`, not `ℝ` or `ℂ`, so the statement is not directly meaningful. However, it is clear that the",1.7,constrained,"old and new, which is already a contradiction because we have assumed `s` to be a set of vectors, not scalars. In other words, `s` is a subset of `E`, not `ℝ` or `ℂ`, so the statement is not directly meaningful. However, it is clear that the",fallback,generic_tac,old,False,However;In;already;assumed;be;because;directly;it;that;vectors;we;which;words,False,
42638,closure_subset_closedAbsConvexHull,theorem closure_subset_closedAbsConvexHull {s : Set E} : closure s ⊆ closedAbsConvexHull 𝕜 s,1,"_owned by the user and may not be the right one for you. The Lean 4 library is a work in progress, and the current version of the Lean 4 library is not intended to be used in place of the original Lean 3 version. The Lean 4 library is not intended to be used for the",1.7,constrained,"_owned by the user and may not be the right one for you. The Lean 4 library is a work in progress, and the current version of the Lean 4 library is not intended to be used in place of the original Lean 3 version. The Lean 4 library is not intended to be used for the",fallback,generic_tac,_owned,False,Lean;The;be;current;intended;library;may;original;progress;used;user;version;work,False,
42638,closure_subset_closedAbsConvexHull,theorem closure_subset_closedAbsConvexHull {s : Set E} : closure s ⊆ closedAbsConvexHull 𝕜 s,2,"_owned by `s`, i.e., `closure s ⊆ s`, which is false unless `s` is closed. However, we have the trivial inclusion `closure s ⊆ closure s`, but `closedAbsConvexHull 𝕜 s` is not obviously related to `s` in a way",1.71,constrained,"_owned by `s`, i.e., `closure s ⊆ s`, which is false unless `s` is closed. However, we have the trivial inclusion `closure s ⊆ closure s`, but `closedAbsConvexHull 𝕜 s` is not obviously related to `s` in a way",fallback,generic_tac,_owned,False,However;but;obviously;related;unless;way;we;which,False,
42638,closure_subset_closedAbsConvexHull,theorem closure_subset_closedAbsConvexHull {s : Set E} : closure s ⊆ closedAbsConvexHull 𝕜 s,3,"areas in the problem is that the set is closed, but we are taking the closure of `s`, and `s` is not necessarily closed. However, the statement is `closure s ⊆ closedAbsConvexHull 𝕜 s`, and `closedAbsConvexHull 𝕜 s`",1.7,constrained,"areas in the problem is that the set is closed, but we are taking the closure of `s`, and `s` is not necessarily closed. However, the statement is `closure s ⊆ closedAbsConvexHull 𝕜 s`, and `closedAbsConvexHull 𝕜 s`",fallback,generic_tac,areas,False,However;are;but;necessarily;problem;taking;that;we,False,
42638,closure_subset_closedAbsConvexHull,theorem closure_subset_closedAbsConvexHull {s : Set E} : closure s ⊆ closedAbsConvexHull 𝕜 s,4,"_owned by the author of the Lean 4 code, and is provided under the Creative Commons Attribution-NonCommercial 4.0 International License. You may not use this code in a product or for commercial purposes without the express written permission of the author. However, you are free to use it for educational purposes, such",1.71,constrained,"_owned by the author of the Lean 4 code, and is provided under the Creative Commons Attribution-NonCommercial 4.0 International License. You may not use this code in a product or for commercial purposes without the express written permission of the author. However, you are free to use it for educational purposes, such",fallback,generic_tac,_owned,False,Attribution;Commons;Creative;However;International;Lean;NonCommercial;You;are;author;code;commercial;educational;express;it;may;permission;provided;purposes;such;without;written;you,False,
42638,closure_subset_closedAbsConvexHull,theorem closure_subset_closedAbsConvexHull {s : Set E} : closure s ⊆ closedAbsConvexHull 𝕜 s,5,|||lean4```lean4```lean4```lean4```lean4```lean4```lean4```lean4```lean4```lean4```lean4```lean4```lean4```lean4```lean4```lean4```lean4```lean4```lean4```lean4```lean4,1.81,constrained,|||lean4```lean4```lean4```lean4```lean4```lean4```lean4```lean4```lean4```lean4```lean4```lean4```lean4```lean4```lean4```lean4```lean4```lean4```lean4```lean4```lean4,parse_fail,"No terminal matches '|' in the current parser context, at line 1 col 2",<punct>,True,lean4,False,
42638,closure_subset_closedAbsConvexHull,theorem closure_subset_closedAbsConvexHull {s : Set E} : closure s ⊆ closedAbsConvexHull 𝕜 s,6,|||lean4theorem closure_subset_closedAbsConvexHull {s : Set E} : closure s ⊆ closedAbsConvexHull 𝕜 s by sorry``````lean4theorem closure_subset_closedAbsConvexHull {s : Set E} : closure s ⊆ closedAbsConv,1.88,constrained,|||lean4theorem closure_subset_closedAbsConvexHull {s : Set E} : closure s ⊆ closedAbsConvexHull 𝕜 s by sorry``````lean4theorem closure_subset_closedAbsConvexHull {s : Set E} : closure s ⊆ closedAbsConv,parse_fail,"No terminal matches '|' in the current parser context, at line 1 col 2",<punct>,True,closedAbsConv;lean4theorem,True,
42638,closure_subset_closedAbsConvexHull,theorem closure_subset_closedAbsConvexHull {s : Set E} : closure s ⊆ closedAbsConvexHull 𝕜 s,7,"houses that are used for the purpose of a home or a family, but not for commercial or rental purposes. 2. The property must be the primary residence of the owner. 3. The property must not be a second home or a vacation home. 4. The property must not be a short-term rental",1.73,constrained,"houses that are used for the purpose of a home or a family, but not for commercial or rental purposes. 2. The property must be the primary residence of the owner. 3. The property must not be a second home or a vacation home. 4. The property must not be a short-term rental",fallback,generic_tac,houses,False,The;are;be;but;commercial;family;home;must;primary;purpose;rental;residence;second;short;that;used;vacation,False,
97040,mk'_eq_iff_eq_mul,theorem mk'_eq_iff_eq_mul {x} {y : S} {z} : f.mk' x y = z ↔ f x = z * f y,0,"OfMonthlyPayslip 2023, 2023-12-31, 3282.00, 2132.00, 1150.00, 0.00, 100.00,",1.73,constrained,"OfMonthlyPayslip 2023, 2023-12-31, 3282.00, 2132.00, 1150.00, 0.00, 100.00,",fallback,generic_tac,OfMonthlyPayslip,False,,False,
97040,mk'_eq_iff_eq_mul,theorem mk'_eq_iff_eq_mul {x} {y : S} {z} : f.mk' x y = z ↔ f x = z * f y,1,"unity is in a single line, but the line can contain multiple statements. If multiple statements are present, they are separated by semicolons. The Lean 4 tactic must output exactly one of these statements, which is the first step of the proof. The statement must be a complete Lean 4 tactic, including its",1.74,constrained,"unity is in a single line, but the line can contain multiple statements. If multiple statements are present, they are separated by semicolons. The Lean 4 tactic must output exactly one of these statements, which is the first step of the proof. The statement must be a complete Lean 4 tactic, including its",fallback,generic_tac,unity,False,If;Lean;The;are;be;but;can;contain;exactly;including;its;multiple;must;output;present;separated;statements;these;they;which,False,
97040,mk'_eq_iff_eq_mul,theorem mk'_eq_iff_eq_mul {x} {y : S} {z} : f.mk' x y = z ↔ f x = z * f y,2,oonm  <;> aesop  <;> norm_num  <;> ring_nf  <;> aesop  <;> norm_num  <;> ring_nf  <;> aesop  <;> norm_num  <;> ring_nf  <;> aesop  <,1.73,constrained,oonm  <;> aesop  <;> norm_num  <;> ring_nf  <;> aesop  <;> norm_num  <;> ring_nf  <;> aesop  <;> norm_num  <;> ring_nf  <;> aesop  <,fallback,generic_tac,oonm,False,,False,
97040,mk'_eq_iff_eq_mul,theorem mk'_eq_iff_eq_mul {x} {y : S} {z} : f.mk' x y = z ↔ f x = z * f y,3,ozk12345678901234567890123456789012345678901234567890123456789012,1.77,constrained,ozk12345678901234567890123456789012345678901234567890123456789012,fallback,generic_tac,ozk12345678901234567890123456789012345678901234567890123456789012,False,,False,
97040,mk'_eq_iff_eq_mul,theorem mk'_eq_iff_eq_mul {x} {y : S} {z} : f.mk' x y = z ↔ f x = z * f y,4,"unity 1.1.0.0 has a bug where the `tactic` namespace is not visible outside the `tactic` namespace. In this case, the error message is a bit misleading, but the actual problem is that the `tactic` namespace is not being opened properly in the code you're",1.71,constrained,"unity 1.1.0.0 has a bug where the `tactic` namespace is not visible outside the `tactic` namespace. In this case, the error message is a bit misleading, but the actual problem is that the `tactic` namespace is not being opened properly in the code you're",fallback,generic_tac,unity,False,In;actual;being;but;code;has;message;misleading;namespace;opened;outside;problem;properly;that;visible;where;you're,False,
97040,mk'_eq_iff_eq_mul,theorem mk'_eq_iff_eq_mul {x} {y : S} {z} : f.mk' x y = z ↔ f x = z * f y,5,·,0.09,constrained,·,parse_fail,Unexpected end-of-input. Expected one of: ,<punct>,True,,False,
97040,mk'_eq_iff_eq_mul,theorem mk'_eq_iff_eq_mul {x} {y : S} {z} : f.mk' x y = z ↔ f x = z * f y,6,unitypedal7777777777777777777777777777777777777777777777777777777777777,1.77,constrained,unitypedal7777777777777777777777777777777777777777777777777777777777777,fallback,generic_tac,unitypedal7777777777777777777777777777777777777777777777777777777777777,False,,False,
97040,mk'_eq_iff_eq_mul,theorem mk'_eq_iff_eq_mul {x} {y : S} {z} : f.mk' x y = z ↔ f x = z * f y,7,"unevenness in the problem statement makes it impossible to provide a meaningful first step. The theorem statement is incomplete or incorrect because it references an undefined term `f.mk'`, a type `S` that is not provided, and a function `f` whose type is not specified. The statement `f.mk' x",1.71,constrained,"unevenness in the problem statement makes it impossible to provide a meaningful first step. The theorem statement is incomplete or incorrect because it references an undefined term `f.mk'`, a type `S` that is not provided, and a function `f` whose type is not specified. The statement `f.mk' x",fallback,generic_tac,unevenness,False,The;an;because;impossible;incomplete;incorrect;it;makes;meaningful;problem;provide;provided;references;that;theorem;undefined;whose,False,
93132,_root_,protected lemma _root_.ModelWithCorners.isImmersionAt {n : ℕ} {x : H} : IsImmersionAt I (modelWithCornersSelf 𝕜 E) n I x,0,aciones (380242) (646920) (1580666) (3213540) (5298708) (7474308) (9232708) (1,1.71,constrained,aciones (380242) (646920) (1580666) (3213540) (5298708) (7474308) (9232708) (1,fallback,generic_tac,aciones,False,,False,
93132,_root_,protected lemma _root_.ModelWithCorners.isImmersionAt {n : ℕ} {x : H} : IsImmersionAt I (modelWithCornersSelf 𝕜 E) n I x,1,"agonistic and not based on any assumptions about the Lean 4 code provided. However, we can try to understand what is being asked based on the name of the theorem and its statement in Lean. The theorem is named `_root_.ModelWithCorners.isImmersionAt`, and it states that `IsImmersion",1.7,constrained,"agonistic and not based on any assumptions about the Lean 4 code provided. However, we can try to understand what is being asked based on the name of the theorem and its statement in Lean. The theorem is named `_root_.ModelWithCorners.isImmersionAt`, and it states that `IsImmersion",fallback,generic_tac,agonistic,False,However;Lean;The;about;asked;assumptions;based;being;can;code;it;its;named;states;that;theorem;understand;we,False,
93132,_root_,protected lemma _root_.ModelWithCorners.isImmersionAt {n : ℕ} {x : H} : IsImmersionAt I (modelWithCornersSelf 𝕜 E) n I x,2,"agonization and its application to the problem. The problem is that the Lean theorem statement is incomplete and does not provide enough context to understand what `IsImmersionAt`, `modelWithCornersSelf`, etc., are. However, based on the name `IsImmersionAt`, it seems to be related to differential",1.72,constrained,"agonization and its application to the problem. The problem is that the Lean theorem statement is incomplete and does not provide enough context to understand what `IsImmersionAt`, `modelWithCornersSelf`, etc., are. However, based on the name `IsImmersionAt`, it seems to be related to differential",fallback,generic_tac,agonization,False,However;Lean;The;based;be;context;does;enough;incomplete;it;its;problem;provide;related;seems;that;theorem;understand,False,
93132,_root_,protected lemma _root_.ModelWithCorners.isImmersionAt {n : ℕ} {x : H} : IsImmersionAt I (modelWithCornersSelf 𝕜 E) n I x,3,|```lean```lean4```lean4```lean4```lean4```lean4```lean4```lean4```lean4```lean4```lean4```lean4```lean4```lean4```lean4```lean4```lean4```lean4```lean4```lean4```lean4```,1.8,constrained,|```lean```lean4```lean4```lean4```lean4```lean4```lean4```lean4```lean4```lean4```lean4```lean4```lean4```lean4```lean4```lean4```lean4```lean4```lean4```lean4```lean4,parse_fail,"No terminal matches '`' in the current parser context, at line 1 col 2",<punct>,True,lean;lean4,False,
93132,_root_,protected lemma _root_.ModelWithCorners.isImmersionAt {n : ℕ} {x : H} : IsImmersionAt I (modelWithCornersSelf 𝕜 E) n I x,4,"_owned : 2` is the number of owned dogs. The total number of dogs is `7`. The number of dogs not owned is `4`, so the number of owned dogs is `7 - 4 = 3`. This gives us the equation `2 + x = 7`, which implies `x",1.71,constrained,"_owned : 2` is the number of owned dogs. The total number of dogs is `7`. The number of dogs not owned is `4`, so the number of owned dogs is `7 - 4 = 3`. This gives us the equation `2 + x = 7`, which implies `x",fallback,generic_tac,_owned,False,The;This;dogs;equation;gives;number;owned;us;which,False,
93132,_root_,protected lemma _root_.ModelWithCorners.isImmersionAt {n : ℕ} {x : H} : IsImmersionAt I (modelWithCornersSelf 𝕜 E) n I x,5,odef IsImmersionAt {F : Type*} {G : Type*} {M : Type*} {n : ℕ} (f : F → G) (x : M) : Prop := by sorry```lean4```lean```lean4```lean4```lean```lean4```lean```,1.7,constrained,odef IsImmersionAt {F : Type*} {G : Type*} {M : Type*} {n : ℕ} (f : F → G) (x : M) : Prop := by sorry```lean4```lean```lean4```lean4```lean```lean4```lean,fallback,generic_tac,odef,False,lean;lean4,True,
93132,_root_,protected lemma _root_.ModelWithCorners.isImmersionAt {n : ℕ} {x : H} : IsImmersionAt I (modelWithCornersSelf 𝕜 E) n I x,6,"unfold IsImmersionAt at * <;> simp_all [IsImmersionAt, IsSubmersionAt, IsLocalSubmersionAt, IsLocalDiffeomorphismAt, IsLocalDiffEqAt, IsLocalIsomorphismAt, IsLocalIsomorphismAt, IsLocalIsomorphism",1.71,constrained,"unfold IsImmersionAt at * <;> simp_all [IsImmersionAt, IsSubmersionAt, IsLocalSubmersionAt, IsLocalDiffeomorphismAt, IsLocalDiffEqAt, IsLocalIsomorphismAt, IsLocalIsomorphismAt, IsLocalIsomorphism",named,unfold_tac,unfold,True,IsLocalDiffEqAt;IsLocalDiffeomorphismAt;IsLocalIsomorphism;IsLocalIsomorphismAt;IsLocalSubmersionAt,False,
93132,_root_,protected lemma _root_.ModelWithCorners.isImmersionAt {n : ℕ} {x : H} : IsImmersionAt I (modelWithCornersSelf 𝕜 E) n I x,7,agoni1993 / 4248589 / 2024-07-09 18:00:00 / 1 / 1000000 / 0 / 0 / 0 / 0 / 0 /,1.71,constrained,agoni1993 / 4248589 / 2024-07-09 18:00:00 / 1 / 1000000 / 0 / 0 / 0 / 0 / 0 /,fallback,generic_tac,agoni1993,False,,False,
54921,isIso_iff,"lemma isIso_iff {X Y : C} (f : X ⟶ Y) : IsIso f ↔ ∀ i, IsIso ((F i).map f)",0,"Lua 4 is a programming language that is not the same as Lean 4. The problem is to translate the following Lean 4 statement to Lean 4, but the Lean 4 statement is already in Lean 4 and seems syntactically correct. It appears to be about proving that `f` is an",1.71,constrained,"Lua 4 is a programming language that is not the same as Lean 4. The problem is to translate the following Lean 4 statement to Lean 4, but the Lean 4 statement is already in Lean 4 and seems syntactically correct. It appears to be about proving that `f` is an",fallback,generic_tac,Lua,False,It;Lean;The;about;already;an;appears;as;be;but;following;problem;programming;proving;same;seems;syntactically;that,False,
54921,isIso_iff,"lemma isIso_iff {X Y : C} (f : X ⟶ Y) : IsIso f ↔ ∀ i, IsIso ((F i).map f)",1,"|X Y : C, f : X ⟶ Y : IsIso f ↔ ∀ i, IsIso ((F i).map f)| => |∀ i, IsIso ((F i).map f)| :=> |IsIso f| :=> |(∀ i, IsIso ((F i).",1.79,constrained,"|X Y : C, f : X ⟶ Y : IsIso f ↔ ∀ i, IsIso ((F i).map f)| => |∀ i, IsIso ((F i).map f)| :=> |IsIso f| :=> |(∀ i, IsIso ((F i).",parse_fail,"No terminal matches '(' in the current parser context, at line 1 col 108",<punct>,True,IsIso,False,
54921,isIso_iff,"lemma isIso_iff {X Y : C} (f : X ⟶ Y) : IsIso f ↔ ∀ i, IsIso ((F i).map f)",2,"Lua 4 tactic mode does not support direct reasoning about `IsIso` (isomorphism) in this context. However, we can use the fact that `IsIso f` is equivalent to `∃ g, g f = 1 ∧ f g = 1`. The statement is not true as stated,",1.71,constrained,"Lua 4 tactic mode does not support direct reasoning about `IsIso` (isomorphism) in this context. However, we can use the fact that `IsIso f` is equivalent to `∃ g, g f = 1 ∧ f g = 1`. The statement is not true as stated,",fallback,generic_tac,Lua,False,However;IsIso;The;about;as;can;direct;does;equivalent;fact;isomorphism;mode;reasoning;stated;that;we,False,
54921,isIso_iff,"lemma isIso_iff {X Y : C} (f : X ⟶ Y) : IsIso f ↔ ∀ i, IsIso ((F i).map f)",3,"old man, the problem is that Lean 4 is not allowing me to use `simp_all` with the `IsIso` hypothesis because it's not automatically simplifying it. I think I need to use `aesop` or some other tactic to handle the `IsIso` condition properly. But `aesop",1.7,constrained,"old man, the problem is that Lean 4 is not allowing me to use `simp_all` with the `IsIso` hypothesis because it's not automatically simplifying it. I think I need to use `aesop` or some other tactic to handle the `IsIso` condition properly. But `aesop",fallback,generic_tac,old,False,But;IsIso;Lean;allowing;automatically;because;handle;hypothesis;it's;man;me;need;problem;simplifying;that,False,
54921,isIso_iff,"lemma isIso_iff {X Y : C} (f : X ⟶ Y) : IsIso f ↔ ∀ i, IsIso ((F i).map f)",4,night_crawler_200000000000000000000000000000000000000000000000000000000000,1.76,constrained,night_crawler_200000000000000000000000000000000000000000000000000000000000,fallback,generic_tac,night_crawler_200000000000000000000000000000000000000000000000000000000000,False,,False,
167621,preimage_ball,theorem preimage_ball (a : {a // p a}) (r : ℝ) : Subtype.val ⁻¹' (ball a.1 r) = ball a r,0,"### Understanding the Problem

First, let's understand what the problem is asking. We have a theorem statement in Lean 4 about the preimage of a ball under the subtype coercion. Here's a breakdown:

1. **Variables**:
   - `a : {a // p a}` is a term of the",2.53,unconstrained,### Understanding the Problem,parse_fail,"No terminal matches '#' in the current parser context, at line 1 col 1",<punct>,True,Problem;Understanding,False,multiline:4
167621,preimage_ball,theorem preimage_ball (a : {a // p a}) (r : ℝ) : Subtype.val ⁻¹' (ball a.1 r) = ball a r,1,"### Detailed Proof and Analysis

First, let's understand the statement:

**Theorem:** For any `a : {a // p a}` and any real number `r`, the preimage of the ball `ball a.1 r` under the subtype value function `Subtype.val` is equal to `ball",1.69,unconstrained,### Detailed Proof and Analysis,parse_fail,"No terminal matches '#' in the current parser context, at line 1 col 1",<punct>,True,Analysis;Detailed;Proof,False,multiline:3
167621,preimage_ball,theorem preimage_ball (a : {a // p a}) (r : ℝ) : Subtype.val ⁻¹' (ball a.1 r) = ball a r,2,"### Detailed Proof and Analysis

We are given a theorem statement in Lean 4 about the preimage of a ball under a continuous function. However, upon closer inspection, the statement seems incomplete or incorrectly formulated. Here's why:

1. **Understanding the Statement**:
   - The theorem is about `Subtype.val",1.68,unconstrained,### Detailed Proof and Analysis,parse_fail,"No terminal matches '#' in the current parser context, at line 1 col 1",<punct>,True,Analysis;Detailed;Proof,False,multiline:4
167621,preimage_ball,theorem preimage_ball (a : {a // p a}) (r : ℝ) : Subtype.val ⁻¹' (ball a.1 r) = ball a r,3,"### Step 1: Understand the Problem

We are given a point `a` of a subtype `{a // p a}` (i.e., `a : {a // p a}`) and a real number `r`. We need to prove that the preimage of the ball `ball a.1 r",1.7,unconstrained,### Step 1: Understand the Problem,parse_fail,"No terminal matches '#' in the current parser context, at line 1 col 1",<punct>,True,Problem;Step;Understand,False,multiline:2
167621,preimage_ball,theorem preimage_ball (a : {a // p a}) (r : ℝ) : Subtype.val ⁻¹' (ball a.1 r) = ball a r,4,"### Detailed Analysis and Proof

**Problem Analysis:**
The problem involves understanding the preimage of a ball in a subtype. Specifically, we have:
1. `a : {a // p a}` is a term of a subtype where `p a` is a proposition that holds for `a`.
2. `",1.68,unconstrained,### Detailed Analysis and Proof,parse_fail,"No terminal matches '#' in the current parser context, at line 1 col 1",<punct>,True,Analysis;Detailed;Proof,False,multiline:5
167621,preimage_ball,theorem preimage_ball (a : {a // p a}) (r : ℝ) : Subtype.val ⁻¹' (ball a.1 r) = ball a r,5,"### Step 1: Understand the Problem
We are given a theorem statement in Lean 4 about the preimage of the ball in a subtype. The statement is:
```lean
theorem preimage_ball (a : {a // p a}) (r : ℝ) : Subtype.val ⁻¹' (",1.68,unconstrained,### Step 1: Understand the Problem,parse_fail,"No terminal matches '#' in the current parser context, at line 1 col 1",<punct>,True,Problem;Step;Understand,False,multiline:4
167621,preimage_ball,theorem preimage_ball (a : {a // p a}) (r : ℝ) : Subtype.val ⁻¹' (ball a.1 r) = ball a r,6,"### Detailed Proof and Analysis

First, let's understand the problem correctly. The theorem statement is:
```lean
theorem preimage_ball (a : {a // p a}) (r : ℝ) : Subtype.val ⁻¹' (ball a.1 r) = ball a r
```

But",1.68,unconstrained,### Detailed Proof and Analysis,parse_fail,"No terminal matches '#' in the current parser context, at line 1 col 1",<punct>,True,Analysis;Detailed;Proof,False,multiline:6
167621,preimage_ball,theorem preimage_ball (a : {a // p a}) (r : ℝ) : Subtype.val ⁻¹' (ball a.1 r) = ball a r,7,"### Detailed Analysis and Proof

**Problem Statement**: The theorem states that the preimage of the ball centered at `a.1` with radius `r` under the subtype value function is equal to the ball centered at `a` with radius `r`. 

However, the statement is not quite correct as written because",1.68,unconstrained,### Detailed Analysis and Proof,parse_fail,"No terminal matches '#' in the current parser context, at line 1 col 1",<punct>,True,Analysis;Detailed;Proof,False,multiline:3
29184,Q_idem,theorem Q_idem (q : ℕ) : (Q q : K[X] ⟶ K[X]) ≫ Q q = Q q,0,"### Analysis and Proof

First, let's understand the problem:
- We have a function `Q : ℕ → (K[X] → K[X])` (or `K[X] → K[X]` is a function space, but it's unclear from the Lean code).
- The statement is `(Q q",1.67,unconstrained,### Analysis and Proof,parse_fail,"No terminal matches '#' in the current parser context, at line 1 col 1",<punct>,True,Analysis;Proof,False,multiline:4
29184,Q_idem,theorem Q_idem (q : ℕ) : (Q q : K[X] ⟶ K[X]) ≫ Q q = Q q,1,"### Step 1: Understand the Problem

First, let's understand what the theorem is saying. The theorem is about a function `Q : ℕ → (K[X] → K[X])`, where `K` is a field (or ring, depending on context) and `X` is a variable. However",1.67,unconstrained,### Step 1: Understand the Problem,parse_fail,"No terminal matches '#' in the current parser context, at line 1 col 1",<punct>,True,Problem;Step;Understand,False,multiline:2
29184,Q_idem,theorem Q_idem (q : ℕ) : (Q q : K[X] ⟶ K[X]) ≫ Q q = Q q,2,"### Understanding the Problem

First, we need to understand the statement we're dealing with. The Lean theorem statement is:

```lean
theorem Q_idem (q : ℕ) : (Q q : K[X] ⟶ K[X]) ≫ Q q = Q q
```

However, there are several",1.67,unconstrained,### Understanding the Problem,parse_fail,"No terminal matches '#' in the current parser context, at line 1 col 1",<punct>,True,Problem;Understanding,False,multiline:6
29184,Q_idem,theorem Q_idem (q : ℕ) : (Q q : K[X] ⟶ K[X]) ≫ Q q = Q q,3,"### Understanding the Problem

First, let's understand what the theorem is stating. The theorem is:

**Theorem:** For any natural number `q`, the composition of the identity map `id : K[X] → K[X]` with the map `Q q : K[X] → K[X]` is",1.67,unconstrained,### Understanding the Problem,parse_fail,"No terminal matches '#' in the current parser context, at line 1 col 1",<punct>,True,Problem;Understanding,False,multiline:3
29184,Q_idem,theorem Q_idem (q : ℕ) : (Q q : K[X] ⟶ K[X]) ≫ Q q = Q q,4,"### Step 1: Understand the Problem

First, we need to understand the statement:

```lean
theorem Q_idem (q : ℕ) : (Q q : K[X] ⟶ K[X]) ≫ Q q = Q q
```

Here, `Q q : K[X] ⟶",1.68,unconstrained,### Step 1: Understand the Problem,parse_fail,"No terminal matches '#' in the current parser context, at line 1 col 1",<punct>,True,Problem;Step;Understand,False,multiline:6
29184,Q_idem,theorem Q_idem (q : ℕ) : (Q q : K[X] ⟶ K[X]) ≫ Q q = Q q,5,"### Lean 4 Proof Sketch with `have` Statements

```lean
theorem Q_idem (q : ℕ) : (Q q : K[X] ⟶ K[X]) ≫ Q q = Q q
by
  have h_main : (Q q : K[X] ⟶ K[X])",1.68,unconstrained,### Lean 4 Proof Sketch with `have` Statements,parse_fail,"No terminal matches '#' in the current parser context, at line 1 col 1",<punct>,True,Lean;Proof;Sketch;Statements,False,multiline:5
29184,Q_idem,theorem Q_idem (q : ℕ) : (Q q : K[X] ⟶ K[X]) ≫ Q q = Q q,6,"### Understanding the Problem

First, we need to understand the Lean 4 statement provided:

```lean
theorem Q_idem (q : ℕ) : (Q q : K[X] ⟶ K[X]) ≫ Q q = Q q
by
```

This theorem states that for any natural number `",1.68,unconstrained,### Understanding the Problem,parse_fail,"No terminal matches '#' in the current parser context, at line 1 col 1",<punct>,True,Problem;Understanding,False,multiline:7
29184,Q_idem,theorem Q_idem (q : ℕ) : (Q q : K[X] ⟶ K[X]) ≫ Q q = Q q,7,"### Step-by-Step Abstract Plan

1. **Understand the Problem**:
   - We have a function `Q q` of type `K[X] ⟶ K[X]` (i.e., a linear map on the polynomial ring `K[X]`).
   - The notation `Q q",1.7,unconstrained,### Step-by-Step Abstract Plan,parse_fail,"No terminal matches '#' in the current parser context, at line 1 col 1",<punct>,True,Abstract;Plan;Step,False,multiline:4
6556,card_pow_le,"lemma card_pow_le : ∀ {n}, #(s ^ n) ≤ #s ^ n | 0 => by simp | n + 1 => by rw [pow_succ, pow_succ]; refine card_mul_le.trans (by gcongr; exact card_pow_le) @[to_additive] theorem mul_univ_of_one_mem [Fintype α] (hs : (1 : α) ∈ s) : s * univ = univ",0,"### Step-by-Step Abstract Plan

1. **Understand the Theorem Statement**:
   - The theorem `card_pow_le` is not well-formed. The Lean 4 statement seems to have a syntax error. The actual statement is `∀ {n}, #(s ^ n) ≤ #s ^ n",1.73,unconstrained,### Step-by-Step Abstract Plan,parse_fail,"No terminal matches '#' in the current parser context, at line 1 col 1",<punct>,True,Abstract;Plan;Step,False,multiline:3
6556,card_pow_le,"lemma card_pow_le : ∀ {n}, #(s ^ n) ≤ #s ^ n | 0 => by simp | n + 1 => by rw [pow_succ, pow_succ]; refine card_mul_le.trans (by gcongr; exact card_pow_le) @[to_additive] theorem mul_univ_of_one_mem [Fintype α] (hs : (1 : α) ∈ s) : s * univ = univ",1,"### Understanding the Problem

First, I need to understand the theorem I am trying to prove. The Lean 4 code provided is a mix of a statement and a partial proof. The actual statement seems to be:

```lean
theorem mul_univ_of_one_mem [Fintype α] (hs : (1",1.69,unconstrained,### Understanding the Problem,parse_fail,"No terminal matches '#' in the current parser context, at line 1 col 1",<punct>,True,Problem;Understanding,False,multiline:4
6556,card_pow_le,"lemma card_pow_le : ∀ {n}, #(s ^ n) ≤ #s ^ n | 0 => by simp | n + 1 => by rw [pow_succ, pow_succ]; refine card_mul_le.trans (by gcongr; exact card_pow_le) @[to_additive] theorem mul_univ_of_one_mem [Fintype α] (hs : (1 : α) ∈ s) : s * univ = univ",2,"### Step 1: Understand the Problem

First, we need to understand what the problem is asking. The theorem statement is a bit convoluted, but we can break it down:

1. **Assumptions**:
   - `s` is a subset of `α` (since `s * un",1.69,unconstrained,### Step 1: Understand the Problem,parse_fail,"No terminal matches '#' in the current parser context, at line 1 col 1",<punct>,True,Problem;Step;Understand,False,multiline:4
6556,card_pow_le,"lemma card_pow_le : ∀ {n}, #(s ^ n) ≤ #s ^ n | 0 => by simp | n + 1 => by rw [pow_succ, pow_succ]; refine card_mul_le.trans (by gcongr; exact card_pow_le) @[to_additive] theorem mul_univ_of_one_mem [Fintype α] (hs : (1 : α) ∈ s) : s * univ = univ",3,"### Detailed Proof and Analysis

First, let's understand the problem correctly. The theorem statement is:

```lean
theorem mul_univ_of_one_mem [Fintype α] (hs : (1 : α) ∈ s) : s * univ = univ
```

Here, `s` is",1.69,unconstrained,### Detailed Proof and Analysis,parse_fail,"No terminal matches '#' in the current parser context, at line 1 col 1",<punct>,True,Analysis;Detailed;Proof,False,multiline:6
6556,card_pow_le,"lemma card_pow_le : ∀ {n}, #(s ^ n) ≤ #s ^ n | 0 => by simp | n + 1 => by rw [pow_succ, pow_succ]; refine card_mul_le.trans (by gcongr; exact card_pow_le) @[to_additive] theorem mul_univ_of_one_mem [Fintype α] (hs : (1 : α) ∈ s) : s * univ = univ",4,"### Analysis of the Problem

First, let's understand the problem correctly. The Lean theorem `card_pow_le` is:
```lean
lemma card_pow_le : ∀ {n}, #(s ^ n) ≤ #s ^ n | 0 => by simp | n + 1 => by rw [pow_succ",1.69,unconstrained,### Analysis of the Problem,parse_fail,"No terminal matches '#' in the current parser context, at line 1 col 1",<punct>,True,Analysis;Problem,False,multiline:4
6556,card_pow_le,"lemma card_pow_le : ∀ {n}, #(s ^ n) ≤ #s ^ n | 0 => by simp | n + 1 => by rw [pow_succ, pow_succ]; refine card_mul_le.trans (by gcongr; exact card_pow_le) @[to_additive] theorem mul_univ_of_one_mem [Fintype α] (hs : (1 : α) ∈ s) : s * univ = univ",5,"### Analysis of the Problem

First, we need to understand the given problem. The Lean 4 theorem statement is:

```lean
lemma card_pow_le : ∀ {n}, #(s ^ n) ≤ #s ^ n | 0 => by simp | n + 1 => by rw [pow_succ,",1.68,unconstrained,### Analysis of the Problem,parse_fail,"No terminal matches '#' in the current parser context, at line 1 col 1",<punct>,True,Analysis;Problem,False,multiline:4
6556,card_pow_le,"lemma card_pow_le : ∀ {n}, #(s ^ n) ≤ #s ^ n | 0 => by simp | n + 1 => by rw [pow_succ, pow_succ]; refine card_mul_le.trans (by gcongr; exact card_pow_le) @[to_additive] theorem mul_univ_of_one_mem [Fintype α] (hs : (1 : α) ∈ s) : s * univ = univ",6,"### Step 1: Understand the Problem

We need to prove that if `1 ∈ s` (where `s : Finset α` and `α` is a finite type), then `s * univ = univ`. Here, `*` is the multiplication of `Finset`s, which is",1.68,unconstrained,### Step 1: Understand the Problem,parse_fail,"No terminal matches '#' in the current parser context, at line 1 col 1",<punct>,True,Problem;Step;Understand,False,multiline:2
6556,card_pow_le,"lemma card_pow_le : ∀ {n}, #(s ^ n) ≤ #s ^ n | 0 => by simp | n + 1 => by rw [pow_succ, pow_succ]; refine card_mul_le.trans (by gcongr; exact card_pow_le) @[to_additive] theorem mul_univ_of_one_mem [Fintype α] (hs : (1 : α) ∈ s) : s * univ = univ",7,"### Detailed Analysis and Proof Sketch

First, let's understand the problem correctly. The Lean 4 theorem is:
```lean
theorem mul_univ_of_one_mem [Fintype α] (hs : (1 : α) ∈ s) : s * univ = univ
```

Here, `",1.68,unconstrained,### Detailed Analysis and Proof Sketch,parse_fail,"No terminal matches '#' in the current parser context, at line 1 col 1",<punct>,True,Analysis;Detailed;Proof;Sketch,False,multiline:6
72097,addLECancellable_of_lt_top,lemma addLECancellable_of_lt_top : a < ⊤ → AddLECancellable a,0,"### Understanding the Problem

First, let's understand the Lean theorem we're trying to prove:

**Theorem:** `a < ⊤ → AddLECancellable a`

Here, `a` is a term of some type `α` that has a partial order and a top element `⊤`. The `Add",1.69,unconstrained,### Understanding the Problem,parse_fail,"No terminal matches '#' in the current parser context, at line 1 col 1",<punct>,True,Problem;Understanding,False,multiline:4
72097,addLECancellable_of_lt_top,lemma addLECancellable_of_lt_top : a < ⊤ → AddLECancellable a,1,"### Step 1: Understand the Theorem

First, I need to understand what the theorem is saying. The theorem is:

```lean
lemma addLECancellable_of_lt_top : a < ⊤ → AddLECancellable a
```

However, in Lean, `a` is not explicitly typed, so it",1.68,unconstrained,### Step 1: Understand the Theorem,parse_fail,"No terminal matches '#' in the current parser context, at line 1 col 1",<punct>,True,Step;Theorem;Understand,False,multiline:6
72097,addLECancellable_of_lt_top,lemma addLECancellable_of_lt_top : a < ⊤ → AddLECancellable a,2,"### Detailed Proof and Analysis

First, let's understand the statement:

**Theorem:** If `a < ⊤` in a conditionally complete lattice, then `a` is additive left-cancellative (i.e., `AddLECancellable a`).

However, the theorem as stated is missing some context because",1.67,unconstrained,### Detailed Proof and Analysis,parse_fail,"No terminal matches '#' in the current parser context, at line 1 col 1",<punct>,True,Analysis;Detailed;Proof,False,multiline:4
72097,addLECancellable_of_lt_top,lemma addLECancellable_of_lt_top : a < ⊤ → AddLECancellable a,3,"### Understanding the Problem

The theorem statement is:
```lean
lemma addLECancellable_of_lt_top : a < ⊤ → AddLECancellable a
by
```

However, there are several issues with this statement:
1. The variable `a` is not bound. In Lean, `a` is a",1.67,unconstrained,### Understanding the Problem,parse_fail,"No terminal matches '#' in the current parser context, at line 1 col 1",<punct>,True,Problem;Understanding,False,multiline:8
72097,addLECancellable_of_lt_top,lemma addLECancellable_of_lt_top : a < ⊤ → AddLECancellable a,4,"### Understanding the Problem

First, let's understand the statement: 

**Theorem**: If `a < ⊤`, then `AddLECancellable a`.

Here, `AddLECancellable a` means that for any `b`, if `a ≤ b`, then `a + b = b + a` (",1.68,unconstrained,### Understanding the Problem,parse_fail,"No terminal matches '#' in the current parser context, at line 1 col 1",<punct>,True,Problem;Understanding,False,multiline:4
72097,addLECancellable_of_lt_top,lemma addLECancellable_of_lt_top : a < ⊤ → AddLECancellable a,5,"### Lean 4 Proof with `have` Statements

```lean
theorem addLECancellable_of_lt_top : a < ⊤ → AddLECancellable a := by
  intro h
  have h₁ : a < ⊤ := h
  have h₂ : AddLECancellable a := by sorry
 ",1.68,unconstrained,### Lean 4 Proof with `have` Statements,parse_fail,"No terminal matches '#' in the current parser context, at line 1 col 1",<punct>,True,Lean;Proof;Statements,False,multiline:6
72097,addLECancellable_of_lt_top,lemma addLECancellable_of_lt_top : a < ⊤ → AddLECancellable a,6,"### Detailed Proof and Analysis

**Problem Analysis:**
The theorem states that if `a < ⊤` (where `⊤` is the top element of some lattice, presumably `WithBot α`), then `AddLECancellable a`. 

However, the statement is incomplete because:
1. The type of",1.68,unconstrained,### Detailed Proof and Analysis,parse_fail,"No terminal matches '#' in the current parser context, at line 1 col 1",<punct>,True,Analysis;Detailed;Proof,False,multiline:5
72097,addLECancellable_of_lt_top,lemma addLECancellable_of_lt_top : a < ⊤ → AddLECancellable a,7,"### Proof and Analysis

**Problem Analysis:**
The theorem states that if `a < ⊤`, then `a` is additive left cancellable (`AddLECancellable a`). 

In Lean, `AddLECancellable a` means that for all `b`, `c`, if `a + b = a +",1.68,unconstrained,### Proof and Analysis,parse_fail,"No terminal matches '#' in the current parser context, at line 1 col 1",<punct>,True,Analysis;Proof,False,multiline:4
64196,inv_whiskerRight,theorem inv_whiskerRight {G H : C ⥤ D} (α : G ⟶ H) (F : D ⥤ E) [IsIso α] : inv (whiskerRight α F) = whiskerRight (inv α) F,0,"### Step 1: Understand the Problem
The theorem states that for two functors `G, H : C → D` and a function `α : G → H` that is an isomorphism, and a third category `D → E` (here, `F` is a 2-morphism",1.69,unconstrained,### Step 1: Understand the Problem,parse_fail,"No terminal matches '#' in the current parser context, at line 1 col 1",<punct>,True,Problem;Step;Understand,False,multiline:2
64196,inv_whiskerRight,theorem inv_whiskerRight {G H : C ⥤ D} (α : G ⟶ H) (F : D ⥤ E) [IsIso α] : inv (whiskerRight α F) = whiskerRight (inv α) F,1,"### Step 1: Understand the Problem

We are given:
1. `G`, `H`, `D`, `E` are categories (in Lean, these are `Type` instances with additional structure, but we treat them as abstract for now).
2. `α : G ⟶ H` is a",1.68,unconstrained,### Step 1: Understand the Problem,parse_fail,"No terminal matches '#' in the current parser context, at line 1 col 1",<punct>,True,Problem;Step;Understand,False,multiline:4
64196,inv_whiskerRight,theorem inv_whiskerRight {G H : C ⥤ D} (α : G ⟶ H) (F : D ⥤ E) [IsIso α] : inv (whiskerRight α F) = whiskerRight (inv α) F,2,"### Lean 4 Proof with `have` Statements

```lean
theorem inv_whiskerRight {G H : C ⥤ D} (α : G ⟶ H) (F : D ⥤ E) [IsIso α] : inv (whiskerRight α F) = whisk",1.69,unconstrained,### Lean 4 Proof with `have` Statements,parse_fail,"No terminal matches '#' in the current parser context, at line 1 col 1",<punct>,True,Lean;Proof;Statements,False,multiline:3
64196,inv_whiskerRight,theorem inv_whiskerRight {G H : C ⥤ D} (α : G ⟶ H) (F : D ⥤ E) [IsIso α] : inv (whiskerRight α F) = whiskerRight (inv α) F,3,"### Lean 4 Proof with `have` Statements

```lean
theorem inv_whiskerRight {G H : C ⥤ D} (α : G ⟶ H) (F : D ⥤ E) [IsIso α] : inv (whiskerRight α F) = whisk",1.69,unconstrained,### Lean 4 Proof with `have` Statements,parse_fail,"No terminal matches '#' in the current parser context, at line 1 col 1",<punct>,True,Lean;Proof;Statements,False,multiline:3
64196,inv_whiskerRight,theorem inv_whiskerRight {G H : C ⥤ D} (α : G ⟶ H) (F : D ⥤ E) [IsIso α] : inv (whiskerRight α F) = whiskerRight (inv α) F,4,"### Lean 4 Proof Sketch

```lean
theorem inv_whiskerRight {G H : C ⥤ D} (α : G ⟶ H) (F : D ⥤ E) [IsIso α] : inv (whiskerRight α F) = whiskerRight (inv",1.68,unconstrained,### Lean 4 Proof Sketch,parse_fail,"No terminal matches '#' in the current parser context, at line 1 col 1",<punct>,True,Lean;Proof;Sketch,False,multiline:3
64196,inv_whiskerRight,theorem inv_whiskerRight {G H : C ⥤ D} (α : G ⟶ H) (F : D ⥤ E) [IsIso α] : inv (whiskerRight α F) = whiskerRight (inv α) F,5,"### Step-by-Step Abstract Plan

1. **Understand the Components**:
   - `G` and `H` are functors from `C` to `D`.
   - `α : G ⟶ H` is a natural transformation between `G` and `H`.
   - `F :",1.68,unconstrained,### Step-by-Step Abstract Plan,parse_fail,"No terminal matches '#' in the current parser context, at line 1 col 1",<punct>,True,Abstract;Plan;Step,False,multiline:5
64196,inv_whiskerRight,theorem inv_whiskerRight {G H : C ⥤ D} (α : G ⟶ H) (F : D ⥤ E) [IsIso α] : inv (whiskerRight α F) = whiskerRight (inv α) F,6,"### Step 1: Understand the Problem
The problem is about the `whiskerRight` construction in the context of functors and isomorphisms between categories. Here, `G` and `H` are functors from `C` to `D`, `α : G ⟶ H` is",1.68,unconstrained,### Step 1: Understand the Problem,parse_fail,"No terminal matches '#' in the current parser context, at line 1 col 1",<punct>,True,Problem;Step;Understand,False,multiline:2
64196,inv_whiskerRight,theorem inv_whiskerRight {G H : C ⥤ D} (α : G ⟶ H) (F : D ⥤ E) [IsIso α] : inv (whiskerRight α F) = whiskerRight (inv α) F,7,"### Abstract Plan

1. **Understand the Theorem**:
   - The theorem states that the inverse of the right whisker of a left inverse `α` is the right whisker of the inverse of `α` under a given 2-morphism `F`.
   - Here, `inv` is",1.69,unconstrained,### Abstract Plan,parse_fail,"No terminal matches '#' in the current parser context, at line 1 col 1",<punct>,True,Abstract;Plan,False,multiline:4
58513,isUniversalColimit_extendCofan,"theorem isUniversalColimit_extendCofan {n : ℕ} (f : Fin (n + 1) → C) {c₁ : Cofan fun i : Fin n ↦ f i.succ} {c₂ : BinaryCofan (f 0) c₁.pt} (t₁ : IsUniversalColimit c₁) (t₂ : IsUniversalColimit c₂) [∀ {Z} (i : Z ⟶ c₂.pt), HasPullback c₂.inr i] : IsUniversalColimit (extendCofan c₁ c₂)",0,"### Step 1: Understand the Problem

The problem is about proving that `extendCofan c₁ c₂` is a universal colimit, given:
1. `c₁` is a cofan of `fun i : Fin n ↦ f i.succ` (a function from `Fin n",1.7,unconstrained,### Step 1: Understand the Problem,parse_fail,"No terminal matches '#' in the current parser context, at line 1 col 1",<punct>,True,Problem;Step;Understand,False,multiline:3
58513,isUniversalColimit_extendCofan,"theorem isUniversalColimit_extendCofan {n : ℕ} (f : Fin (n + 1) → C) {c₁ : Cofan fun i : Fin n ↦ f i.succ} {c₂ : BinaryCofan (f 0) c₁.pt} (t₁ : IsUniversalColimit c₁) (t₂ : IsUniversalColimit c₂) [∀ {Z} (i : Z ⟶ c₂.pt), HasPullback c₂.inr i] : IsUniversalColimit (extendCofan c₁ c₂)",1,"### Step 1: Understand the Theorem and Goal

We are given:
1. A natural number `n` and a function `f : Fin (n + 1) → C` (where `C` is some category).
2. A cofan `c₁` of the function `i",1.68,unconstrained,### Step 1: Understand the Theorem and Goal,parse_fail,"No terminal matches '#' in the current parser context, at line 1 col 1",<punct>,True,Goal;Step;Theorem;Understand,False,multiline:4
58513,isUniversalColimit_extendCofan,"theorem isUniversalColimit_extendCofan {n : ℕ} (f : Fin (n + 1) → C) {c₁ : Cofan fun i : Fin n ↦ f i.succ} {c₂ : BinaryCofan (f 0) c₁.pt} (t₁ : IsUniversalColimit c₁) (t₂ : IsUniversalColimit c₂) [∀ {Z} (i : Z ⟶ c₂.pt), HasPullback c₂.inr i] : IsUniversalColimit (extendCofan c₁ c₂)",2,"### Detailed Analysis and Proof Sketch

First, let's understand the problem:
1. We have a natural number `n : ℕ`.
2. A function `f : Fin (n + 1) → C` where `C` is a category.
3. A cofan `c₁` of the restriction",1.68,unconstrained,### Detailed Analysis and Proof Sketch,parse_fail,"No terminal matches '#' in the current parser context, at line 1 col 1",<punct>,True,Analysis;Detailed;Proof;Sketch,False,multiline:5
58513,isUniversalColimit_extendCofan,"theorem isUniversalColimit_extendCofan {n : ℕ} (f : Fin (n + 1) → C) {c₁ : Cofan fun i : Fin n ↦ f i.succ} {c₂ : BinaryCofan (f 0) c₁.pt} (t₁ : IsUniversalColimit c₁) (t₂ : IsUniversalColimit c₂) [∀ {Z} (i : Z ⟶ c₂.pt), HasPullback c₂.inr i] : IsUniversalColimit (extendCofan c₁ c₂)",3,"### Step-by-Step Abstract Plan

1. **Understand the Problem**:
   - We are given a function `f : Fin (n + 1) → C` where `C` is a category.
   - We have a cofan `c₁` for the tail of `f` (",1.69,unconstrained,### Step-by-Step Abstract Plan,parse_fail,"No terminal matches '#' in the current parser context, at line 1 col 1",<punct>,True,Abstract;Plan;Step,False,multiline:4
58513,isUniversalColimit_extendCofan,"theorem isUniversalColimit_extendCofan {n : ℕ} (f : Fin (n + 1) → C) {c₁ : Cofan fun i : Fin n ↦ f i.succ} {c₂ : BinaryCofan (f 0) c₁.pt} (t₁ : IsUniversalColimit c₁) (t₂ : IsUniversalColimit c₂) [∀ {Z} (i : Z ⟶ c₂.pt), HasPullback c₂.inr i] : IsUniversalColimit (extendCofan c₁ c₂)",4,"### Abstract Plan

1. **Understand the Goal**: Prove that `extendCofan c₁ c₂` is a universal colimit under the given conditions.
2. **Understand the Hypotheses**:
   - `c₁` is a cofan of `fun i : Fin n",1.69,unconstrained,### Abstract Plan,parse_fail,"No terminal matches '#' in the current parser context, at line 1 col 1",<punct>,True,Abstract;Plan,False,multiline:4
58513,isUniversalColimit_extendCofan,"theorem isUniversalColimit_extendCofan {n : ℕ} (f : Fin (n + 1) → C) {c₁ : Cofan fun i : Fin n ↦ f i.succ} {c₂ : BinaryCofan (f 0) c₁.pt} (t₁ : IsUniversalColimit c₁) (t₂ : IsUniversalColimit c₂) [∀ {Z} (i : Z ⟶ c₂.pt), HasPullback c₂.inr i] : IsUniversalColimit (extendCofan c₁ c₂)",5,"### Step 1: Understand the Problem

We need to prove that `extendCofan c₁ c₂` is a universal colimit. The hypotheses are:
1. `c₁` is a cofan of the function `fun i : Fin n ↦ f i.succ` (where `f",1.69,unconstrained,### Step 1: Understand the Problem,parse_fail,"No terminal matches '#' in the current parser context, at line 1 col 1",<punct>,True,Problem;Step;Understand,False,multiline:3
58513,isUniversalColimit_extendCofan,"theorem isUniversalColimit_extendCofan {n : ℕ} (f : Fin (n + 1) → C) {c₁ : Cofan fun i : Fin n ↦ f i.succ} {c₂ : BinaryCofan (f 0) c₁.pt} (t₁ : IsUniversalColimit c₁) (t₂ : IsUniversalColimit c₂) [∀ {Z} (i : Z ⟶ c₂.pt), HasPullback c₂.inr i] : IsUniversalColimit (extendCofan c₁ c₂)",6,"### Step 1: Understand the Problem

First, we need to understand the Lean 4 theorem statement:

```lean
theorem isUniversalColimit_extendCofan {n : ℕ} (f : Fin (n + 1) → C) {c₁ : Cofan fun i : Fin n",1.69,unconstrained,### Step 1: Understand the Problem,parse_fail,"No terminal matches '#' in the current parser context, at line 1 col 1",<punct>,True,Problem;Step;Understand,False,multiline:4
58513,isUniversalColimit_extendCofan,"theorem isUniversalColimit_extendCofan {n : ℕ} (f : Fin (n + 1) → C) {c₁ : Cofan fun i : Fin n ↦ f i.succ} {c₂ : BinaryCofan (f 0) c₁.pt} (t₁ : IsUniversalColimit c₁) (t₂ : IsUniversalColimit c₂) [∀ {Z} (i : Z ⟶ c₂.pt), HasPullback c₂.inr i] : IsUniversalColimit (extendCofan c₁ c₂)",7,"### Step 1: Understand the Problem

First, I need to understand the statement:

**Given:**
1. A natural number `n : ℕ` and a function `f : Fin (n + 1) → C`.
2. A cofan `c₁ : Cofan (fun i :",1.68,unconstrained,### Step 1: Understand the Problem,parse_fail,"No terminal matches '#' in the current parser context, at line 1 col 1",<punct>,True,Problem;Step;Understand,False,multiline:5
36579,iteratedDeriv_succ',theorem iteratedDeriv_succ' : iteratedDeriv (n + 1) f = iteratedDeriv n (deriv f),0,"### Lean 4 Proof Sketch

```lean4
theorem iteratedDeriv_succ' : iteratedDeriv (n + 1) f = iteratedDeriv n (deriv f) := by
  have h : iteratedDeriv (n + 1) f = iteratedDeriv n",1.69,unconstrained,### Lean 4 Proof Sketch,parse_fail,"No terminal matches '#' in the current parser context, at line 1 col 1",<punct>,True,Lean;Proof;Sketch,False,multiline:4
36579,iteratedDeriv_succ',theorem iteratedDeriv_succ' : iteratedDeriv (n + 1) f = iteratedDeriv n (deriv f),1,"### Lean 4 Proof with `have` Statements

```lean
theorem iteratedDeriv_succ' : iteratedDeriv (n + 1) f = iteratedDeriv n (deriv f)
by
  have h_main : iteratedDeriv (n + 1) f = iterated",1.68,unconstrained,### Lean 4 Proof with `have` Statements,parse_fail,"No terminal matches '#' in the current parser context, at line 1 col 1",<punct>,True,Lean;Proof;Statements,False,multiline:5
36579,iteratedDeriv_succ',theorem iteratedDeriv_succ' : iteratedDeriv (n + 1) f = iteratedDeriv n (deriv f),2,"### Lean 4 Proof

```lean
theorem iteratedDeriv_succ' : iteratedDeriv (n + 1) f = iteratedDeriv n (deriv f)
by
  rw [iteratedDeriv_succ]
  <;> simp [iteratedDeriv_succ, deriv_deriv]
  <",1.67,unconstrained,### Lean 4 Proof,parse_fail,"No terminal matches '#' in the current parser context, at line 1 col 1",<punct>,True,Lean;Proof,False,multiline:7
36579,iteratedDeriv_succ',theorem iteratedDeriv_succ' : iteratedDeriv (n + 1) f = iteratedDeriv n (deriv f),3,"### Abstract Plan

1. **Understand the Problem**:
   We need to prove that the `(n+1)`-th iterate of the derivative of `f` is equal to the `n`-th iterate of the derivative of `f`. This is a fundamental property of iterated derivatives.

2.",1.67,unconstrained,### Abstract Plan,parse_fail,"No terminal matches '#' in the current parser context, at line 1 col 1",<punct>,True,Abstract;Plan,False,multiline:4
36579,iteratedDeriv_succ',theorem iteratedDeriv_succ' : iteratedDeriv (n + 1) f = iteratedDeriv n (deriv f),4,"### Lean 4 Proof

```lean
theorem iteratedDeriv_succ' : iteratedDeriv (n + 1) f = iteratedDeriv n (deriv f)
by
  rw [iteratedDeriv_succ]
  <;> simp [iteratedDeriv_succ]
  <;> simp",1.67,unconstrained,### Lean 4 Proof,parse_fail,"No terminal matches '#' in the current parser context, at line 1 col 1",<punct>,True,Lean;Proof,False,multiline:7
36579,iteratedDeriv_succ',theorem iteratedDeriv_succ' : iteratedDeriv (n + 1) f = iteratedDeriv n (deriv f),5,"### Step 1: Understand the Problem

We need to prove that the `(n+1)`-th iterated derivative of a function `f` is equal to the `n`-th iterated derivative of the first derivative of `f`. 

In Lean 4, `iteratedDeriv` is a",1.67,unconstrained,### Step 1: Understand the Problem,parse_fail,"No terminal matches '#' in the current parser context, at line 1 col 1",<punct>,True,Problem;Step;Understand,False,multiline:3
36579,iteratedDeriv_succ',theorem iteratedDeriv_succ' : iteratedDeriv (n + 1) f = iteratedDeriv n (deriv f),6,"### Step 1: Understand the Theorem

The theorem states that for any function `f` and any natural number `n`, the `(n+1)`-th iterated derivative of `f` is equal to the `n`-th iterated derivative of the derivative of `f`. 

This is",1.68,unconstrained,### Step 1: Understand the Theorem,parse_fail,"No terminal matches '#' in the current parser context, at line 1 col 1",<punct>,True,Step;Theorem;Understand,False,multiline:3
36579,iteratedDeriv_succ',theorem iteratedDeriv_succ' : iteratedDeriv (n + 1) f = iteratedDeriv n (deriv f),7,"### Detailed Proof

We need to prove that the `(n + 1)`-th derivative of `f` is the same as the `n`-th derivative of the first derivative of `f`. 

1. **Understanding the Problem**:
   - `iteratedDeriv (n + 1) f",1.69,unconstrained,### Detailed Proof,parse_fail,"No terminal matches '#' in the current parser context, at line 1 col 1",<punct>,True,Detailed;Proof,False,multiline:4
26868,X_eq_iff,lemma X_eq_iff {P Q : Fin 3 → F} (hPz : P z ≠ 0) (hQz : Q z ≠ 0) : P x * Q z ^ 2 = Q x * P z ^ 2 ↔ P x / P z ^ 2 = Q x / Q z ^ 2,0,"### Lean 4 Proof Sketch with `have` Statements

```lean4
theorem X_eq_iff {P Q : Fin 3 → F} (hPz : P z ≠ 0) (hQz : Q z ≠ 0) : P x * Q z ^ 2 = Q x",1.69,unconstrained,### Lean 4 Proof Sketch with `have` Statements,parse_fail,"No terminal matches '#' in the current parser context, at line 1 col 1",<punct>,True,Lean;Proof;Sketch;Statements,False,multiline:3
26868,X_eq_iff,lemma X_eq_iff {P Q : Fin 3 → F} (hPz : P z ≠ 0) (hQz : Q z ≠ 0) : P x * Q z ^ 2 = Q x * P z ^ 2 ↔ P x / P z ^ 2 = Q x / Q z ^ 2,1,"### Detailed Analysis and Proof Sketch

First, let's carefully understand the problem. We are given:
1. `P : Fin 3 → F` is a function from `Fin 3` to a field `F`.
2. `Q : Fin 3 → F` is a function from `Fin ",1.68,unconstrained,### Detailed Analysis and Proof Sketch,parse_fail,"No terminal matches '#' in the current parser context, at line 1 col 1",<punct>,True,Analysis;Detailed;Proof;Sketch,False,multiline:4
26868,X_eq_iff,lemma X_eq_iff {P Q : Fin 3 → F} (hPz : P z ≠ 0) (hQz : Q z ≠ 0) : P x * Q z ^ 2 = Q x * P z ^ 2 ↔ P x / P z ^ 2 = Q x / Q z ^ 2,2,"### Detailed Proof

We are given:
1. `P : Fin 3 → F` and `Q : Fin 3 → F` are functions from `Fin 3` to a field `F`.
2. `z : Fin 3` is a fixed index.
3. `hPz :",1.69,unconstrained,### Detailed Proof,parse_fail,"No terminal matches '#' in the current parser context, at line 1 col 1",<punct>,True,Detailed;Proof,False,multiline:5
26868,X_eq_iff,lemma X_eq_iff {P Q : Fin 3 → F} (hPz : P z ≠ 0) (hQz : Q z ≠ 0) : P x * Q z ^ 2 = Q x * P z ^ 2 ↔ P x / P z ^ 2 = Q x / Q z ^ 2,3,"### Understanding the Problem

First, let's understand what the theorem is stating. We have two functions `P` and `Q` from `Fin 3` to some field `F` (although the field structure is not explicitly used in the statement). The theorem states that for any `x : Fin 3",1.68,unconstrained,### Understanding the Problem,parse_fail,"No terminal matches '#' in the current parser context, at line 1 col 1",<punct>,True,Problem;Understanding,False,multiline:2
26868,X_eq_iff,lemma X_eq_iff {P Q : Fin 3 → F} (hPz : P z ≠ 0) (hQz : Q z ≠ 0) : P x * Q z ^ 2 = Q x * P z ^ 2 ↔ P x / P z ^ 2 = Q x / Q z ^ 2,4,"### Understanding the Problem

We are given:
1. Two functions `P` and `Q` from `Fin 3` to a field `F` (but `F` is not explicitly mentioned, so we assume it is a field).
2. `P z ≠ 0` and `Q z ≠",1.68,unconstrained,### Understanding the Problem,parse_fail,"No terminal matches '#' in the current parser context, at line 1 col 1",<punct>,True,Problem;Understanding,False,multiline:4
26868,X_eq_iff,lemma X_eq_iff {P Q : Fin 3 → F} (hPz : P z ≠ 0) (hQz : Q z ≠ 0) : P x * Q z ^ 2 = Q x * P z ^ 2 ↔ P x / P z ^ 2 = Q x / Q z ^ 2,5,"### Detailed Proof and Analysis

**Problem Analysis:**
We are given two functions `P` and `Q` from `Fin 3` to `F` (where `F` is a field, as suggested by the operations performed on them), and we are to prove that `P x * Q z ^",1.69,unconstrained,### Detailed Proof and Analysis,parse_fail,"No terminal matches '#' in the current parser context, at line 1 col 1",<punct>,True,Analysis;Detailed;Proof,False,multiline:3
26868,X_eq_iff,lemma X_eq_iff {P Q : Fin 3 → F} (hPz : P z ≠ 0) (hQz : Q z ≠ 0) : P x * Q z ^ 2 = Q x * P z ^ 2 ↔ P x / P z ^ 2 = Q x / Q z ^ 2,6,"### Detailed Proof and Analysis

**Problem Analysis:**
We are given a statement about functions `P` and `Q` from `Fin 3` to some field `F` (where `F` is a field, but we don't need its exact nature beyond being a field). The hypothesis is that `",1.68,unconstrained,### Detailed Proof and Analysis,parse_fail,"No terminal matches '#' in the current parser context, at line 1 col 1",<punct>,True,Analysis;Detailed;Proof,False,multiline:3
26868,X_eq_iff,lemma X_eq_iff {P Q : Fin 3 → F} (hPz : P z ≠ 0) (hQz : Q z ≠ 0) : P x * Q z ^ 2 = Q x * P z ^ 2 ↔ P x / P z ^ 2 = Q x / Q z ^ 2,7,"### Analysis and Proof

First, let's understand the problem. We are given:
1. A function `P : Fin 3 → F` (where `F` is a field) such that `P z ≠ 0` at some fixed index `z : Fin 3`.
2. A function `",1.68,unconstrained,### Analysis and Proof,parse_fail,"No terminal matches '#' in the current parser context, at line 1 col 1",<punct>,True,Analysis;Proof,False,multiline:4
142964,extended_le_one_of_le_one,theorem extended_le_one_of_le_one (hI : I ≤ 1) : extended L hf I ≤ 1,0,"### Understanding the Problem

First, I need to understand the Lean 4 theorem statement:
```lean
theorem extended_le_one_of_le_one (hI : I ≤ 1) : extended L hf I ≤ 1
by
```

However, there are several issues with this statement:
1. The variables",1.68,unconstrained,### Understanding the Problem,parse_fail,"No terminal matches '#' in the current parser context, at line 1 col 1",<punct>,True,Problem;Understanding,False,multiline:8
142964,extended_le_one_of_le_one,theorem extended_le_one_of_le_one (hI : I ≤ 1) : extended L hf I ≤ 1,1,"### Understanding the Problem

First, let's understand the statement:
- The theorem is `extended_le_one_of_le_one (hI : I ≤ 1) : extended L hf I ≤ 1`.
- The variable `I` is of type `ℕ` (since `I ≤ 1` is a",1.67,unconstrained,### Understanding the Problem,parse_fail,"No terminal matches '#' in the current parser context, at line 1 col 1",<punct>,True,Problem;Understanding,False,multiline:4
142964,extended_le_one_of_le_one,theorem extended_le_one_of_le_one (hI : I ≤ 1) : extended L hf I ≤ 1,2,"### Lean 4 Proof

```lean
theorem extended_le_one_of_le_one (hI : I ≤ 1) : extended L hf I ≤ 1
by
  have h₁ : extended L hf I ≤ 1 := by
    sorry
  sorry
```

### Complete Lean 4",1.67,unconstrained,### Lean 4 Proof,parse_fail,"No terminal matches '#' in the current parser context, at line 1 col 1",<punct>,True,Lean;Proof,False,multiline:9
142964,extended_le_one_of_le_one,theorem extended_le_one_of_le_one (hI : I ≤ 1) : extended L hf I ≤ 1,3,"### Analysis of the Problem

First, let's understand the problem:
- We have a type `I` (implicitly, since it's used in the theorem statement) with some ordering `≤`.
- We have `hI : I ≤ 1` as a hypothesis.
- We need to prove `extended L",1.67,unconstrained,### Analysis of the Problem,parse_fail,"No terminal matches '#' in the current parser context, at line 1 col 1",<punct>,True,Analysis;Problem,False,multiline:5
142964,extended_le_one_of_le_one,theorem extended_le_one_of_le_one (hI : I ≤ 1) : extended L hf I ≤ 1,4,"### Understanding the Problem

First, we need to understand the statement we are trying to prove:
```lean
theorem extended_le_one_of_le_one (hI : I ≤ 1) : extended L hf I ≤ 1
```
This statement is incomplete because `extended`, `L`, `hf`, and",1.67,unconstrained,### Understanding the Problem,parse_fail,"No terminal matches '#' in the current parser context, at line 1 col 1",<punct>,True,Problem;Understanding,False,multiline:6
142964,extended_le_one_of_le_one,theorem extended_le_one_of_le_one (hI : I ≤ 1) : extended L hf I ≤ 1,5,"### Lean 4 Proof Sketch with `have` Statements

```lean
theorem extended_le_one_of_le_one (hI : I ≤ 1) : extended L hf I ≤ 1
by
  have h_main : extended L hf I ≤ 1 := by sorry
  sorry
```

###",1.68,unconstrained,### Lean 4 Proof Sketch with `have` Statements,parse_fail,"No terminal matches '#' in the current parser context, at line 1 col 1",<punct>,True,Lean;Proof;Sketch;Statements,False,multiline:8
142964,extended_le_one_of_le_one,theorem extended_le_one_of_le_one (hI : I ≤ 1) : extended L hf I ≤ 1,6,"### Lean 4 Proof Step

```lean
theorem extended_le_one_of_le_one (hI : I ≤ 1) : extended L hf I ≤ 1
by
  exact le_of_eq (by rfl)
```

### Explanation:
1. **Understanding the Problem**: The goal is to prove `",1.68,unconstrained,### Lean 4 Proof Step,parse_fail,"No terminal matches '#' in the current parser context, at line 1 col 1",<punct>,True,Lean;Proof;Step,False,multiline:8
142964,extended_le_one_of_le_one,theorem extended_le_one_of_le_one (hI : I ≤ 1) : extended L hf I ≤ 1,7,"### Analysis and Proof

First, let's understand the problem:

**Problem:** Prove that `extended L hf I ≤ 1` given that `I ≤ 1` and the context of `I`, `L`, and `hf` as provided.

**Assumptions:**
1. `I ≤",1.69,unconstrained,### Analysis and Proof,parse_fail,"No terminal matches '#' in the current parser context, at line 1 col 1",<punct>,True,Analysis;Proof,False,multiline:5
22790,succ_signVariations_X_sub_C_mul_monomial,lemma succ_signVariations_X_sub_C_mul_monomial {d c} (hc : c ≠ 0) (hη : 0 < η) : (monomial d c).signVariations + 1 ≤ ((X - C η) * monomial d c).signVariations,0,"### Detailed Analysis and Proof

**Problem Analysis:**
The theorem statement is incomplete and contains several issues:
1. The variables `d`, `c`, and `η` are not properly introduced or constrained. For instance, `d` is not quantified, and `c` is only assumed to be non-zero",1.7,unconstrained,### Detailed Analysis and Proof,parse_fail,"No terminal matches '#' in the current parser context, at line 1 col 1",<punct>,True,Analysis;Detailed;Proof,False,multiline:4
22790,succ_signVariations_X_sub_C_mul_monomial,lemma succ_signVariations_X_sub_C_mul_monomial {d c} (hc : c ≠ 0) (hη : 0 < η) : (monomial d c).signVariations + 1 ≤ ((X - C η) * monomial d c).signVariations,1,"### Detailed Analysis and Proof

#### Understanding the Problem

We need to prove that the number of sign variations in the monomial `c * X^d` (represented as `(monomial d c)` in Lean) plus one is less than or equal to the number of sign variations in the polynomial `(X -",1.69,unconstrained,### Detailed Analysis and Proof,parse_fail,"No terminal matches '#' in the current parser context, at line 1 col 1",<punct>,True,Analysis;Detailed;Proof,False,multiline:3
22790,succ_signVariations_X_sub_C_mul_monomial,lemma succ_signVariations_X_sub_C_mul_monomial {d c} (hc : c ≠ 0) (hη : 0 < η) : (monomial d c).signVariations + 1 ≤ ((X - C η) * monomial d c).signVariations,2,"### Analysis of the Problem

First, we need to understand what the theorem is saying. 

1. **Definitions**:
   - `monomial d c` is the monomial `X^d * C c` (in Lean, `C c` is the constant polynomial `c`, and `X`",1.69,unconstrained,### Analysis of the Problem,parse_fail,"No terminal matches '#' in the current parser context, at line 1 col 1",<punct>,True,Analysis;Problem,False,multiline:4
22790,succ_signVariations_X_sub_C_mul_monomial,lemma succ_signVariations_X_sub_C_mul_monomial {d c} (hc : c ≠ 0) (hη : 0 < η) : (monomial d c).signVariations + 1 ≤ ((X - C η) * monomial d c).signVariations,3,"### Understanding the Problem

First, we need to understand the statement we are trying to prove:
- `(monomial d c).signVariations + 1 ≤ ((X - C η) * monomial d c).signVariations`

Here, `monomial d c` is a monomial in a",1.7,unconstrained,### Understanding the Problem,parse_fail,"No terminal matches '#' in the current parser context, at line 1 col 1",<punct>,True,Problem;Understanding,False,multiline:4
22790,succ_signVariations_X_sub_C_mul_monomial,lemma succ_signVariations_X_sub_C_mul_monomial {d c} (hc : c ≠ 0) (hη : 0 < η) : (monomial d c).signVariations + 1 ≤ ((X - C η) * monomial d c).signVariations,4,"### Step 1: Understand the Problem

First, we need to understand the theorem statement and the Lean 4 definitions involved.

1. **Definitions**:
   - `monomial d c` is a polynomial where the term `X^d` has coefficient `c` and all other coefficients are zero. In",1.68,unconstrained,### Step 1: Understand the Problem,parse_fail,"No terminal matches '#' in the current parser context, at line 1 col 1",<punct>,True,Problem;Step;Understand,False,multiline:4
22790,succ_signVariations_X_sub_C_mul_monomial,lemma succ_signVariations_X_sub_C_mul_monomial {d c} (hc : c ≠ 0) (hη : 0 < η) : (monomial d c).signVariations + 1 ≤ ((X - C η) * monomial d c).signVariations,5,"### Detailed Proof and Analysis

First, let's understand the problem:

We have a monomial `monomial d c` (where `d` is a natural number and `c` is a non-zero real number, though Lean's `monomial` is a polynomial over a ring, and here `c`",1.68,unconstrained,### Detailed Proof and Analysis,parse_fail,"No terminal matches '#' in the current parser context, at line 1 col 1",<punct>,True,Analysis;Detailed;Proof,False,multiline:3
22790,succ_signVariations_X_sub_C_mul_monomial,lemma succ_signVariations_X_sub_C_mul_monomial {d c} (hc : c ≠ 0) (hη : 0 < η) : (monomial d c).signVariations + 1 ≤ ((X - C η) * monomial d c).signVariations,6,"### Step 1: Understand the Problem

First, we need to understand the statement we are trying to prove:

**Statement**: For any positive integer `η` (`η > 0`), and any non-zero real number `c`, the number of sign variations in the polynomial `monomial d c` is",1.68,unconstrained,### Step 1: Understand the Problem,parse_fail,"No terminal matches '#' in the current parser context, at line 1 col 1",<punct>,True,Problem;Step;Understand,False,multiline:3
22790,succ_signVariations_X_sub_C_mul_monomial,lemma succ_signVariations_X_sub_C_mul_monomial {d c} (hc : c ≠ 0) (hη : 0 < η) : (monomial d c).signVariations + 1 ≤ ((X - C η) * monomial d c).signVariations,7,"### Step 1: Understand the Problem

The theorem states that for a monomial `monomial d c` (where `c ≠ 0`), the number of sign variations of the sequence `monomial d c` plus one is less than or equal to the number of sign variations of the sequence `(X",1.68,unconstrained,### Step 1: Understand the Problem,parse_fail,"No terminal matches '#' in the current parser context, at line 1 col 1",<punct>,True,Problem;Step;Understand,False,multiline:2
154794,type_set_le,theorem type_set_le [LinearOrder α] [WellFoundedLT α] (s : Set α) : typeLT s ≤ typeLT α,0,"### Lean 4 Proof

```lean
theorem type_set_le [LinearOrder α] [WellFoundedLT α] (s : Set α) : typeLT s ≤ typeLT α
by
  -- Use the `exact` tactic to directly apply the lemma that the type of a set is less than or",1.68,unconstrained,### Lean 4 Proof,parse_fail,"No terminal matches '#' in the current parser context, at line 1 col 1",<punct>,True,Lean;Proof,False,multiline:5
154794,type_set_le,theorem type_set_le [LinearOrder α] [WellFoundedLT α] (s : Set α) : typeLT s ≤ typeLT α,1,"### Step-by-Step Abstract Plan

1. **Understand the Problem**:
   - We are given a set `s : Set α` and two types: `α` and `Set α`. The goal is to prove that `typeLT s ≤ typeLT α`.
   - The type `typeLT",1.68,unconstrained,### Step-by-Step Abstract Plan,parse_fail,"No terminal matches '#' in the current parser context, at line 1 col 1",<punct>,True,Abstract;Plan;Step,False,multiline:4
154794,type_set_le,theorem type_set_le [LinearOrder α] [WellFoundedLT α] (s : Set α) : typeLT s ≤ typeLT α,2,"### Understanding the Problem

First, I need to understand what the theorem is stating. The Lean code is:

```lean
theorem type_set_le [LinearOrder α] [WellFoundedLT α] (s : Set α) : typeLT s ≤ typeLT α
```

This appears to be a statement about",1.67,unconstrained,### Understanding the Problem,parse_fail,"No terminal matches '#' in the current parser context, at line 1 col 1",<punct>,True,Problem;Understanding,False,multiline:6
154794,type_set_le,theorem type_set_le [LinearOrder α] [WellFoundedLT α] (s : Set α) : typeLT s ≤ typeLT α,3,"### Lean 4 Proof Sketch with `have` Statements

```lean4
theorem type_set_le [LinearOrder α] [WellFoundedLT α] (s : Set α) : typeLT s ≤ typeLT α := by
  have h_main : typeLT s ≤ typeLT α := by
   ",1.67,unconstrained,### Lean 4 Proof Sketch with `have` Statements,parse_fail,"No terminal matches '#' in the current parser context, at line 1 col 1",<punct>,True,Lean;Proof;Sketch;Statements,False,multiline:4
154794,type_set_le,theorem type_set_le [LinearOrder α] [WellFoundedLT α] (s : Set α) : typeLT s ≤ typeLT α,4,"### Proof Step

```lean
have h : typeLT s ≤ typeLT α := by
  apply typeLT_mono
  <;> simp_all [Set.subset_univ]
  <;> aesop
  <;> simp_all [Set.subset_univ]
  <;> aes",1.68,unconstrained,### Proof Step,parse_fail,"No terminal matches '#' in the current parser context, at line 1 col 1",<punct>,True,Proof;Step,False,multiline:8
154794,type_set_le,theorem type_set_le [LinearOrder α] [WellFoundedLT α] (s : Set α) : typeLT s ≤ typeLT α,5,"### Understanding the Problem

First, let's understand what the theorem is saying and what the Lean 4 code is actually trying to prove.

#### 1. What is `typeLT`?

The `typeLT` function is not a standard Lean 4 function. It seems to be a custom definition that is not",1.67,unconstrained,### Understanding the Problem,parse_fail,"No terminal matches '#' in the current parser context, at line 1 col 1",<punct>,True,Problem;Understanding,False,multiline:4
154794,type_set_le,theorem type_set_le [LinearOrder α] [WellFoundedLT α] (s : Set α) : typeLT s ≤ typeLT α,6,"### Detailed Analysis and Proof

**Problem Analysis:**
The theorem statement is `typeLT s ≤ typeLT α`, where `s : Set α` and `α` is a linearly ordered type with a well-founded strict order (`WellFoundedLT α`). 

The `typeLT` predicate is defined in `",1.68,unconstrained,### Detailed Analysis and Proof,parse_fail,"No terminal matches '#' in the current parser context, at line 1 col 1",<punct>,True,Analysis;Detailed;Proof,False,multiline:4
154794,type_set_le,theorem type_set_le [LinearOrder α] [WellFoundedLT α] (s : Set α) : typeLT s ≤ typeLT α,7,"### Proof

```lean
theorem type_set_le [LinearOrder α] [WellFoundedLT α] (s : Set α) : typeLT s ≤ typeLT α
by
  -- The statement `typeLT s ≤ typeLT α` is trivially true because `s` is a subset of `",1.69,unconstrained,### Proof,parse_fail,"No terminal matches '#' in the current parser context, at line 1 col 1",<punct>,True,Proof,False,multiline:5
110604,condExp_stronglyMeasurable_simpleFunc_bilin,theorem condExp_stronglyMeasurable_simpleFunc_bilin [CompleteSpace E] (hm : m ≤ mΩ) (f : @SimpleFunc Ω m F) {g : Ω → E} (hg : Integrable g μ) : μ[fun ω ↦ B (f ω) (g ω) | m] =ᵐ[μ] fun ω ↦ B (f ω) (μ[g | m] ω),0,"### Detailed Analysis and Proof Sketch

First, let's understand the problem correctly. We have:
1. A complete space `E`.
2. A measure `m` that is less than or equal to `mΩ` (though it's unclear what `mΩ` is, as it's not a standard term",1.71,unconstrained,### Detailed Analysis and Proof Sketch,parse_fail,"No terminal matches '#' in the current parser context, at line 1 col 1",<punct>,True,Analysis;Detailed;Proof;Sketch,False,multiline:4
110604,condExp_stronglyMeasurable_simpleFunc_bilin,theorem condExp_stronglyMeasurable_simpleFunc_bilin [CompleteSpace E] (hm : m ≤ mΩ) (f : @SimpleFunc Ω m F) {g : Ω → E} (hg : Integrable g μ) : μ[fun ω ↦ B (f ω) (g ω) | m] =ᵐ[μ] fun ω ↦ B (f ω) (μ[g | m] ω),1,"### Detailed Analysis and Proof Sketch

First, let's understand the problem:
1. We are given a complete space `E`, a measure `m ≤ mΩ` (where `mΩ` is some ambient measure, likely the Lebesgue measure), a simple function `f : Ω → F` (",1.68,unconstrained,### Detailed Analysis and Proof Sketch,parse_fail,"No terminal matches '#' in the current parser context, at line 1 col 1",<punct>,True,Analysis;Detailed;Proof;Sketch,False,multiline:3
110604,condExp_stronglyMeasurable_simpleFunc_bilin,theorem condExp_stronglyMeasurable_simpleFunc_bilin [CompleteSpace E] (hm : m ≤ mΩ) (f : @SimpleFunc Ω m F) {g : Ω → E} (hg : Integrable g μ) : μ[fun ω ↦ B (f ω) (g ω) | m] =ᵐ[μ] fun ω ↦ B (f ω) (μ[g | m] ω),2,"### Detailed Analysis and Proof Sketch

#### Problem Breakdown
We are given:
1. A measure space `Ω` with measure `μ` and a measurable space `m` (a `σ`-algebra on `Ω`).
2. A complete space `E` (a topological space with a",1.67,unconstrained,### Detailed Analysis and Proof Sketch,parse_fail,"No terminal matches '#' in the current parser context, at line 1 col 1",<punct>,True,Analysis;Detailed;Proof;Sketch,False,multiline:5
110604,condExp_stronglyMeasurable_simpleFunc_bilin,theorem condExp_stronglyMeasurable_simpleFunc_bilin [CompleteSpace E] (hm : m ≤ mΩ) (f : @SimpleFunc Ω m F) {g : Ω → E} (hg : Integrable g μ) : μ[fun ω ↦ B (f ω) (g ω) | m] =ᵐ[μ] fun ω ↦ B (f ω) (μ[g | m] ω),3,"### Lean 4 Proof Step Analysis

First, let's understand the problem:

We have a theorem statement in Lean 4 about measure theory, specifically about the `condExp` (conditional expectation) and `B` (a bilinear form) applied to simple functions and integrable functions. The theorem involves measures and",1.68,unconstrained,### Lean 4 Proof Step Analysis,parse_fail,"No terminal matches '#' in the current parser context, at line 1 col 1",<punct>,True,Analysis;Lean;Proof;Step,False,multiline:3
110604,condExp_stronglyMeasurable_simpleFunc_bilin,theorem condExp_stronglyMeasurable_simpleFunc_bilin [CompleteSpace E] (hm : m ≤ mΩ) (f : @SimpleFunc Ω m F) {g : Ω → E} (hg : Integrable g μ) : μ[fun ω ↦ B (f ω) (g ω) | m] =ᵐ[μ] fun ω ↦ B (f ω) (μ[g | m] ω),4,"### Analysis and Proof Sketch

#### Problem Breakdown
We are given:
1. A complete space `E`.
2. A measure `m` on `Ω` (which is a measurable space) such that `m ≤ mΩ` (where `mΩ` is the trivial measure).
3. A simple",1.68,unconstrained,### Analysis and Proof Sketch,parse_fail,"No terminal matches '#' in the current parser context, at line 1 col 1",<punct>,True,Analysis;Proof;Sketch,False,multiline:6
110604,condExp_stronglyMeasurable_simpleFunc_bilin,theorem condExp_stronglyMeasurable_simpleFunc_bilin [CompleteSpace E] (hm : m ≤ mΩ) (f : @SimpleFunc Ω m F) {g : Ω → E} (hg : Integrable g μ) : μ[fun ω ↦ B (f ω) (g ω) | m] =ᵐ[μ] fun ω ↦ B (f ω) (μ[g | m] ω),5,"### Lean 4 Proof Sketch with `have` Statements

```lean
theorem condExp_stronglyMeasurable_simpleFunc_bilin [CompleteSpace E] (hm : m ≤ mΩ) (f : @SimpleFunc Ω m F) {g : Ω → E} (hg : Integr",1.68,unconstrained,### Lean 4 Proof Sketch with `have` Statements,parse_fail,"No terminal matches '#' in the current parser context, at line 1 col 1",<punct>,True,Lean;Proof;Sketch;Statements,False,multiline:3
110604,condExp_stronglyMeasurable_simpleFunc_bilin,theorem condExp_stronglyMeasurable_simpleFunc_bilin [CompleteSpace E] (hm : m ≤ mΩ) (f : @SimpleFunc Ω m F) {g : Ω → E} (hg : Integrable g μ) : μ[fun ω ↦ B (f ω) (g ω) | m] =ᵐ[μ] fun ω ↦ B (f ω) (μ[g | m] ω),6,"### Understanding the Problem

First, let's understand the problem carefully:

We have:
1. A complete space `E` (which is an `AddCommGroup` and complete with respect to some norm, but we don't need to know the exact structure here).
2. A measure space `Ω` with a",1.68,unconstrained,### Understanding the Problem,parse_fail,"No terminal matches '#' in the current parser context, at line 1 col 1",<punct>,True,Problem;Understanding,False,multiline:5
110604,condExp_stronglyMeasurable_simpleFunc_bilin,theorem condExp_stronglyMeasurable_simpleFunc_bilin [CompleteSpace E] (hm : m ≤ mΩ) (f : @SimpleFunc Ω m F) {g : Ω → E} (hg : Integrable g μ) : μ[fun ω ↦ B (f ω) (g ω) | m] =ᵐ[μ] fun ω ↦ B (f ω) (μ[g | m] ω),7,"### Understanding the Problem

First, let's understand the statement we're trying to prove. We have:

1. A complete space `E`.
2. A measure `m` that is less than or equal to `mΩ` (which is likely a measure on `Ω`, but this is not explicitly stated).
",1.69,unconstrained,### Understanding the Problem,parse_fail,"No terminal matches '#' in the current parser context, at line 1 col 1",<punct>,True,Problem;Understanding,False,multiline:4
8331,isLeftCancelMul,protected lemma isLeftCancelMul [Mul β] [IsLeftCancelMul β] : letI,0,"### Step 1: Understand the Statement

The Lean statement is:
```lean
protected lemma isLeftCancelMul [Mul β] [IsLeftCancelMul β] : letI
by
```

This is incomplete because it ends with `: letI by` and does not provide a conclusion. However,",1.68,unconstrained,### Step 1: Understand the Statement,parse_fail,"No terminal matches '#' in the current parser context, at line 1 col 1",<punct>,True,Step;Understand,False,multiline:7
8331,isLeftCancelMul,protected lemma isLeftCancelMul [Mul β] [IsLeftCancelMul β] : letI,1,"### Lean 4 Proof with `have` Statements

```lean
theorem lean_workbook_plus_41852 : ∀ (a b : ℕ), a ≤ b → b ≤ a → a = b := by
  intro a b h₁ h₂
  have h_main : a = b",1.68,unconstrained,### Lean 4 Proof with `have` Statements,parse_fail,"No terminal matches '#' in the current parser context, at line 1 col 1",<punct>,True,Lean;Proof;Statements,False,multiline:5
8331,isLeftCancelMul,protected lemma isLeftCancelMul [Mul β] [IsLeftCancelMul β] : letI,2,"### Step 1: Understand the Theorem Statement

The theorem statement is:
```lean
protected lemma isLeftCancelMul [Mul β] [IsLeftCancelMul β] : letI
by
```

However, the theorem statement is incomplete and doesn't make sense as written. The `letI`",1.68,unconstrained,### Step 1: Understand the Theorem Statement,parse_fail,"No terminal matches '#' in the current parser context, at line 1 col 1",<punct>,True,Step;Theorem;Understand,False,multiline:7
8331,isLeftCancelMul,protected lemma isLeftCancelMul [Mul β] [IsLeftCancelMul β] : letI,3,"### Analysis of the Problem

First, let's understand the problem. The theorem statement is:

```lean
protected lemma isLeftCancelMul [Mul β] [IsLeftCancelMul β] : letI
by
```

This is not a complete Lean 4 theorem statement because the statement is incomplete. Specifically",1.72,unconstrained,### Analysis of the Problem,parse_fail,"No terminal matches '#' in the current parser context, at line 1 col 1",<punct>,True,Analysis;Problem,False,multiline:7
8331,isLeftCancelMul,protected lemma isLeftCancelMul [Mul β] [IsLeftCancelMul β] : letI,4,"### Understanding the Problem

First, I need to understand what the Lean 4 statement is saying. The theorem is:

```lean
protected lemma isLeftCancelMul [Mul β] [IsLeftCancelMul β] : letI
by
```

However, this statement is incomplete because it doesn't have a",1.72,unconstrained,### Understanding the Problem,parse_fail,"No terminal matches '#' in the current parser context, at line 1 col 1",<punct>,True,Problem;Understanding,False,multiline:7
8331,isLeftCancelMul,protected lemma isLeftCancelMul [Mul β] [IsLeftCancelMul β] : letI,5,"### Step 1: Understand the Problem
The statement is:
```lean
protected lemma isLeftCancelMul [Mul β] [IsLeftCancelMul β] : letI
by
```
This is a malformed statement in Lean 4. The `letI` keyword is used to introduce a local instance",1.71,unconstrained,### Step 1: Understand the Problem,parse_fail,"No terminal matches '#' in the current parser context, at line 1 col 1",<punct>,True,Problem;Step;Understand,False,multiline:7
8331,isLeftCancelMul,protected lemma isLeftCancelMul [Mul β] [IsLeftCancelMul β] : letI,6,"### Lean 4 Proof Sketch

```lean
theorem lean_workbook_plus_16061  (β : Type u) [Mul β] [IsLeftCancelMul β] :
    letI : IsLeftCancelMul β := inferInstance
    ∀ (x y : β), x * y",1.69,unconstrained,### Lean 4 Proof Sketch,parse_fail,"No terminal matches '#' in the current parser context, at line 1 col 1",<punct>,True,Lean;Proof;Sketch,False,multiline:5
8331,isLeftCancelMul,protected lemma isLeftCancelMul [Mul β] [IsLeftCancelMul β] : letI,7,"### Lean 4 Proof Step

```lean
theorem isLeftCancelMul [Mul β] [IsLeftCancelMul β] : letI := by
  -- We need to prove that the given condition is true under the given hypotheses.
  -- The hypotheses are that β has a multiplication operation and is a left",1.68,unconstrained,### Lean 4 Proof Step,parse_fail,"No terminal matches '#' in the current parser context, at line 1 col 1",<punct>,True,Lean;Proof;Step,False,multiline:5
7811,powers_one,lemma powers_one : powers (1 : M) = ⊥,0,"### Lean 4 Proof Step

```lean
theorem powers_one : powers (1 : M) = ⊥
by
  -- We use the fact that the powers of 1 are trivial and the infimum is the empty set.
  rfl
```",1.42,unconstrained,### Lean 4 Proof Step,parse_fail,"No terminal matches '#' in the current parser context, at line 1 col 1",<punct>,True,Lean;Proof;Step,False,multiline:6
7811,powers_one,lemma powers_one : powers (1 : M) = ⊥,1,"### Lean 4 Proof with `have` Statements

```lean4
theorem powers_one : powers (1 : M) = ⊥
by
  have h : powers (1 : M) = ⊥ := by sorry
  sorry
```

### Explanation:
- The `have` statement introduces a",1.67,unconstrained,### Lean 4 Proof with `have` Statements,parse_fail,"No terminal matches '#' in the current parser context, at line 1 col 1",<punct>,True,Lean;Proof;Statements,False,multiline:9
7811,powers_one,lemma powers_one : powers (1 : M) = ⊥,2,"### Understanding the Problem

First, I need to understand the statement `powers_one : powers (1 : M) = ⊥`. 

1. **Understanding `powers`**: The `powers` function is not a standard Lean 4 function, but it is likely a custom function defined in the context of the theorem",1.69,unconstrained,### Understanding the Problem,parse_fail,"No terminal matches '#' in the current parser context, at line 1 col 1",<punct>,True,Problem;Understanding,False,multiline:3
7811,powers_one,lemma powers_one : powers (1 : M) = ⊥,3,"### Understanding the Problem

First, I need to understand what the statement `powers_one : powers (1 : M) = ⊥` means. Here, `M` is a type, and `powers` is a function that takes an element of `M` and returns some value (presumably related to powers",1.71,unconstrained,### Understanding the Problem,parse_fail,"No terminal matches '#' in the current parser context, at line 1 col 1",<punct>,True,Problem;Understanding,False,multiline:2
7811,powers_one,lemma powers_one : powers (1 : M) = ⊥,4,"### Lean 4 Proof with `have` Statements

```lean4
theorem powers_one : powers (1 : M) = ⊥ := by
  have h₀ : powers (1 : M) = ⊥ := by
    sorry
  sorry
```

### Explanation:
1. **`have",1.67,unconstrained,### Lean 4 Proof with `have` Statements,parse_fail,"No terminal matches '#' in the current parser context, at line 1 col 1",<punct>,True,Lean;Proof;Statements,False,multiline:9
7811,powers_one,lemma powers_one : powers (1 : M) = ⊥,5,"### Understanding the Problem

First, I need to understand what the theorem is stating. The theorem is:
```lean
lemma powers_one : powers (1 : M) = ⊥
```
where `M` is some type (likely a `Monoid`, but we don't know for sure). 

However",1.67,unconstrained,### Understanding the Problem,parse_fail,"No terminal matches '#' in the current parser context, at line 1 col 1",<punct>,True,Problem;Understanding,False,multiline:7
7811,powers_one,lemma powers_one : powers (1 : M) = ⊥,6,"### Lean 4 Proof

```lean
lemma powers_one : powers (1 : M) = ⊥
by
  -- We use the fact that the powers of 1 are all 1, and the only element in the bottom set is the bottom element itself.
  simp [pow_succ, mul_one",1.67,unconstrained,### Lean 4 Proof,parse_fail,"No terminal matches '#' in the current parser context, at line 1 col 1",<punct>,True,Lean;Proof,False,multiline:6
7811,powers_one,lemma powers_one : powers (1 : M) = ⊥,7,"### Understanding the Problem

First, we need to understand what `powers (1 : M) = ⊥` means in Lean 4. 

In Lean's `Mathlib`, the `powers` function is typically defined for a monoid `M` (where `M` is a type equipped with a binary",1.67,unconstrained,### Understanding the Problem,parse_fail,"No terminal matches '#' in the current parser context, at line 1 col 1",<punct>,True,Problem;Understanding,False,multiline:3
24561,map_comap_eq,theorem map_comap_eq (f : R →+* S) (t : Subring S) : (t.comap f).map f = t ⊓ f.range,0,"### Lean 4 Proof

```lean
theorem map_comap_eq (f : R →+* S) (t : Subring S) : (t.comap f).map f = t ⊓ f.range
by
  rw [show (t.comap f).map f = t ⊓",1.7,unconstrained,### Lean 4 Proof,parse_fail,"No terminal matches '#' in the current parser context, at line 1 col 1",<punct>,True,Lean;Proof,False,multiline:5
24561,map_comap_eq,theorem map_comap_eq (f : R →+* S) (t : Subring S) : (t.comap f).map f = t ⊓ f.range,1,"### Proof and Analysis

First, we need to understand the statement and the definitions involved.

1. **Definitions**:
   - `f : R →+* S` is a ring homomorphism from `R` to `S`.
   - `t : Subring S` is a subring of `",1.68,unconstrained,### Proof and Analysis,parse_fail,"No terminal matches '#' in the current parser context, at line 1 col 1",<punct>,True,Analysis;Proof,False,multiline:5
24561,map_comap_eq,theorem map_comap_eq (f : R →+* S) (t : Subring S) : (t.comap f).map f = t ⊓ f.range,2,"### Lean 4 Proof with `have` Statements

```lean
theorem map_comap_eq (f : R →+* S) (t : Subring S) : (t.comap f).map f = t ⊓ f.range
by
  have h1 : (t.comap f).",1.68,unconstrained,### Lean 4 Proof with `have` Statements,parse_fail,"No terminal matches '#' in the current parser context, at line 1 col 1",<punct>,True,Lean;Proof;Statements,False,multiline:5
24561,map_comap_eq,theorem map_comap_eq (f : R →+* S) (t : Subring S) : (t.comap f).map f = t ⊓ f.range,3,"### Lean 4 Proof with `have` Statements

```lean
theorem map_comap_eq (f : R →+* S) (t : Subring S) : (t.comap f).map f = t ⊓ f.range
by
  have h₁ : (t.comap f).",1.67,unconstrained,### Lean 4 Proof with `have` Statements,parse_fail,"No terminal matches '#' in the current parser context, at line 1 col 1",<punct>,True,Lean;Proof;Statements,False,multiline:5
24561,map_comap_eq,theorem map_comap_eq (f : R →+* S) (t : Subring S) : (t.comap f).map f = t ⊓ f.range,4,"### Detailed Proof and Analysis

#### Problem Breakdown
We need to prove that `(t.comap f).map f = t ⊓ f.range` for a ring homomorphism `f : R →+* S` and a subring `t` of `S`.

1. **Understand the Components",1.67,unconstrained,### Detailed Proof and Analysis,parse_fail,"No terminal matches '#' in the current parser context, at line 1 col 1",<punct>,True,Analysis;Detailed;Proof,False,multiline:4
24561,map_comap_eq,theorem map_comap_eq (f : R →+* S) (t : Subring S) : (t.comap f).map f = t ⊓ f.range,5,"### Lean 4 Proof Step

```lean
theorem map_comap_eq (f : R →+* S) (t : Subring S) : (t.comap f).map f = t ⊓ f.range
by
  have h₁ : (t.comap f).map f = t",1.67,unconstrained,### Lean 4 Proof Step,parse_fail,"No terminal matches '#' in the current parser context, at line 1 col 1",<punct>,True,Lean;Proof;Step,False,multiline:5
24561,map_comap_eq,theorem map_comap_eq (f : R →+* S) (t : Subring S) : (t.comap f).map f = t ⊓ f.range,6,"### Proof and Analysis

First, recall the definitions:
1. For a ring homomorphism `f : R →+* S` and a subring `t : Subring S`, `t.comap f` is the subring of `R` defined as `t.comap f = {x :",1.68,unconstrained,### Proof and Analysis,parse_fail,"No terminal matches '#' in the current parser context, at line 1 col 1",<punct>,True,Analysis;Proof,False,multiline:3
24561,map_comap_eq,theorem map_comap_eq (f : R →+* S) (t : Subring S) : (t.comap f).map f = t ⊓ f.range,7,"### Step 1: Understand the Problem

The theorem states that for a ring homomorphism `f : R →+* S` and a subring `t` of `S`, the image of the preimage of `t` under `f` is equal to the intersection of `t` with the",1.68,unconstrained,### Step 1: Understand the Problem,parse_fail,"No terminal matches '#' in the current parser context, at line 1 col 1",<punct>,True,Problem;Step;Understand,False,multiline:2
57314,kernelIsoOfEq_hom_comp_,theorem kernelIsoOfEq_hom_comp_ι {f g : X ⟶ Y} [HasKernel f] [HasKernel g] (h : f = g) : (kernelIsoOfEq h).hom ≫ kernel.ι g = kernel.ι f,0,"### Step 1: Understand the Problem
The theorem states that if `f = g` as functions between `X` and `Y`, then `(kernelIsoOfEq h).hom ≫ kernel.ι g = kernel.ι f`. Here, `h : f = g` is the proof of equality",1.7,unconstrained,### Step 1: Understand the Problem,parse_fail,"No terminal matches '#' in the current parser context, at line 1 col 1",<punct>,True,Problem;Step;Understand,False,multiline:2
57314,kernelIsoOfEq_hom_comp_,theorem kernelIsoOfEq_hom_comp_ι {f g : X ⟶ Y} [HasKernel f] [HasKernel g] (h : f = g) : (kernelIsoOfEq h).hom ≫ kernel.ι g = kernel.ι f,1,"### Step-by-Step Abstract Plan

1. **Understand the Problem**:
   - We are given two functions `f` and `g` from `X` to `Y`, both of which have kernels (i.e., `HasKernel f` and `HasKernel g`).
   - We are",1.68,unconstrained,### Step-by-Step Abstract Plan,parse_fail,"No terminal matches '#' in the current parser context, at line 1 col 1",<punct>,True,Abstract;Plan;Step,False,multiline:4
57314,kernelIsoOfEq_hom_comp_,theorem kernelIsoOfEq_hom_comp_ι {f g : X ⟶ Y} [HasKernel f] [HasKernel g] (h : f = g) : (kernelIsoOfEq h).hom ≫ kernel.ι g = kernel.ι f,2,"### Detailed Proof and Analysis

**Problem Analysis:**
We are given two functions `f` and `g` from `X` to `Y` that are equal (`f = g`), and both have kernels (`HasKernel f` and `HasKernel g`). The goal is to prove that `(kernelIso",1.69,unconstrained,### Detailed Proof and Analysis,parse_fail,"No terminal matches '#' in the current parser context, at line 1 col 1",<punct>,True,Analysis;Detailed;Proof,False,multiline:3
57314,kernelIsoOfEq_hom_comp_,theorem kernelIsoOfEq_hom_comp_ι {f g : X ⟶ Y} [HasKernel f] [HasKernel g] (h : f = g) : (kernelIsoOfEq h).hom ≫ kernel.ι g = kernel.ι f,3,"### Understanding the Problem

First, I need to understand the Lean 4 theorem statement and the goal.

**Given:**
1. `f` and `g` are functions from `X` to `Y`.
2. `f` and `g` have kernels (i.e., they are linear maps over",1.69,unconstrained,### Understanding the Problem,parse_fail,"No terminal matches '#' in the current parser context, at line 1 col 1",<punct>,True,Problem;Understanding,False,multiline:5
57314,kernelIsoOfEq_hom_comp_,theorem kernelIsoOfEq_hom_comp_ι {f g : X ⟶ Y} [HasKernel f] [HasKernel g] (h : f = g) : (kernelIsoOfEq h).hom ≫ kernel.ι g = kernel.ι f,4,"### Lean 4 Proof with `have` Statements

```lean
theorem kernelIsoOfEq_hom_comp_ι {f g : X ⟶ Y} [HasKernel f] [HasKernel g] (h : f = g) : (kernelIsoOfEq h).hom ≫ kernel.ι g",1.68,unconstrained,### Lean 4 Proof with `have` Statements,parse_fail,"No terminal matches '#' in the current parser context, at line 1 col 1",<punct>,True,Lean;Proof;Statements,False,multiline:3
57314,kernelIsoOfEq_hom_comp_,theorem kernelIsoOfEq_hom_comp_ι {f g : X ⟶ Y} [HasKernel f] [HasKernel g] (h : f = g) : (kernelIsoOfEq h).hom ≫ kernel.ι g = kernel.ι f,5,"### Lean 4 Proof Step

```lean
theorem kernelIsoOfEq_hom_comp_ι {f g : X ⟶ Y} [HasKernel f] [HasKernel g] (h : f = g) : (kernelIsoOfEq h).hom ≫ kernel.ι g = kernel.ι",1.68,unconstrained,### Lean 4 Proof Step,parse_fail,"No terminal matches '#' in the current parser context, at line 1 col 1",<punct>,True,Lean;Proof;Step,False,multiline:3
57314,kernelIsoOfEq_hom_comp_,theorem kernelIsoOfEq_hom_comp_ι {f g : X ⟶ Y} [HasKernel f] [HasKernel g] (h : f = g) : (kernelIsoOfEq h).hom ≫ kernel.ι g = kernel.ι f,6,"### Detailed Proof and Analysis

First, let's carefully understand the problem. We are given:
1. Two functions `f, g : X ⟶ Y` (with `X` and `Y` being types, but not necessarily sets or vector spaces).
2. The assumptions `HasKernel f` and `",1.68,unconstrained,### Detailed Proof and Analysis,parse_fail,"No terminal matches '#' in the current parser context, at line 1 col 1",<punct>,True,Analysis;Detailed;Proof,False,multiline:4
57314,kernelIsoOfEq_hom_comp_,theorem kernelIsoOfEq_hom_comp_ι {f g : X ⟶ Y} [HasKernel f] [HasKernel g] (h : f = g) : (kernelIsoOfEq h).hom ≫ kernel.ι g = kernel.ι f,7,"### Step 1: Understand the Problem
We are given two functions `f, g : X ⟶ Y` with the properties that `f` and `g` have kernels (i.e., `HasKernel f` and `HasKernel g` are instances). We are also given that `f = g",1.68,unconstrained,### Step 1: Understand the Problem,parse_fail,"No terminal matches '#' in the current parser context, at line 1 col 1",<punct>,True,Problem;Step;Understand,False,multiline:2
60990,unop_comp,theorem unop_comp {X Y Z : Cᵒᵖ} {f : X ⟶ Y} {g : Y ⟶ Z} : (f ≫ g).unop = g.unop ≫ f.unop,0,"### Proof Step

```lean
theorem unop_comp {X Y Z : Cᵒᵖ} {f : X ⟶ Y} {g : Y ⟶ Z} : (f ≫ g).unop = g.unop ≫ f.unop
by
  simp [funext, Pi",1.68,unconstrained,### Proof Step,parse_fail,"No terminal matches '#' in the current parser context, at line 1 col 1",<punct>,True,Proof;Step,False,multiline:5
60990,unop_comp,theorem unop_comp {X Y Z : Cᵒᵖ} {f : X ⟶ Y} {g : Y ⟶ Z} : (f ≫ g).unop = g.unop ≫ f.unop,1,"### Lean 4 Proof

```lean
theorem unop_comp {X Y Z : Cᵒᵖ} {f : X ⟶ Y} {g : Y ⟶ Z} : (f ≫ g).unop = g.unop ≫ f.unop
by
  rw [← Function",1.68,unconstrained,### Lean 4 Proof,parse_fail,"No terminal matches '#' in the current parser context, at line 1 col 1",<punct>,True,Lean;Proof,False,multiline:5
60990,unop_comp,theorem unop_comp {X Y Z : Cᵒᵖ} {f : X ⟶ Y} {g : Y ⟶ Z} : (f ≫ g).unop = g.unop ≫ f.unop,2,"### Step 1: Understand the Theorem

First, we need to understand what the theorem is stating. The theorem is about the composition of two morphisms `f : X ⟶ Y` and `g : Y ⟶ Z` in the opposite category `Cᵒᵖ`. The notation `f ≫",1.68,unconstrained,### Step 1: Understand the Theorem,parse_fail,"No terminal matches '#' in the current parser context, at line 1 col 1",<punct>,True,Step;Theorem;Understand,False,multiline:2
60990,unop_comp,theorem unop_comp {X Y Z : Cᵒᵖ} {f : X ⟶ Y} {g : Y ⟶ Z} : (f ≫ g).unop = g.unop ≫ f.unop,3,"### Lean 4 Proof with `have` Statements

```lean
theorem unop_comp {X Y Z : Cᵒᵖ} {f : X ⟶ Y} {g : Y ⟶ Z} : (f ≫ g).unop = g.unop ≫ f.unop := by
",1.68,unconstrained,### Lean 4 Proof with `have` Statements,parse_fail,"No terminal matches '#' in the current parser context, at line 1 col 1",<punct>,True,Lean;Proof;Statements,False,multiline:3
60990,unop_comp,theorem unop_comp {X Y Z : Cᵒᵖ} {f : X ⟶ Y} {g : Y ⟶ Z} : (f ≫ g).unop = g.unop ≫ f.unop,4,"### Detailed Proof

**Problem Analysis:**
We need to prove that the opposite of the composition of two functions `f` and `g` is the composition of the opposites of `g` and `f`. In other words, we must show that `(f ≫ g).unop = g.unop",1.68,unconstrained,### Detailed Proof,parse_fail,"No terminal matches '#' in the current parser context, at line 1 col 1",<punct>,True,Detailed;Proof,False,multiline:3
60990,unop_comp,theorem unop_comp {X Y Z : Cᵒᵖ} {f : X ⟶ Y} {g : Y ⟶ Z} : (f ≫ g).unop = g.unop ≫ f.unop,5,"### Lean 4 Proof with `have` Statements

```lean
theorem unop_comp {X Y Z : Cᵒᵖ} {f : X ⟶ Y} {g : Y ⟶ Z} : (f ≫ g).unop = g.unop ≫ f.unop := by
",1.69,unconstrained,### Lean 4 Proof with `have` Statements,parse_fail,"No terminal matches '#' in the current parser context, at line 1 col 1",<punct>,True,Lean;Proof;Statements,False,multiline:3
60990,unop_comp,theorem unop_comp {X Y Z : Cᵒᵖ} {f : X ⟶ Y} {g : Y ⟶ Z} : (f ≫ g).unop = g.unop ≫ f.unop,6,"### Detailed Proof and Analysis

First, we need to understand the problem and the definitions involved.

#### Understanding the Problem

1. **Types and Definitions**:
   - `X`, `Y`, `Z` are `Cᵒᵖ`, i.e., they are the opposite of a type `C`. This is",1.69,unconstrained,### Detailed Proof and Analysis,parse_fail,"No terminal matches '#' in the current parser context, at line 1 col 1",<punct>,True,Analysis;Detailed;Proof,False,multiline:5
60990,unop_comp,theorem unop_comp {X Y Z : Cᵒᵖ} {f : X ⟶ Y} {g : Y ⟶ Z} : (f ≫ g).unop = g.unop ≫ f.unop,7,"### Detailed Proof

**Problem Analysis:**
We need to prove that the unop (i.e., the inverse of the composition) of the composition `f ≫ g` is the composition of the unops in reverse order, i.e., `(f ≫ g).unop = g.unop ≫",1.68,unconstrained,### Detailed Proof,parse_fail,"No terminal matches '#' in the current parser context, at line 1 col 1",<punct>,True,Detailed;Proof,False,multiline:3
132475,image_mulSingle_Ioo_right,theorem image_mulSingle_Ioo_right (i : ι) (b : α i) : Pi.mulSingle i '' Ioo 1 b = Ioo 1 (Pi.mulSingle i b),0,"### Detailed Proof and Analysis

**Problem Analysis:**
We are working with a product space `Π i : ι, α i` (indexed by `ι`), where each `α i` is some type (here, `α i` is `ℕ` or similar, as `Ioo 1",1.69,unconstrained,### Detailed Proof and Analysis,parse_fail,"No terminal matches '#' in the current parser context, at line 1 col 1",<punct>,True,Analysis;Detailed;Proof,False,multiline:3
132475,image_mulSingle_Ioo_right,theorem image_mulSingle_Ioo_right (i : ι) (b : α i) : Pi.mulSingle i '' Ioo 1 b = Ioo 1 (Pi.mulSingle i b),1,"### Step 1: Understand the Theorem

First, let's understand what the theorem is saying. We have a family of types `α i` indexed by `i : ι`, and `b : α i` is an element of the type `α i` at index `i`. The theorem states",1.68,unconstrained,### Step 1: Understand the Theorem,parse_fail,"No terminal matches '#' in the current parser context, at line 1 col 1",<punct>,True,Step;Theorem;Understand,False,multiline:2
132475,image_mulSingle_Ioo_right,theorem image_mulSingle_Ioo_right (i : ι) (b : α i) : Pi.mulSingle i '' Ioo 1 b = Ioo 1 (Pi.mulSingle i b),2,"### Detailed Proof and Analysis

First, recall that the statement is:
```lean
theorem image_mulSingle_Ioo_right (i : ι) (b : α i) : Pi.mulSingle i '' Ioo 1 b = Ioo 1 (Pi.mulSingle i b)
```

Here, `",1.68,unconstrained,### Detailed Proof and Analysis,parse_fail,"No terminal matches '#' in the current parser context, at line 1 col 1",<punct>,True,Analysis;Detailed;Proof,False,multiline:6
132475,image_mulSingle_Ioo_right,theorem image_mulSingle_Ioo_right (i : ι) (b : α i) : Pi.mulSingle i '' Ioo 1 b = Ioo 1 (Pi.mulSingle i b),3,"### Detailed Proof and Analysis

**Problem Analysis:**
We are working with a family of types `α i` indexed by `i : ι`, and we are given an element `b : α i` for some fixed `i`. The goal is to prove that the image of the open interval `(1,",1.68,unconstrained,### Detailed Proof and Analysis,parse_fail,"No terminal matches '#' in the current parser context, at line 1 col 1",<punct>,True,Analysis;Detailed;Proof,False,multiline:3
132475,image_mulSingle_Ioo_right,theorem image_mulSingle_Ioo_right (i : ι) (b : α i) : Pi.mulSingle i '' Ioo 1 b = Ioo 1 (Pi.mulSingle i b),4,"### Detailed Proof and Analysis

First, let's understand the theorem statement. We are dealing with a product type `α : ι → Type` and a function `b : α i` for some fixed `i : ι`. The theorem states that the image of the set `Ioo 1 b`",1.69,unconstrained,### Detailed Proof and Analysis,parse_fail,"No terminal matches '#' in the current parser context, at line 1 col 1",<punct>,True,Analysis;Detailed;Proof,False,multiline:2
132475,image_mulSingle_Ioo_right,theorem image_mulSingle_Ioo_right (i : ι) (b : α i) : Pi.mulSingle i '' Ioo 1 b = Ioo 1 (Pi.mulSingle i b),5,"### Lean 4 Proof with `have` Statements

```lean
theorem image_mulSingle_Ioo_right (i : ι) (b : α i) : Pi.mulSingle i '' Ioo 1 b = Ioo 1 (Pi.mulSingle i b)
by
  have h_main : Pi",1.69,unconstrained,### Lean 4 Proof with `have` Statements,parse_fail,"No terminal matches '#' in the current parser context, at line 1 col 1",<punct>,True,Lean;Proof;Statements,False,multiline:5
132475,image_mulSingle_Ioo_right,theorem image_mulSingle_Ioo_right (i : ι) (b : α i) : Pi.mulSingle i '' Ioo 1 b = Ioo 1 (Pi.mulSingle i b),6,"### Understanding the Problem

First, let's understand what the theorem is saying. We have a function `Pi.mulSingle i b` which is likely the multiplication of `b` with the `i`-th coordinate of some product space (or something similar). The set `Ioo 1 b` is the",1.68,unconstrained,### Understanding the Problem,parse_fail,"No terminal matches '#' in the current parser context, at line 1 col 1",<punct>,True,Problem;Understanding,False,multiline:2
132475,image_mulSingle_Ioo_right,theorem image_mulSingle_Ioo_right (i : ι) (b : α i) : Pi.mulSingle i '' Ioo 1 b = Ioo 1 (Pi.mulSingle i b),7,"### Understanding the Problem

First, we need to understand what the theorem is stating. 

The theorem is about the image of the set `Ioo 1 b` under the function `Pi.mulSingle i`. Here, `i` is an element of some index type `ι`, and `b` is an",1.67,unconstrained,### Understanding the Problem,parse_fail,"No terminal matches '#' in the current parser context, at line 1 col 1",<punct>,True,Problem;Understanding,False,multiline:3
157815,t1Space_iff,theorem t1Space_iff : T1Space (G ⧸ N) ↔ IsClosed (N : Set G),0,"### Proof

**Problem Analysis:**
We need to prove that `T1Space (G ⧸ N)` is equivalent to `IsClosed (N : Set G)`. 

First, recall that:
1. `G ⧸ N` is the quotient group of `G` by the normal subgroup",1.67,unconstrained,### Proof,parse_fail,"No terminal matches '#' in the current parser context, at line 1 col 1",<punct>,True,Proof,False,multiline:5
157815,t1Space_iff,theorem t1Space_iff : T1Space (G ⧸ N) ↔ IsClosed (N : Set G),1,"### Step 1: Understand the Problem

We need to prove that `G ⧸ N` is a `T1Space` if and only if `N` is a closed set in `G`. 

1. **Definitions and Context**:
   - `G` is a topological group.
  ",1.67,unconstrained,### Step 1: Understand the Problem,parse_fail,"No terminal matches '#' in the current parser context, at line 1 col 1",<punct>,True,Problem;Step;Understand,False,multiline:4
157815,t1Space_iff,theorem t1Space_iff : T1Space (G ⧸ N) ↔ IsClosed (N : Set G),2,"### Step 1: Understand the Statement

First, we need to understand what the statement is saying. The theorem is about the equivalence of two conditions in the context of a group `G` and a subgroup `N` of `G`:

1. `T1Space (G ⧸ N)`:",1.67,unconstrained,### Step 1: Understand the Statement,parse_fail,"No terminal matches '#' in the current parser context, at line 1 col 1",<punct>,True,Step;Understand,False,multiline:3
157815,t1Space_iff,theorem t1Space_iff : T1Space (G ⧸ N) ↔ IsClosed (N : Set G),3,"### Detailed Proof and Analysis

**Problem Analysis:**
The problem is to prove that for a topological group `G` and a normal subgroup `N` of `G`, the quotient space `G / N` is a `T1` space if and only if `N` is a closed set in `",1.67,unconstrained,### Detailed Proof and Analysis,parse_fail,"No terminal matches '#' in the current parser context, at line 1 col 1",<punct>,True,Analysis;Detailed;Proof,False,multiline:3
157815,t1Space_iff,theorem t1Space_iff : T1Space (G ⧸ N) ↔ IsClosed (N : Set G),4,"### Step 1: Understand the Problem
The theorem states that for a topological group `G` and a subset `N` of `G`, the quotient space `G ⧸ N` is a `T1` space if and only if `N` is a closed subset of `G`. 

",1.67,unconstrained,### Step 1: Understand the Problem,parse_fail,"No terminal matches '#' in the current parser context, at line 1 col 1",<punct>,True,Problem;Step;Understand,False,multiline:2
157815,t1Space_iff,theorem t1Space_iff : T1Space (G ⧸ N) ↔ IsClosed (N : Set G),5,"### Step 1: Understand the Theorem Statement

The theorem `t1Space_iff` states that for a topological group `G` and a subset `N` of `G`, the quotient space `G / N` is a `T1` space if and only if `N` is a closed",1.67,unconstrained,### Step 1: Understand the Theorem Statement,parse_fail,"No terminal matches '#' in the current parser context, at line 1 col 1",<punct>,True,Step;Theorem;Understand,False,multiline:2
157815,t1Space_iff,theorem t1Space_iff : T1Space (G ⧸ N) ↔ IsClosed (N : Set G),6,"### Detailed Analysis and Proof Sketch

**Problem Analysis:**
The statement to prove is `T1Space (G ⧸ N) ↔ IsClosed (N : Set G)`, where `G` is a group and `N` is a normal subgroup of `G`. 

However, there are several issues",1.67,unconstrained,### Detailed Analysis and Proof Sketch,parse_fail,"No terminal matches '#' in the current parser context, at line 1 col 1",<punct>,True,Analysis;Detailed;Proof;Sketch,False,multiline:4
157815,t1Space_iff,theorem t1Space_iff : T1Space (G ⧸ N) ↔ IsClosed (N : Set G),7,"### Abstract Plan

1. **Understand the Statement**:
   - The theorem relates the `T1Space` property of the quotient group `G ⧸ N` to the closedness of `N` in `G`.
   - In Lean, `T1Space (G ⧸ N)`",1.68,unconstrained,### Abstract Plan,parse_fail,"No terminal matches '#' in the current parser context, at line 1 col 1",<punct>,True,Abstract;Plan,False,multiline:4
6956,prod_comp_prodMap,theorem prod_comp_prodMap (f : P →ₙ* M) (g : P →ₙ* N) (f' : M →ₙ* M') (g' : N →ₙ* N') : (f'.prodMap g').comp (f.prod g) = (f'.comp f).prod (g'.comp g),0,"### Lean 4 Proof Sketch with `have` Statements

```lean4
theorem prod_comp_prodMap (f : P →ₙ* M) (g : P →ₙ* N) (f' : M →ₙ* M') (g' : N →ₙ* N') :",1.69,unconstrained,### Lean 4 Proof Sketch with `have` Statements,parse_fail,"No terminal matches '#' in the current parser context, at line 1 col 1",<punct>,True,Lean;Proof;Sketch;Statements,False,multiline:3
6956,prod_comp_prodMap,theorem prod_comp_prodMap (f : P →ₙ* M) (g : P →ₙ* N) (f' : M →ₙ* M') (g' : N →ₙ* N') : (f'.prodMap g').comp (f.prod g) = (f'.comp f).prod (g'.comp g),1,"### Step 1: Understand the Problem

The theorem states that for continuous maps `f : P →ₙ* M`, `g : P →ₙ* N`, `f' : M →ₙ* M'`, and `g' : N →ₙ* N'` (where `",1.69,unconstrained,### Step 1: Understand the Problem,parse_fail,"No terminal matches '#' in the current parser context, at line 1 col 1",<punct>,True,Problem;Step;Understand,False,multiline:2
6956,prod_comp_prodMap,theorem prod_comp_prodMap (f : P →ₙ* M) (g : P →ₙ* N) (f' : M →ₙ* M') (g' : N →ₙ* N') : (f'.prodMap g').comp (f.prod g) = (f'.comp f).prod (g'.comp g),2,"### Step 1: Understand the Problem
We are given two pairs of functions:
1. `f : P →ₙ* M` and `g : P →ₙ* N`, and
2. `f' : M →ₙ* M'` and `g' : N →",1.69,unconstrained,### Step 1: Understand the Problem,parse_fail,"No terminal matches '#' in the current parser context, at line 1 col 1",<punct>,True,Problem;Step;Understand,False,multiline:4
6956,prod_comp_prodMap,theorem prod_comp_prodMap (f : P →ₙ* M) (g : P →ₙ* N) (f' : M →ₙ* M') (g' : N →ₙ* N') : (f'.prodMap g').comp (f.prod g) = (f'.comp f).prod (g'.comp g),3,"### Detailed Proof and Analysis

First, let's understand the problem correctly. We have:
- `f : P →ₙ* M` (a function from `P` to `M`),
- `g : P →ₙ* N` (a function from `P` to `N`),
- `",1.68,unconstrained,### Detailed Proof and Analysis,parse_fail,"No terminal matches '#' in the current parser context, at line 1 col 1",<punct>,True,Analysis;Detailed;Proof,False,multiline:5
6956,prod_comp_prodMap,theorem prod_comp_prodMap (f : P →ₙ* M) (g : P →ₙ* N) (f' : M →ₙ* M') (g' : N →ₙ* N') : (f'.prodMap g').comp (f.prod g) = (f'.comp f).prod (g'.comp g),4,"### Lean 4 Proof

```lean
theorem prod_comp_prodMap (f : P →ₙ* M) (g : P →ₙ* N) (f' : M →ₙ* M') (g' : N →ₙ* N') : (f'.prodMap g').",1.69,unconstrained,### Lean 4 Proof,parse_fail,"No terminal matches '#' in the current parser context, at line 1 col 1",<punct>,True,Lean;Proof,False,multiline:3
6956,prod_comp_prodMap,theorem prod_comp_prodMap (f : P →ₙ* M) (g : P →ₙ* N) (f' : M →ₙ* M') (g' : N →ₙ* N') : (f'.prodMap g').comp (f.prod g) = (f'.comp f).prod (g'.comp g),5,"### Detailed Proof

#### Problem Analysis
We need to prove that the composition of two product maps is the product of the compositions, i.e.,
\[ (f' \times g').(f \times g) = (f' \circ f) \times (g' \circ g) \]
where \(",1.68,unconstrained,### Detailed Proof,parse_fail,"No terminal matches '#' in the current parser context, at line 1 col 1",<punct>,True,Detailed;Proof,False,multiline:5
6956,prod_comp_prodMap,theorem prod_comp_prodMap (f : P →ₙ* M) (g : P →ₙ* N) (f' : M →ₙ* M') (g' : N →ₙ* N') : (f'.prodMap g').comp (f.prod g) = (f'.comp f).prod (g'.comp g),6,"### Step 1: Understand the Problem
We are working with `Prod` instances in Lean 4, specifically with `Prod.map` and `Prod.comp`. The statement involves functions between products of types and their composition. The goal is to prove that the composition of the product of `f'` and `g",1.69,unconstrained,### Step 1: Understand the Problem,parse_fail,"No terminal matches '#' in the current parser context, at line 1 col 1",<punct>,True,Problem;Step;Understand,False,multiline:2
6956,prod_comp_prodMap,theorem prod_comp_prodMap (f : P →ₙ* M) (g : P →ₙ* N) (f' : M →ₙ* M') (g' : N →ₙ* N') : (f'.prodMap g').comp (f.prod g) = (f'.comp f).prod (g'.comp g),7,"### Lean 4 Proof with `have` Statements

```lean
theorem prod_comp_prodMap (f : P →ₙ* M) (g : P →ₙ* N) (f' : M →ₙ* M') (g' : N →ₙ* N') : (f",1.68,unconstrained,### Lean 4 Proof with `have` Statements,parse_fail,"No terminal matches '#' in the current parser context, at line 1 col 1",<punct>,True,Lean;Proof;Statements,False,multiline:3
147127,isHomogeneous_one,theorem isHomogeneous_one : IsHomogeneous (1 : MvPolynomial σ R) 0,0,"### Step 1: Understand the Problem

We are to prove that the constant polynomial `1` in the ring of multivariate polynomials `MvPolynomial σ R` is homogeneous of degree `0`. 

The statement is that `IsHomogeneous (1 : MvPolynomial σ R) 0",1.69,unconstrained,### Step 1: Understand the Problem,parse_fail,"No terminal matches '#' in the current parser context, at line 1 col 1",<punct>,True,Problem;Step;Understand,False,multiline:3
147127,isHomogeneous_one,theorem isHomogeneous_one : IsHomogeneous (1 : MvPolynomial σ R) 0,1,"### Detailed Proof

**Problem Analysis:**
We need to prove that the constant polynomial `1 : MvPolynomial σ R` is homogeneous of degree `0`. 

In the context of multivariate polynomials (`MvPolynomial`), a polynomial `p` is homogeneous of degree `d` if all",1.68,unconstrained,### Detailed Proof,parse_fail,"No terminal matches '#' in the current parser context, at line 1 col 1",<punct>,True,Detailed;Proof,False,multiline:4
147127,isHomogeneous_one,theorem isHomogeneous_one : IsHomogeneous (1 : MvPolynomial σ R) 0,2,"### Step 1: Understand the Theorem
The theorem states that the constant polynomial `1` in the ring of multivariate polynomials `MvPolynomial σ R` is homogeneous of degree `0`. 

Recall that a polynomial is homogeneous of degree `d` if all its monomials have degree",1.68,unconstrained,### Step 1: Understand the Theorem,parse_fail,"No terminal matches '#' in the current parser context, at line 1 col 1",<punct>,True,Step;Theorem;Understand,False,multiline:3
147127,isHomogeneous_one,theorem isHomogeneous_one : IsHomogeneous (1 : MvPolynomial σ R) 0,3,"### Step 1: Understand the Problem

First, we need to understand what `IsHomogeneous (1 : MvPolynomial σ R) 0` means. 

In Lean's `Mathlib`, `IsHomogeneous p d` means that `p` is a homogeneous polynomial of degree `d`.",1.68,unconstrained,### Step 1: Understand the Problem,parse_fail,"No terminal matches '#' in the current parser context, at line 1 col 1",<punct>,True,Problem;Step;Understand,False,multiline:3
147127,isHomogeneous_one,theorem isHomogeneous_one : IsHomogeneous (1 : MvPolynomial σ R) 0,4,"### Step 1: Understand the Problem
The theorem states that the constant polynomial `1` in the polynomial ring `MvPolynomial σ R` is homogeneous of degree `0`. 

In Lean, `MvPolynomial σ R` is the type of multivariate polynomials with coefficients in `R`",1.68,unconstrained,### Step 1: Understand the Problem,parse_fail,"No terminal matches '#' in the current parser context, at line 1 col 1",<punct>,True,Problem;Step;Understand,False,multiline:3
147127,isHomogeneous_one,theorem isHomogeneous_one : IsHomogeneous (1 : MvPolynomial σ R) 0,5,"### Abstract Proof

**Problem Analysis:**
We need to prove that the polynomial `1` is homogeneous of degree `0` in the ring `MvPolynomial σ R`. 

Recall that a polynomial `f` is homogeneous of degree `d` if for every monomial `m` in `f",1.68,unconstrained,### Abstract Proof,parse_fail,"No terminal matches '#' in the current parser context, at line 1 col 1",<punct>,True,Abstract;Proof,False,multiline:4
147127,isHomogeneous_one,theorem isHomogeneous_one : IsHomogeneous (1 : MvPolynomial σ R) 0,6,"### Proof and Analysis

**Problem Analysis:**
We need to prove that the constant polynomial `1` in the ring of multivariate polynomials `MvPolynomial σ R` is homogeneous of degree `0`. 

Recall that a polynomial `f` is homogeneous of degree `d` if all monom",1.68,unconstrained,### Proof and Analysis,parse_fail,"No terminal matches '#' in the current parser context, at line 1 col 1",<punct>,True,Analysis;Proof,False,multiline:4
147127,isHomogeneous_one,theorem isHomogeneous_one : IsHomogeneous (1 : MvPolynomial σ R) 0,7,"### Lean 4 Proof

```lean
theorem isHomogeneous_one : IsHomogeneous (1 : MvPolynomial σ R) 0
by
  apply IsHomogeneous.monic
  <;> simp [Monic]
  <;> aesop
```

### Explanation

1.",1.68,unconstrained,### Lean 4 Proof,parse_fail,"No terminal matches '#' in the current parser context, at line 1 col 1",<punct>,True,Lean;Proof,False,multiline:10
52124,geom_series_mul_one_add,"theorem geom_series_mul_one_add (x : R) (h : ‖x‖ < 1) : (1 + x) * ∑' i : ℕ, x ^ i = 2 * ∑' i : ℕ, x ^ i - 1",0,"### Detailed Proof and Analysis

**Problem Analysis:**
We are to prove that for a real number `x` with `‖x‖ < 1`, the following identity holds:
`(1 + x) * ∑' i : ℕ, x ^ i = 2 * ∑' i : ℕ,",1.68,unconstrained,### Detailed Proof and Analysis,parse_fail,"No terminal matches '#' in the current parser context, at line 1 col 1",<punct>,True,Analysis;Detailed;Proof,False,multiline:4
52124,geom_series_mul_one_add,"theorem geom_series_mul_one_add (x : R) (h : ‖x‖ < 1) : (1 + x) * ∑' i : ℕ, x ^ i = 2 * ∑' i : ℕ, x ^ i - 1",1,"### Step-by-Step Abstract Plan

#### 1. Understand the Problem

We need to prove the identity:
\[ (1 + x) \cdot \sum_{i=0}^\infty x^i = 2 \cdot \sum_{i=0}^\infty x^i - ",1.68,unconstrained,### Step-by-Step Abstract Plan,parse_fail,"No terminal matches '#' in the current parser context, at line 1 col 1",<punct>,True,Abstract;Plan;Step,False,multiline:4
52124,geom_series_mul_one_add,"theorem geom_series_mul_one_add (x : R) (h : ‖x‖ < 1) : (1 + x) * ∑' i : ℕ, x ^ i = 2 * ∑' i : ℕ, x ^ i - 1",2,"### Detailed Proof and Analysis

**Problem Analysis:**
We are to prove the identity:
\[ (1 + x) \cdot \sum_{i=0}^\infty x^i = 2 \cdot \sum_{i=0}^\infty x^i - 1 \]
under the",1.68,unconstrained,### Detailed Proof and Analysis,parse_fail,"No terminal matches '#' in the current parser context, at line 1 col 1",<punct>,True,Analysis;Detailed;Proof,False,multiline:5
52124,geom_series_mul_one_add,"theorem geom_series_mul_one_add (x : R) (h : ‖x‖ < 1) : (1 + x) * ∑' i : ℕ, x ^ i = 2 * ∑' i : ℕ, x ^ i - 1",3,"### Detailed Proof and Analysis

We need to prove that `(1 + x) * ∑' i : ℕ, x ^ i = 2 * ∑' i : ℕ, x ^ i - 1` under the assumption that `‖x‖ < 1`. 

First, recall that the geometric",1.68,unconstrained,### Detailed Proof and Analysis,parse_fail,"No terminal matches '#' in the current parser context, at line 1 col 1",<punct>,True,Analysis;Detailed;Proof,False,multiline:3
52124,geom_series_mul_one_add,"theorem geom_series_mul_one_add (x : R) (h : ‖x‖ < 1) : (1 + x) * ∑' i : ℕ, x ^ i = 2 * ∑' i : ℕ, x ^ i - 1",4,"### Detailed Proof and Analysis

First, let's understand the problem. We have a real number `x` such that the norm of `x` (which is just the absolute value since `R` is a real normed field) is less than 1. We are to prove that:

`(1 + x",1.68,unconstrained,### Detailed Proof and Analysis,parse_fail,"No terminal matches '#' in the current parser context, at line 1 col 1",<punct>,True,Analysis;Detailed;Proof,False,multiline:3
52124,geom_series_mul_one_add,"theorem geom_series_mul_one_add (x : R) (h : ‖x‖ < 1) : (1 + x) * ∑' i : ℕ, x ^ i = 2 * ∑' i : ℕ, x ^ i - 1",5,"### Lean 4 Proof with `have` Statements

```lean
theorem geom_series_mul_one_add (x : R) (h : ‖x‖ < 1) : (1 + x) * ∑' i : ℕ, x ^ i = 2 * ∑' i : ℕ,",1.69,unconstrained,### Lean 4 Proof with `have` Statements,parse_fail,"No terminal matches '#' in the current parser context, at line 1 col 1",<punct>,True,Lean;Proof;Statements,False,multiline:3
52124,geom_series_mul_one_add,"theorem geom_series_mul_one_add (x : R) (h : ‖x‖ < 1) : (1 + x) * ∑' i : ℕ, x ^ i = 2 * ∑' i : ℕ, x ^ i - 1",6,"### Detailed Proof and Analysis

#### Problem Analysis
We need to prove that for any real number \( x \) with \( \|x\| < 1 \), the following identity holds:
\[
(1 + x) \cdot \sum_{i=0}^\infty x^i = 2",1.68,unconstrained,### Detailed Proof and Analysis,parse_fail,"No terminal matches '#' in the current parser context, at line 1 col 1",<punct>,True,Analysis;Detailed;Proof,False,multiline:5
52124,geom_series_mul_one_add,"theorem geom_series_mul_one_add (x : R) (h : ‖x‖ < 1) : (1 + x) * ∑' i : ℕ, x ^ i = 2 * ∑' i : ℕ, x ^ i - 1",7,"### Step 1: Understand the Problem

The problem is to prove that for any real number `x` with `|x| < 1`, the following holds:
\[ (1 + x) \cdot \sum_{i=0}^\infty x^i = 2 \cdot \sum_{",1.68,unconstrained,### Step 1: Understand the Problem,parse_fail,"No terminal matches '#' in the current parser context, at line 1 col 1",<punct>,True,Problem;Step;Understand,False,multiline:3
170363,UpperSemicontinuousAt,theorem UpperSemicontinuousAt.add {f g : α → γ} (hf : UpperSemicontinuousAt f x) (hg : UpperSemicontinuousAt g x) : UpperSemicontinuousAt (fun z => f z + g z) x,0,"### Step 1: Understand the Problem

We are given two functions `f, g : α → γ` and a point `x : α` such that:
1. `f` is upper semicontinuous at `x`.
2. `g` is upper semicontinuous at `x`.

",1.69,unconstrained,### Step 1: Understand the Problem,parse_fail,"No terminal matches '#' in the current parser context, at line 1 col 1",<punct>,True,Problem;Step;Understand,False,multiline:4
170363,UpperSemicontinuousAt,theorem UpperSemicontinuousAt.add {f g : α → γ} (hf : UpperSemicontinuousAt f x) (hg : UpperSemicontinuousAt g x) : UpperSemicontinuousAt (fun z => f z + g z) x,1,"### Lean 4 Proof with `have` Statements

```lean
theorem UpperSemicontinuousAt.add {f g : α → γ} (hf : UpperSemicontinuousAt f x) (hg : UpperSemicontinuousAt g x) : UpperSemicontinuous",1.69,unconstrained,### Lean 4 Proof with `have` Statements,parse_fail,"No terminal matches '#' in the current parser context, at line 1 col 1",<punct>,True,Lean;Proof;Statements,False,multiline:3
170363,UpperSemicontinuousAt,theorem UpperSemicontinuousAt.add {f g : α → γ} (hf : UpperSemicontinuousAt f x) (hg : UpperSemicontinuousAt g x) : UpperSemicontinuousAt (fun z => f z + g z) x,2,"### Step 1: Understand the Problem

We need to prove that if `f` and `g` are upper semicontinuous at `x`, then their sum `f + g` is also upper semicontinuous at `x`. 

In Lean, `UpperSemicontinuousAt f",1.69,unconstrained,### Step 1: Understand the Problem,parse_fail,"No terminal matches '#' in the current parser context, at line 1 col 1",<punct>,True,Problem;Step;Understand,False,multiline:3
170363,UpperSemicontinuousAt,theorem UpperSemicontinuousAt.add {f g : α → γ} (hf : UpperSemicontinuousAt f x) (hg : UpperSemicontinuousAt g x) : UpperSemicontinuousAt (fun z => f z + g z) x,3,"### Detailed Proof

#### Problem Analysis
We need to prove that the sum of two upper semicontinuous functions is upper semicontinuous at a point `x`. 

Recall the definitions:
1. A function `f : α → γ` is **upper semicontinuous at `x`**",1.68,unconstrained,### Detailed Proof,parse_fail,"No terminal matches '#' in the current parser context, at line 1 col 1",<punct>,True,Detailed;Proof,False,multiline:5
170363,UpperSemicontinuousAt,theorem UpperSemicontinuousAt.add {f g : α → γ} (hf : UpperSemicontinuousAt f x) (hg : UpperSemicontinuousAt g x) : UpperSemicontinuousAt (fun z => f z + g z) x,4,"### Abstract Proof Plan

1. **Understand the Definitions**:
   - **Upper Semicontinuous at `x`**: A function `f : α → γ` is upper semicontinuous at `x` if for every neighborhood `V` of `f(x)`, there exists a neighborhood",1.68,unconstrained,### Abstract Proof Plan,parse_fail,"No terminal matches '#' in the current parser context, at line 1 col 1",<punct>,True,Abstract;Plan;Proof,False,multiline:3
170363,UpperSemicontinuousAt,theorem UpperSemicontinuousAt.add {f g : α → γ} (hf : UpperSemicontinuousAt f x) (hg : UpperSemicontinuousAt g x) : UpperSemicontinuousAt (fun z => f z + g z) x,5,"### Lean 4 Proof with `have` Statements

```lean
theorem UpperSemicontinuousAt.add {f g : α → γ} (hf : UpperSemicontinuousAt f x) (hg : UpperSemicontinuousAt g x) : UpperSemicontinuous",1.68,unconstrained,### Lean 4 Proof with `have` Statements,parse_fail,"No terminal matches '#' in the current parser context, at line 1 col 1",<punct>,True,Lean;Proof;Statements,False,multiline:3
170363,UpperSemicontinuousAt,theorem UpperSemicontinuousAt.add {f g : α → γ} (hf : UpperSemicontinuousAt f x) (hg : UpperSemicontinuousAt g x) : UpperSemicontinuousAt (fun z => f z + g z) x,6,"### Lean 4 Proof with `have` Statements

```lean4
theorem UpperSemicontinuousAt.add {f g : α → γ} (hf : UpperSemicontinuousAt f x) (hg : UpperSemicontinuousAt g x) : UpperSemicontin",1.68,unconstrained,### Lean 4 Proof with `have` Statements,parse_fail,"No terminal matches '#' in the current parser context, at line 1 col 1",<punct>,True,Lean;Proof;Statements,False,multiline:3
170363,UpperSemicontinuousAt,theorem UpperSemicontinuousAt.add {f g : α → γ} (hf : UpperSemicontinuousAt f x) (hg : UpperSemicontinuousAt g x) : UpperSemicontinuousAt (fun z => f z + g z) x,7,"### Proof

**Theorem**: If `f` and `g` are upper semicontinuous at `x`, then `f + g` is upper semicontinuous at `x`.

**Proof**:
1. **Recall the definition of upper semicontinuity at a point**:
  ",1.68,unconstrained,### Proof,parse_fail,"No terminal matches '#' in the current parser context, at line 1 col 1",<punct>,True,Proof,False,multiline:4
142853,CommRingCat,lemma CommRingCat.finrank_eq_of_isPushout {R S T P : CommRingCat.{u}} {f : R ⟶ S} {g : R ⟶ T} {inl : S ⟶ P} {inr : T ⟶ P} (h : CategoryTheory.IsPushout f g inl inr) (hf : f.hom.Flat) (hfin : f.hom.Finite) (x : PrimeSpectrum T) : inr.hom.finrank x = f.hom.finrank (PrimeSpectrum.comap g.hom x),0,"### Detailed Proof and Analysis

First, we need to understand the theorem statement and the given hypotheses.

#### Understanding the Theorem

The theorem states that in a commutative ring category, if we have two ring homomorphisms `f : R → S` and `g : R → T`, and two",1.7,unconstrained,### Detailed Proof and Analysis,parse_fail,"No terminal matches '#' in the current parser context, at line 1 col 1",<punct>,True,Analysis;Detailed;Proof,False,multiline:4
142853,CommRingCat,lemma CommRingCat.finrank_eq_of_isPushout {R S T P : CommRingCat.{u}} {f : R ⟶ S} {g : R ⟶ T} {inl : S ⟶ P} {inr : T ⟶ P} (h : CategoryTheory.IsPushout f g inl inr) (hf : f.hom.Flat) (hfin : f.hom.Finite) (x : PrimeSpectrum T) : inr.hom.finrank x = f.hom.finrank (PrimeSpectrum.comap g.hom x),1,"### Detailed Proof and Analysis

First, let's understand the problem and the Lean 4 statement.

#### Understanding the Lean 4 Statement

1. **Context**:
   - We have a commutative ring `R`, a commutative ring `S`, a commutative ring `T`, and a",1.69,unconstrained,### Detailed Proof and Analysis,parse_fail,"No terminal matches '#' in the current parser context, at line 1 col 1",<punct>,True,Analysis;Detailed;Proof,False,multiline:5
142853,CommRingCat,lemma CommRingCat.finrank_eq_of_isPushout {R S T P : CommRingCat.{u}} {f : R ⟶ S} {g : R ⟶ T} {inl : S ⟶ P} {inr : T ⟶ P} (h : CategoryTheory.IsPushout f g inl inr) (hf : f.hom.Flat) (hfin : f.hom.Finite) (x : PrimeSpectrum T) : inr.hom.finrank x = f.hom.finrank (PrimeSpectrum.comap g.hom x),2,"### Step 1: Understand the Problem

First, we need to understand what the theorem is saying and what we are trying to prove.

1. **Context**:
   - We are working in a commutative ring category `CommRingCat`.
   - We have rings `R`, `S`, `T",1.69,unconstrained,### Step 1: Understand the Problem,parse_fail,"No terminal matches '#' in the current parser context, at line 1 col 1",<punct>,True,Problem;Step;Understand,False,multiline:5
142853,CommRingCat,lemma CommRingCat.finrank_eq_of_isPushout {R S T P : CommRingCat.{u}} {f : R ⟶ S} {g : R ⟶ T} {inl : S ⟶ P} {inr : T ⟶ P} (h : CategoryTheory.IsPushout f g inl inr) (hf : f.hom.Flat) (hfin : f.hom.Finite) (x : PrimeSpectrum T) : inr.hom.finrank x = f.hom.finrank (PrimeSpectrum.comap g.hom x),3,"### Detailed Analysis and Proof Sketch

First, let's carefully understand the problem and the Lean theorem statement.

1. **Understanding the Lean Theorem Statement**:
   - We have a commutative ring `R` (in the `CommRingCat` universe).
   - We have a pushout of `R",1.68,unconstrained,### Detailed Analysis and Proof Sketch,parse_fail,"No terminal matches '#' in the current parser context, at line 1 col 1",<punct>,True,Analysis;Detailed;Proof;Sketch,False,multiline:5
142853,CommRingCat,lemma CommRingCat.finrank_eq_of_isPushout {R S T P : CommRingCat.{u}} {f : R ⟶ S} {g : R ⟶ T} {inl : S ⟶ P} {inr : T ⟶ P} (h : CategoryTheory.IsPushout f g inl inr) (hf : f.hom.Flat) (hfin : f.hom.Finite) (x : PrimeSpectrum T) : inr.hom.finrank x = f.hom.finrank (PrimeSpectrum.comap g.hom x),4,"### Step 1: Understand the Problem

We are given a Lean 4 theorem statement about `CommRingCat` (the category of commutative rings with unity). The theorem involves:
- Homomorphisms `f : R → S`, `g : R → T`, `inl : S →",1.68,unconstrained,### Step 1: Understand the Problem,parse_fail,"No terminal matches '#' in the current parser context, at line 1 col 1",<punct>,True,Problem;Step;Understand,False,multiline:3
142853,CommRingCat,lemma CommRingCat.finrank_eq_of_isPushout {R S T P : CommRingCat.{u}} {f : R ⟶ S} {g : R ⟶ T} {inl : S ⟶ P} {inr : T ⟶ P} (h : CategoryTheory.IsPushout f g inl inr) (hf : f.hom.Flat) (hfin : f.hom.Finite) (x : PrimeSpectrum T) : inr.hom.finrank x = f.hom.finrank (PrimeSpectrum.comap g.hom x),5,"### Step 1: Understand the Problem

First, I need to understand what the theorem is stating. The theorem is about the finrank (finite rank) of a prime spectrum under certain conditions involving pushouts and flatness. 

The theorem states that in the context of commutative rings (or more generally,",1.68,unconstrained,### Step 1: Understand the Problem,parse_fail,"No terminal matches '#' in the current parser context, at line 1 col 1",<punct>,True,Problem;Step;Understand,False,multiline:3
142853,CommRingCat,lemma CommRingCat.finrank_eq_of_isPushout {R S T P : CommRingCat.{u}} {f : R ⟶ S} {g : R ⟶ T} {inl : S ⟶ P} {inr : T ⟶ P} (h : CategoryTheory.IsPushout f g inl inr) (hf : f.hom.Flat) (hfin : f.hom.Finite) (x : PrimeSpectrum T) : inr.hom.finrank x = f.hom.finrank (PrimeSpectrum.comap g.hom x),6,"### Detailed Proof and Analysis

#### Understanding the Problem
We are working in the context of `CommRingCat`, which is a category of commutative rings. The theorem states that if we have a pushout of the form `R → S` and `R → T` with `S` and `T",1.68,unconstrained,### Detailed Proof and Analysis,parse_fail,"No terminal matches '#' in the current parser context, at line 1 col 1",<punct>,True,Analysis;Detailed;Proof,False,multiline:3
142853,CommRingCat,lemma CommRingCat.finrank_eq_of_isPushout {R S T P : CommRingCat.{u}} {f : R ⟶ S} {g : R ⟶ T} {inl : S ⟶ P} {inr : T ⟶ P} (h : CategoryTheory.IsPushout f g inl inr) (hf : f.hom.Flat) (hfin : f.hom.Finite) (x : PrimeSpectrum T) : inr.hom.finrank x = f.hom.finrank (PrimeSpectrum.comap g.hom x),7,"### Step 1: Understand the Problem

We are working in the context of commutative ring theory, specifically with prime spectra and finrank. The problem states that for a pushout square of commutative rings, the finrank of a prime ideal `x` in `T` is equal to the fin",1.68,unconstrained,### Step 1: Understand the Problem,parse_fail,"No terminal matches '#' in the current parser context, at line 1 col 1",<punct>,True,Problem;Step;Understand,False,multiline:2
109974,tprod_tprod,"theorem tprod_tprod (l : List δ) (μ : ∀ i, Measure (X i)) [∀ i, SigmaFinite (μ i)] (s : ∀ i, Set (X i)) : Measure.tprod l μ (Set.tprod l s) = (l.map fun i => (μ i) (s i)).prod",0,"### Understanding the Problem

First, I need to understand the theorem statement and the context in which it is given. Here's a breakdown:

1. **Types and Assumptions**:
   - `l : List δ` is a list of indices (of type `δ`).
   - `μ : ∀",1.69,unconstrained,### Understanding the Problem,parse_fail,"No terminal matches '#' in the current parser context, at line 1 col 1",<punct>,True,Problem;Understanding,False,multiline:5
109974,tprod_tprod,"theorem tprod_tprod (l : List δ) (μ : ∀ i, Measure (X i)) [∀ i, SigmaFinite (μ i)] (s : ∀ i, Set (X i)) : Measure.tprod l μ (Set.tprod l s) = (l.map fun i => (μ i) (s i)).prod",1,"### Understanding the Problem

First, let's understand the problem. We have:
1. A list `l : List δ` (where `δ` is some type, but it's not important here).
2. A function `μ : ∀ i, Measure (X i)` (for some type `X i",1.69,unconstrained,### Understanding the Problem,parse_fail,"No terminal matches '#' in the current parser context, at line 1 col 1",<punct>,True,Problem;Understanding,False,multiline:4
109974,tprod_tprod,"theorem tprod_tprod (l : List δ) (μ : ∀ i, Measure (X i)) [∀ i, SigmaFinite (μ i)] (s : ∀ i, Set (X i)) : Measure.tprod l μ (Set.tprod l s) = (l.map fun i => (μ i) (s i)).prod",2,"### Analysis and Proof Sketch

First, let's understand the problem:

We have:
1. A list `l` of elements of type `δ` (though `δ` is not actually used in the statement, it seems to be a placeholder or typo).
2. A family of measures `μ : ∀ i",1.72,unconstrained,### Analysis and Proof Sketch,parse_fail,"No terminal matches '#' in the current parser context, at line 1 col 1",<punct>,True,Analysis;Proof;Sketch,False,multiline:5
109974,tprod_tprod,"theorem tprod_tprod (l : List δ) (μ : ∀ i, Measure (X i)) [∀ i, SigmaFinite (μ i)] (s : ∀ i, Set (X i)) : Measure.tprod l μ (Set.tprod l s) = (l.map fun i => (μ i) (s i)).prod",3,"### Detailed Proof

**Problem Analysis:**
We are given a list `l` of indices (of type `δ`), a family of measures `μ` indexed by these indices (with each `μ i` being a measure on `X i` and `X i` being sigma-finite for each `",1.69,unconstrained,### Detailed Proof,parse_fail,"No terminal matches '#' in the current parser context, at line 1 col 1",<punct>,True,Detailed;Proof,False,multiline:3
109974,tprod_tprod,"theorem tprod_tprod (l : List δ) (μ : ∀ i, Measure (X i)) [∀ i, SigmaFinite (μ i)] (s : ∀ i, Set (X i)) : Measure.tprod l μ (Set.tprod l s) = (l.map fun i => (μ i) (s i)).prod",4,"### Step 1: Understand the Problem

The problem is to prove that the product measure of a list of sets `s i` is equal to the product of the measures of each set `s i` applied to the list `l`. 

However, there are some key issues:
1. The theorem statement is",1.69,unconstrained,### Step 1: Understand the Problem,parse_fail,"No terminal matches '#' in the current parser context, at line 1 col 1",<punct>,True,Problem;Step;Understand,False,multiline:4
109974,tprod_tprod,"theorem tprod_tprod (l : List δ) (μ : ∀ i, Measure (X i)) [∀ i, SigmaFinite (μ i)] (s : ∀ i, Set (X i)) : Measure.tprod l μ (Set.tprod l s) = (l.map fun i => (μ i) (s i)).prod",5,"### Analysis of the Problem

The theorem states that for a list of measures `μ` on a family of types `X i` and a list of sets `s : ∀ i, Set (X i)`, the measure of the product of the sets `s i` (as a set in the product space",1.68,unconstrained,### Analysis of the Problem,parse_fail,"No terminal matches '#' in the current parser context, at line 1 col 1",<punct>,True,Analysis;Problem,False,multiline:2
109974,tprod_tprod,"theorem tprod_tprod (l : List δ) (μ : ∀ i, Measure (X i)) [∀ i, SigmaFinite (μ i)] (s : ∀ i, Set (X i)) : Measure.tprod l μ (Set.tprod l s) = (l.map fun i => (μ i) (s i)).prod",6,"### Detailed Proof

First, we need to understand the theorem statement. We are given a list of indices `l` (which is a list of elements of some type `δ`), a family of measures `μ` indexed by `δ` (with each `μ i` being a measure on `X i",1.68,unconstrained,### Detailed Proof,parse_fail,"No terminal matches '#' in the current parser context, at line 1 col 1",<punct>,True,Detailed;Proof,False,multiline:2
109974,tprod_tprod,"theorem tprod_tprod (l : List δ) (μ : ∀ i, Measure (X i)) [∀ i, SigmaFinite (μ i)] (s : ∀ i, Set (X i)) : Measure.tprod l μ (Set.tprod l s) = (l.map fun i => (μ i) (s i)).prod",7,"### Detailed Proof and Analysis

#### Problem Understanding

We need to prove that for any list `l` of indices, any family of measures `μ` (indexed by the elements of `l`), and any family of sets `s` (indexed by the elements of `l`), the product measure of the",1.68,unconstrained,### Detailed Proof and Analysis,parse_fail,"No terminal matches '#' in the current parser context, at line 1 col 1",<punct>,True,Analysis;Detailed;Proof,False,multiline:3
57787,isIso_fst_of_isIso,lemma isIso_fst_of_isIso (h : IsPullback fst snd f g) (inst : IsIso g,0,"### Understanding the Problem

First, I need to understand the statement:

```lean
lemma isIso_fst_of_isIso (h : IsPullback fst snd f g) (inst : IsIso g
```

However, the statement seems incomplete because the Lean theorem is not properly formed. The `IsPull",1.68,unconstrained,### Understanding the Problem,parse_fail,"No terminal matches '#' in the current parser context, at line 1 col 1",<punct>,True,Problem;Understanding,False,multiline:6
57787,isIso_fst_of_isIso,lemma isIso_fst_of_isIso (h : IsPullback fst snd f g) (inst : IsIso g,1,"### Understanding the Problem

First, I need to understand the Lean 4 theorem statement:

```lean
lemma isIso_fst_of_isIso (h : IsPullback fst snd f g) (inst : IsIso g
by
```

This seems incomplete because the theorem statement is not fully formed. The",1.67,unconstrained,### Understanding the Problem,parse_fail,"No terminal matches '#' in the current parser context, at line 1 col 1",<punct>,True,Problem;Understanding,False,multiline:7
57787,isIso_fst_of_isIso,lemma isIso_fst_of_isIso (h : IsPullback fst snd f g) (inst : IsIso g,2,"### Understanding the Problem

First, let's understand the problem:
We have a statement:
```lean
lemma isIso_fst_of_isIso (h : IsPullback fst snd f g) (inst : IsIso g
```
This is an incomplete Lean theorem statement with a placeholder `inst : IsIso",1.68,unconstrained,### Understanding the Problem,parse_fail,"No terminal matches '#' in the current parser context, at line 1 col 1",<punct>,True,Problem;Understanding,False,multiline:7
57787,isIso_fst_of_isIso,lemma isIso_fst_of_isIso (h : IsPullback fst snd f g) (inst : IsIso g,3,"### Lean 4 Proof Step

```lean4
theorem isIso_fst_of_isIso (h : IsPullback fst snd f g) (inst : IsIso g
by
  exact (by simpa using h)
  <;> simp_all [IsPullback]
  <;> aes",1.68,unconstrained,### Lean 4 Proof Step,parse_fail,"No terminal matches '#' in the current parser context, at line 1 col 1",<punct>,True,Lean;Proof;Step,False,multiline:7
57787,isIso_fst_of_isIso,lemma isIso_fst_of_isIso (h : IsPullback fst snd f g) (inst : IsIso g,4,"### Lean 4 Proof with `have` Statements

```lean
theorem lean_workbook_plus_53757  (f : α → β × γ) (g : α → γ) (h : ∀ (a : α), f a = (f a, g a)) : IsIs",1.68,unconstrained,### Lean 4 Proof with `have` Statements,parse_fail,"No terminal matches '#' in the current parser context, at line 1 col 1",<punct>,True,Lean;Proof;Statements,False,multiline:3
57787,isIso_fst_of_isIso,lemma isIso_fst_of_isIso (h : IsPullback fst snd f g) (inst : IsIso g,5,"### Detailed Analysis and Proof

**Problem Analysis:**
The theorem statement is incomplete, as it ends with `by` but does not provide a complete goal or hypothesis. However, based on the context, we can infer that the theorem is about proving that the first projection `fst` is an isomorphism under certain",1.69,unconstrained,### Detailed Analysis and Proof,parse_fail,"No terminal matches '#' in the current parser context, at line 1 col 1",<punct>,True,Analysis;Detailed;Proof,False,multiline:3
57787,isIso_fst_of_isIso,lemma isIso_fst_of_isIso (h : IsPullback fst snd f g) (inst : IsIso g,6,"### Understanding the Problem

First, let's understand the Lean 4 theorem statement:

```lean
theorem isIso_fst_of_isIso (h : IsPullback fst snd f g) (inst : IsIso g
by
```

Wait a minute, the theorem statement seems incomplete or malformed. The variable",1.69,unconstrained,### Understanding the Problem,parse_fail,"No terminal matches '#' in the current parser context, at line 1 col 1",<punct>,True,Problem;Understanding,False,multiline:7
57787,isIso_fst_of_isIso,lemma isIso_fst_of_isIso (h : IsPullback fst snd f g) (inst : IsIso g,7,"### Lean 4 Proof with `have` Statements

```lean4
theorem isIso_fst_of_isIso (h : IsPullback fst snd f g) (inst : IsIso g
 by
  have h1 : IsIso (fun x => (f x, g x)) := by sorry",1.68,unconstrained,### Lean 4 Proof with `have` Statements,parse_fail,"No terminal matches '#' in the current parser context, at line 1 col 1",<punct>,True,Lean;Proof;Statements,False,multiline:5
117757,sum_restrict_disjointed_spanningSets,theorem sum_restrict_disjointed_spanningSets (μ ν : Measure α) [SigmaFinite ν] : sum (fun n ↦ μ.restrict (disjointed (spanningSets ν) n)) = μ,0,"### Step 1: Understand the Problem

The theorem states that for any two measures `μ` and `ν` on an arbitrary type `α`, if `ν` is sigma-finite, then the sum of the restrictions of `μ` to the disjointed spanning sets of `ν` indexed by `n",1.68,unconstrained,### Step 1: Understand the Problem,parse_fail,"No terminal matches '#' in the current parser context, at line 1 col 1",<punct>,True,Problem;Step;Understand,False,multiline:2
117757,sum_restrict_disjointed_spanningSets,theorem sum_restrict_disjointed_spanningSets (μ ν : Measure α) [SigmaFinite ν] : sum (fun n ↦ μ.restrict (disjointed (spanningSets ν) n)) = μ,1,"### Step 1: Understand the Problem

We are given a theorem statement in Lean 4 about measures on a type `α` with a `SigmaFinite` measure `ν`. The theorem states that the sum of the restrictions of `μ` to the disjointed spanning sets of `ν` over all natural numbers",1.68,unconstrained,### Step 1: Understand the Problem,parse_fail,"No terminal matches '#' in the current parser context, at line 1 col 1",<punct>,True,Problem;Step;Understand,False,multiline:2
117757,sum_restrict_disjointed_spanningSets,theorem sum_restrict_disjointed_spanningSets (μ ν : Measure α) [SigmaFinite ν] : sum (fun n ↦ μ.restrict (disjointed (spanningSets ν) n)) = μ,2,"### Lean 4 Proof Step

```lean
theorem sum_restrict_disjointed_spanningSets (μ ν : Measure α) [SigmaFinite ν] : sum (fun n ↦ μ.restrict (disjointed (spanningSets ν) n)) = μ
by
  have h : sum (",1.68,unconstrained,### Lean 4 Proof Step,parse_fail,"No terminal matches '#' in the current parser context, at line 1 col 1",<punct>,True,Lean;Proof;Step,False,multiline:5
117757,sum_restrict_disjointed_spanningSets,theorem sum_restrict_disjointed_spanningSets (μ ν : Measure α) [SigmaFinite ν] : sum (fun n ↦ μ.restrict (disjointed (spanningSets ν) n)) = μ,3,"### Lean 4 Proof Step

```lean
theorem sum_restrict_disjointed_spanningSets (μ ν : Measure α) [SigmaFinite ν] : sum (fun n ↦ μ.restrict (disjointed (spanningSets ν) n)) = μ
by
  have h : (fun",1.69,unconstrained,### Lean 4 Proof Step,parse_fail,"No terminal matches '#' in the current parser context, at line 1 col 1",<punct>,True,Lean;Proof;Step,False,multiline:5
117757,sum_restrict_disjointed_spanningSets,theorem sum_restrict_disjointed_spanningSets (μ ν : Measure α) [SigmaFinite ν] : sum (fun n ↦ μ.restrict (disjointed (spanningSets ν) n)) = μ,4,"### Step 1: Understand the Problem

The theorem states that the sum of the measures of the disjointed spanning sets of `ν` is equal to `μ`. However, there is a misunderstanding in the statement:
1. The `disjointed` function is applied to `spanningSets ν n`, but",1.69,unconstrained,### Step 1: Understand the Problem,parse_fail,"No terminal matches '#' in the current parser context, at line 1 col 1",<punct>,True,Problem;Step;Understand,False,multiline:3
117757,sum_restrict_disjointed_spanningSets,theorem sum_restrict_disjointed_spanningSets (μ ν : Measure α) [SigmaFinite ν] : sum (fun n ↦ μ.restrict (disjointed (spanningSets ν) n)) = μ,5,"### Lean 4 Proof with `have` Statements

```lean4
theorem sum_restrict_disjointed_spanningSets (μ ν : Measure α) [SigmaFinite ν] : sum (fun n ↦ μ.restrict (disjointed (spanningSets ν) n)) = μ
by
 ",1.7,unconstrained,### Lean 4 Proof with `have` Statements,parse_fail,"No terminal matches '#' in the current parser context, at line 1 col 1",<punct>,True,Lean;Proof;Statements,False,multiline:4
117757,sum_restrict_disjointed_spanningSets,theorem sum_restrict_disjointed_spanningSets (μ ν : Measure α) [SigmaFinite ν] : sum (fun n ↦ μ.restrict (disjointed (spanningSets ν) n)) = μ,6,"### Understanding the Problem

First, I need to understand the statement of the theorem and the surrounding context.

1. **Types and Hypotheses**:
   - `μ` and `ν` are measures on a type `α`.
   - `ν` is sigma-finite (i.e., there exists a",1.69,unconstrained,### Understanding the Problem,parse_fail,"No terminal matches '#' in the current parser context, at line 1 col 1",<punct>,True,Problem;Understanding,False,multiline:5
117757,sum_restrict_disjointed_spanningSets,theorem sum_restrict_disjointed_spanningSets (μ ν : Measure α) [SigmaFinite ν] : sum (fun n ↦ μ.restrict (disjointed (spanningSets ν) n)) = μ,7,"### Understanding the Problem

First, let's understand the theorem we're trying to prove:
```lean
theorem sum_restrict_disjointed_spanningSets (μ ν : Measure α) [SigmaFinite ν] : sum (fun n ↦ μ.restrict (disjointed (spanningSets ν) n))",1.68,unconstrained,### Understanding the Problem,parse_fail,"No terminal matches '#' in the current parser context, at line 1 col 1",<punct>,True,Problem;Understanding,False,multiline:4
154472,nfp_lt_ord_of_isRegular,"theorem nfp_lt_ord_of_isRegular {f : Ordinal → Ordinal} {c} (hc : IsRegular c) (hc' : c ≠ ℵ₀) (hf : ∀ i < c.ord, f i < c.ord) {a} : a < c.ord → nfp f a < c.ord",0,"### Detailed Proof

**Problem Analysis:**
We are given:
1. A function `f : Ordinal → Ordinal`.
2. An ordinal `c` that is regular and not equal to `ℵ₀` (`c ≠ ℵ₀`).
3. A property of `f`: for every `i",1.69,unconstrained,### Detailed Proof,parse_fail,"No terminal matches '#' in the current parser context, at line 1 col 1",<punct>,True,Detailed;Proof,False,multiline:6
154472,nfp_lt_ord_of_isRegular,"theorem nfp_lt_ord_of_isRegular {f : Ordinal → Ordinal} {c} (hc : IsRegular c) (hc' : c ≠ ℵ₀) (hf : ∀ i < c.ord, f i < c.ord) {a} : a < c.ord → nfp f a < c.ord",1,"### Detailed Proof and Analysis

First, let's understand the problem and the context:
1. We have a function `f : Ordinal → Ordinal`.
2. We have a regular ordinal `c ≠ ℵ₀` (i.e., `c` is a regular cardinal).
3. For all `i",1.68,unconstrained,### Detailed Proof and Analysis,parse_fail,"No terminal matches '#' in the current parser context, at line 1 col 1",<punct>,True,Analysis;Detailed;Proof,False,multiline:5
154472,nfp_lt_ord_of_isRegular,"theorem nfp_lt_ord_of_isRegular {f : Ordinal → Ordinal} {c} (hc : IsRegular c) (hc' : c ≠ ℵ₀) (hf : ∀ i < c.ord, f i < c.ord) {a} : a < c.ord → nfp f a < c.ord",2,"### Step 1: Understand the Problem

We need to prove that if `a < c.ord` and `f` is a function from `Ordinal` to `Ordinal` such that for all `i < c.ord`, `f(i) < c.ord`, then the `nfp` (",1.68,unconstrained,### Step 1: Understand the Problem,parse_fail,"No terminal matches '#' in the current parser context, at line 1 col 1",<punct>,True,Problem;Step;Understand,False,multiline:2
154472,nfp_lt_ord_of_isRegular,"theorem nfp_lt_ord_of_isRegular {f : Ordinal → Ordinal} {c} (hc : IsRegular c) (hc' : c ≠ ℵ₀) (hf : ∀ i < c.ord, f i < c.ord) {a} : a < c.ord → nfp f a < c.ord",3,"### Lean 4 Proof Step

```lean
theorem nfp_lt_ord_of_isRegular {f : Ordinal → Ordinal} {c} (hc : IsRegular c) (hc' : c ≠ ℵ₀) (hf : ∀ i < c.ord, f i < c.ord)",1.68,unconstrained,### Lean 4 Proof Step,parse_fail,"No terminal matches '#' in the current parser context, at line 1 col 1",<punct>,True,Lean;Proof;Step,False,multiline:3
154472,nfp_lt_ord_of_isRegular,"theorem nfp_lt_ord_of_isRegular {f : Ordinal → Ordinal} {c} (hc : IsRegular c) (hc' : c ≠ ℵ₀) (hf : ∀ i < c.ord, f i < c.ord) {a} : a < c.ord → nfp f a < c.ord",4,"### Understanding the Problem

First, let's understand the statement we need to prove:
- We have a function `f : Ordinal → Ordinal`.
- We have a regular ordinal `c` (i.e., `IsRegular c`), and `c ≠ ℵ₀`.
- For all `i <",1.69,unconstrained,### Understanding the Problem,parse_fail,"No terminal matches '#' in the current parser context, at line 1 col 1",<punct>,True,Problem;Understanding,False,multiline:5
154472,nfp_lt_ord_of_isRegular,"theorem nfp_lt_ord_of_isRegular {f : Ordinal → Ordinal} {c} (hc : IsRegular c) (hc' : c ≠ ℵ₀) (hf : ∀ i < c.ord, f i < c.ord) {a} : a < c.ord → nfp f a < c.ord",5,"### Lean 4 Proof Step

```lean4
theorem nfp_lt_ord_of_isRegular {f : Ordinal → Ordinal} {c} (hc : IsRegular c) (hc' : c ≠ ℵ₀) (hf : ∀ i < c.ord, f i < c.ord",1.68,unconstrained,### Lean 4 Proof Step,parse_fail,"No terminal matches '#' in the current parser context, at line 1 col 1",<punct>,True,Lean;Proof;Step,False,multiline:3
154472,nfp_lt_ord_of_isRegular,"theorem nfp_lt_ord_of_isRegular {f : Ordinal → Ordinal} {c} (hc : IsRegular c) (hc' : c ≠ ℵ₀) (hf : ∀ i < c.ord, f i < c.ord) {a} : a < c.ord → nfp f a < c.ord",6,"### Detailed Proof

**Problem Analysis:**
We are given a function `f : Ordinal → Ordinal`, a regular cardinal `c ≠ ℵ₀`, and the condition that for all `i < c.ord`, `f(i) < c.ord`. We must prove that for any `a <",1.67,unconstrained,### Detailed Proof,parse_fail,"No terminal matches '#' in the current parser context, at line 1 col 1",<punct>,True,Detailed;Proof,False,multiline:3
154472,nfp_lt_ord_of_isRegular,"theorem nfp_lt_ord_of_isRegular {f : Ordinal → Ordinal} {c} (hc : IsRegular c) (hc' : c ≠ ℵ₀) (hf : ∀ i < c.ord, f i < c.ord) {a} : a < c.ord → nfp f a < c.ord",7,"### Lean 4 Proof with `have` Statements

```lean4
theorem nfp_lt_ord_of_isRegular {f : Ordinal → Ordinal} {c} (hc : IsRegular c) (hc' : c ≠ ℵ₀) (hf : ∀ i < c.ord, f i",1.68,unconstrained,### Lean 4 Proof with `have` Statements,parse_fail,"No terminal matches '#' in the current parser context, at line 1 col 1",<punct>,True,Lean;Proof;Statements,False,multiline:3
72926,tail_update_zero,theorem tail_update_zero : tail (update q 0 z) = tail q,0,"### Lean 4 Proof

```lean
theorem tail_update_zero : tail (update q 0 z) = tail q
by
  rfl
  <;> simp_all [tail, update]
  <;> aesop
```",1.37,unconstrained,### Lean 4 Proof,parse_fail,"No terminal matches '#' in the current parser context, at line 1 col 1",<punct>,True,Lean;Proof,False,multiline:7
72926,tail_update_zero,theorem tail_update_zero : tail (update q 0 z) = tail q,1,"### Lean 4 Proof with `have` Statements

```lean4
theorem tail_update_zero : tail (update q 0 z) = tail q
by
  have h_main : tail (update q 0 z) = tail q := by sorry
  sorry
```

### Explanation

The `",1.69,unconstrained,### Lean 4 Proof with `have` Statements,parse_fail,"No terminal matches '#' in the current parser context, at line 1 col 1",<punct>,True,Lean;Proof;Statements,False,multiline:9
72926,tail_update_zero,theorem tail_update_zero : tail (update q 0 z) = tail q,2,"### Lean 4 Proof with `have` Statements

```lean
theorem tail_update_zero : tail (update q 0 z) = tail q
by
  have h₁ : tail (update q 0 z) = tail q := by sorry
  sorry
```

### Complete Lean 4 Proof",1.67,unconstrained,### Lean 4 Proof with `have` Statements,parse_fail,"No terminal matches '#' in the current parser context, at line 1 col 1",<punct>,True,Lean;Proof;Statements,False,multiline:8
72926,tail_update_zero,theorem tail_update_zero : tail (update q 0 z) = tail q,3,"### Lean 4 Proof Sketch

```lean
theorem tail_update_zero : tail (update q 0 z) = tail q
by
  simp [tail, update]
  <;> rfl
```

### Explanation of the Sketch:
1. The `simp` tactic is used to simplify the expression `",1.68,unconstrained,### Lean 4 Proof Sketch,parse_fail,"No terminal matches '#' in the current parser context, at line 1 col 1",<punct>,True,Lean;Proof;Sketch,False,multiline:9
72926,tail_update_zero,theorem tail_update_zero : tail (update q 0 z) = tail q,4,"### Detailed Proof and Analysis

We are given the theorem `tail_update_zero : tail (update q 0 z) = tail q`, where `q : List α`, `α` is a type, `0` is the head of the list `q` (assuming `q` is a list of natural",1.69,unconstrained,### Detailed Proof and Analysis,parse_fail,"No terminal matches '#' in the current parser context, at line 1 col 1",<punct>,True,Analysis;Detailed;Proof,False,multiline:2
72926,tail_update_zero,theorem tail_update_zero : tail (update q 0 z) = tail q,5,"### Proof and Analysis

We are given the theorem:
```lean
theorem tail_update_zero : tail (update q 0 z) = tail q
```
Here, `tail` is the function that removes the first element of a list, and `update q 0 z` is the function that updates the",1.68,unconstrained,### Proof and Analysis,parse_fail,"No terminal matches '#' in the current parser context, at line 1 col 1",<punct>,True,Analysis;Proof,False,multiline:6
72926,tail_update_zero,theorem tail_update_zero : tail (update q 0 z) = tail q,6,"### Proof

**Problem Analysis:**
We need to prove that the tail of the list `update q 0 z` is equal to the tail of `q`. Here, `q` is a list of natural numbers, and `update q 0 z` replaces the first element of `q` with `",1.67,unconstrained,### Proof,parse_fail,"No terminal matches '#' in the current parser context, at line 1 col 1",<punct>,True,Proof,False,multiline:3
72926,tail_update_zero,theorem tail_update_zero : tail (update q 0 z) = tail q,7,"### Lean 4 Proof Step

```lean
theorem tail_update_zero : tail (update q 0 z) = tail q
by
  rfl
  <;> simp_all
  <;> aesop
```

### Explanation of the Step

1. **Initial Observation**: The theorem states that",1.67,unconstrained,### Lean 4 Proof Step,parse_fail,"No terminal matches '#' in the current parser context, at line 1 col 1",<punct>,True,Lean;Proof;Step,False,multiline:10
1703,op_finsuppSum,lemma op_finsuppSum (f : ι →₀ N) (g : ι → N → M) : op (f.sum g) = f.sum fun i n ↦ op (g i n),0,"### Understanding the Problem

First, I need to understand the theorem statement and the definitions involved. The theorem is about `op_finsuppSum`, which states that for any finitely supported function `f : ι →₀ N` and any function `g : ι → N → M`, the `",1.68,unconstrained,### Understanding the Problem,parse_fail,"No terminal matches '#' in the current parser context, at line 1 col 1",<punct>,True,Problem;Understanding,False,multiline:2
1703,op_finsuppSum,lemma op_finsuppSum (f : ι →₀ N) (g : ι → N → M) : op (f.sum g) = f.sum fun i n ↦ op (g i n),1,"### Abstract Plan

1. **Understand the Theorem**:
   - The theorem is about the `op` of a sum of functions `g : ι → N → M`.
   - `op` is some operation on `M`, but its definition is not provided here.
   - The statement is",1.68,unconstrained,### Abstract Plan,parse_fail,"No terminal matches '#' in the current parser context, at line 1 col 1",<punct>,True,Abstract;Plan,False,multiline:5
1703,op_finsuppSum,lemma op_finsuppSum (f : ι →₀ N) (g : ι → N → M) : op (f.sum g) = f.sum fun i n ↦ op (g i n),2,"### Lean 4 Proof Sketch with `have` Statements

```lean
theorem lean_workbook_plus_12506 (f : ι →₀ N) (g : ι → N → M) : op (f.sum g) = f.sum fun i n ↦ op (g i",1.68,unconstrained,### Lean 4 Proof Sketch with `have` Statements,parse_fail,"No terminal matches '#' in the current parser context, at line 1 col 1",<punct>,True,Lean;Proof;Sketch;Statements,False,multiline:3
1703,op_finsuppSum,lemma op_finsuppSum (f : ι →₀ N) (g : ι → N → M) : op (f.sum g) = f.sum fun i n ↦ op (g i n),3,"### Step 1: Understand the Problem

First, let's understand the statement:

We have:
1. A function `f : ι →₀ N`, which is a finitely supported function from `ι` to `N` (i.e., `f` is a function with finite support).
2",1.69,unconstrained,### Step 1: Understand the Problem,parse_fail,"No terminal matches '#' in the current parser context, at line 1 col 1",<punct>,True,Problem;Step;Understand,False,multiline:5
1703,op_finsuppSum,lemma op_finsuppSum (f : ι →₀ N) (g : ι → N → M) : op (f.sum g) = f.sum fun i n ↦ op (g i n),4,"### Lean 4 Proof with `have` Statements

```lean
theorem op_finsuppSum (f : ι →₀ N) (g : ι → N → M) : op (f.sum g) = f.sum fun i n ↦ op (g i n) := by
 ",1.69,unconstrained,### Lean 4 Proof with `have` Statements,parse_fail,"No terminal matches '#' in the current parser context, at line 1 col 1",<punct>,True,Lean;Proof;Statements,False,multiline:3
1703,op_finsuppSum,lemma op_finsuppSum (f : ι →₀ N) (g : ι → N → M) : op (f.sum g) = f.sum fun i n ↦ op (g i n),5,"### Abstract Plan

1. **Understand the Problem**:
   - We have a finitely supported function `f : ι →₀ N` and a function `g : ι → N → M`.
   - We are to prove that `op (f.sum g) = f.sum (fun",1.68,unconstrained,### Abstract Plan,parse_fail,"No terminal matches '#' in the current parser context, at line 1 col 1",<punct>,True,Abstract;Plan,False,multiline:4
1703,op_finsuppSum,lemma op_finsuppSum (f : ι →₀ N) (g : ι → N → M) : op (f.sum g) = f.sum fun i n ↦ op (g i n),6,"### Abstract Plan

1. **Understand the Problem**:
   - We are given a function `f : ι →₀ N` (a finitely supported function from `ι` to `N`).
   - We are given a function `g : ι → N → M` (a",1.68,unconstrained,### Abstract Plan,parse_fail,"No terminal matches '#' in the current parser context, at line 1 col 1",<punct>,True,Abstract;Plan,False,multiline:4
1703,op_finsuppSum,lemma op_finsuppSum (f : ι →₀ N) (g : ι → N → M) : op (f.sum g) = f.sum fun i n ↦ op (g i n),7,"### Step 1: Understand the Problem

We are given a Lean 4 theorem statement with `op` applied to a sum of functions. The `op` operation is a placeholder, and we don't know its exact definition, but we can infer from the theorem statement that it is a function that takes an argument",1.67,unconstrained,### Step 1: Understand the Problem,parse_fail,"No terminal matches '#' in the current parser context, at line 1 col 1",<punct>,True,Problem;Step;Understand,False,multiline:2
41853,bot_orthogonal_eq_top,theorem bot_orthogonal_eq_top : (⊥ : ClosedSubmodule 𝕜 E)ᗮ = ⊤,0,"### Step 1: Understand the Problem

We are given a statement about the orthogonal complement of the bottom element `⊥` in the lattice of closed submodules of a vector space `E` over a field `𝕜`. The claim is that `⊥ ⊥ = ⊤`, where `⊤` is the",1.68,unconstrained,### Step 1: Understand the Problem,parse_fail,"No terminal matches '#' in the current parser context, at line 1 col 1",<punct>,True,Problem;Step;Understand,False,multiline:2
41853,bot_orthogonal_eq_top,theorem bot_orthogonal_eq_top : (⊥ : ClosedSubmodule 𝕜 E)ᗮ = ⊤,1,"### Step 1: Understand the Problem
The problem states that the orthogonal complement of the zero submodule in a vector space `E` over a field `𝕜` is the entire space `E`. 

In Lean, the orthogonal complement of a closed submodule `s` of `E` is denoted by `s",1.67,unconstrained,### Step 1: Understand the Problem,parse_fail,"No terminal matches '#' in the current parser context, at line 1 col 1",<punct>,True,Problem;Step;Understand,False,multiline:3
41853,bot_orthogonal_eq_top,theorem bot_orthogonal_eq_top : (⊥ : ClosedSubmodule 𝕜 E)ᗮ = ⊤,2,"### Detailed Proof

**Problem Analysis:**
The statement to prove is `(⊥ : ClosedSubmodule 𝕜 E) ⊥ = ⊤`. Here, `⊥` is the zero submodule of `E` (the Lean notation for `⊥` is `⊥`, and `⊥` is overloaded for `",1.67,unconstrained,### Detailed Proof,parse_fail,"No terminal matches '#' in the current parser context, at line 1 col 1",<punct>,True,Detailed;Proof,False,multiline:3
41853,bot_orthogonal_eq_top,theorem bot_orthogonal_eq_top : (⊥ : ClosedSubmodule 𝕜 E)ᗮ = ⊤,3,"### Proof Sketch

1. **Understand the statement**: We need to prove that the orthogonal complement of the zero submodule (denoted `⊥`) in `E` is the entire space `E` (`⊤`). 

2. **Recall definitions**:
   - `⊥` is the zero submodule `{",1.67,unconstrained,### Proof Sketch,parse_fail,"No terminal matches '#' in the current parser context, at line 1 col 1",<punct>,True,Proof;Sketch,False,multiline:4
41853,bot_orthogonal_eq_top,theorem bot_orthogonal_eq_top : (⊥ : ClosedSubmodule 𝕜 E)ᗮ = ⊤,4,"### Lean 4 Proof

```lean
theorem bot_orthogonal_eq_top : (⊥ : ClosedSubmodule 𝕜 E) ⊥ = ⊤
by
  -- Use the `ext` tactic to prove the equality of submodules by showing they have the same elements.
  ext x
 ",1.67,unconstrained,### Lean 4 Proof,parse_fail,"No terminal matches '#' in the current parser context, at line 1 col 1",<punct>,True,Lean;Proof,False,multiline:6
41853,bot_orthogonal_eq_top,theorem bot_orthogonal_eq_top : (⊥ : ClosedSubmodule 𝕜 E)ᗮ = ⊤,5,"### Step-by-Step Abstract Plan

1. **Understand the Statement**:
   - We need to prove that the orthogonal complement of the zero submodule in a vector space `E` over a field `𝕜` is the entire space `E`.
   - The zero submodule `⊥` is the submodule containing only",1.67,unconstrained,### Step-by-Step Abstract Plan,parse_fail,"No terminal matches '#' in the current parser context, at line 1 col 1",<punct>,True,Abstract;Plan;Step,False,multiline:4
41853,bot_orthogonal_eq_top,theorem bot_orthogonal_eq_top : (⊥ : ClosedSubmodule 𝕜 E)ᗮ = ⊤,6,"### Step 1: Understand the Problem

First, let's understand what the theorem is stating. We are working with a closed submodule `⊥` of a vector space `E` over a field `𝕜`, and we are considering its orthogonal complement `⊥ ⊥` (denoted as `⊥ ⊥`",1.68,unconstrained,### Step 1: Understand the Problem,parse_fail,"No terminal matches '#' in the current parser context, at line 1 col 1",<punct>,True,Problem;Step;Understand,False,multiline:2
41853,bot_orthogonal_eq_top,theorem bot_orthogonal_eq_top : (⊥ : ClosedSubmodule 𝕜 E)ᗮ = ⊤,7,"### Detailed Proof

**Problem Analysis:**
We need to prove that the orthogonal complement of the zero submodule `⊥` in a vector space `E` over a field `𝕜` is the entire space `⊤`. 

**Definitions and Key Facts:**
1. The orthogonal complement of a submodule `S`",1.68,unconstrained,### Detailed Proof,parse_fail,"No terminal matches '#' in the current parser context, at line 1 col 1",<punct>,True,Detailed;Proof,False,multiline:5
110785,essInf_measure_zero,theorem essInf_measure_zero {_ : MeasurableSpace α} {f : α → β} : essInf f (0 : Measure α) = ⊤,0,"### Understanding the Problem

First, let's understand the statement of the theorem we are trying to prove:

**Theorem:** For any measurable space `α` and any function `f : α → β`, the `essInf` of `f` with respect to the zero measure on `α` is the top",1.68,unconstrained,### Understanding the Problem,parse_fail,"No terminal matches '#' in the current parser context, at line 1 col 1",<punct>,True,Problem;Understanding,False,multiline:3
110785,essInf_measure_zero,theorem essInf_measure_zero {_ : MeasurableSpace α} {f : α → β} : essInf f (0 : Measure α) = ⊤,1,"### Understanding the Problem

First, we need to understand the statement:
```lean
theorem essInf_measure_zero {_ : MeasurableSpace α} {f : α → β} : essInf f (0 : Measure α) = ⊤
```

This theorem states that for any measurable space `α` and",1.67,unconstrained,### Understanding the Problem,parse_fail,"No terminal matches '#' in the current parser context, at line 1 col 1",<punct>,True,Problem;Understanding,False,multiline:6
110785,essInf_measure_zero,theorem essInf_measure_zero {_ : MeasurableSpace α} {f : α → β} : essInf f (0 : Measure α) = ⊤,2,"### Step 1: Understand the Problem

First, let's understand what the theorem is stating. We have a function `f : α → β` and a measure `0 : Measure α` (which is the zero measure, i.e., the measure of any set is `0`). The statement claims that the",1.67,unconstrained,### Step 1: Understand the Problem,parse_fail,"No terminal matches '#' in the current parser context, at line 1 col 1",<punct>,True,Problem;Step;Understand,False,multiline:2
110785,essInf_measure_zero,theorem essInf_measure_zero {_ : MeasurableSpace α} {f : α → β} : essInf f (0 : Measure α) = ⊤,3,"### Detailed Analysis and Proof

**Problem Analysis:**
We need to prove that the essential infimum of a function `f : α → β` with respect to the zero measure on a measurable space `α` is `⊤` (the top element of the extended real numbers). 

The `essInf`",1.68,unconstrained,### Detailed Analysis and Proof,parse_fail,"No terminal matches '#' in the current parser context, at line 1 col 1",<punct>,True,Analysis;Detailed;Proof,False,multiline:4
110785,essInf_measure_zero,theorem essInf_measure_zero {_ : MeasurableSpace α} {f : α → β} : essInf f (0 : Measure α) = ⊤,4,"### Step 1: Understand the Problem
First, we need to understand what the theorem is stating. The theorem is about the essential infimum of a function `f : α → β` with respect to the zero measure on `α`. 

In measure theory, the zero measure on a set `α` is",1.68,unconstrained,### Step 1: Understand the Problem,parse_fail,"No terminal matches '#' in the current parser context, at line 1 col 1",<punct>,True,Problem;Step;Understand,False,multiline:3
110785,essInf_measure_zero,theorem essInf_measure_zero {_ : MeasurableSpace α} {f : α → β} : essInf f (0 : Measure α) = ⊤,5,"### Detailed Proof and Analysis

First, let's understand the problem. We have a function `f : α → β` where `α` is a measurable space (though the type `β` is not constrained). We are to prove that the `essInf` of `f` with respect to the zero measure",1.68,unconstrained,### Detailed Proof and Analysis,parse_fail,"No terminal matches '#' in the current parser context, at line 1 col 1",<punct>,True,Analysis;Detailed;Proof,False,multiline:2
110785,essInf_measure_zero,theorem essInf_measure_zero {_ : MeasurableSpace α} {f : α → β} : essInf f (0 : Measure α) = ⊤,6,"### Understanding the Problem

First, I need to understand what the theorem is stating and what the context is. The theorem is:

**Theorem:** For any measurable space `α` and any function `f : α → β`, the essential infimum of `f` with respect to the zero measure on `α",1.68,unconstrained,### Understanding the Problem,parse_fail,"No terminal matches '#' in the current parser context, at line 1 col 1",<punct>,True,Problem;Understanding,False,multiline:3
110785,essInf_measure_zero,theorem essInf_measure_zero {_ : MeasurableSpace α} {f : α → β} : essInf f (0 : Measure α) = ⊤,7,"### Detailed Proof and Analysis

First, let's understand the problem. We are given a function `f : α → β` from a measurable space `α` to an arbitrary space `β` (with no additional structure assumed on `β`), and we are to prove that the `0`-essential",1.67,unconstrained,### Detailed Proof and Analysis,parse_fail,"No terminal matches '#' in the current parser context, at line 1 col 1",<punct>,True,Analysis;Detailed;Proof,False,multiline:2
89194,liftAlgHom_fieldRange_eq_of_range_eq,theorem liftAlgHom_fieldRange_eq_of_range_eq (hg : Function.Injective g) {s : Set L} (hs : g.range = Algebra.adjoin F s) : (liftAlgHom hg : K →ₐ[F] L).fieldRange = IntermediateField.adjoin F s,0,"### Detailed Proof and Analysis

**Problem Analysis:**
The theorem states that if `g : L →ₐ[K] M` is injective and the range of `g` is equal to the algebraic closure of `F` in `M` (denoted as `Algebra.adjoin F s`",1.68,unconstrained,### Detailed Proof and Analysis,parse_fail,"No terminal matches '#' in the current parser context, at line 1 col 1",<punct>,True,Analysis;Detailed;Proof,False,multiline:3
89194,liftAlgHom_fieldRange_eq_of_range_eq,theorem liftAlgHom_fieldRange_eq_of_range_eq (hg : Function.Injective g) {s : Set L} (hs : g.range = Algebra.adjoin F s) : (liftAlgHom hg : K →ₐ[F] L).fieldRange = IntermediateField.adjoin F s,1,"### Step 1: Understand the Problem

First, let's understand what the theorem is saying. We have:
1. An injective function `g : K → L` (but Lean's `hg : Function.Injective g` means `g` is injective as a function, not necessarily a homom",1.68,unconstrained,### Step 1: Understand the Problem,parse_fail,"No terminal matches '#' in the current parser context, at line 1 col 1",<punct>,True,Problem;Step;Understand,False,multiline:3
89194,liftAlgHom_fieldRange_eq_of_range_eq,theorem liftAlgHom_fieldRange_eq_of_range_eq (hg : Function.Injective g) {s : Set L} (hs : g.range = Algebra.adjoin F s) : (liftAlgHom hg : K →ₐ[F] L).fieldRange = IntermediateField.adjoin F s,2,"### Step 1: Understand the Problem

The problem is about proving that the image of the `liftAlgHom` of an injective ring homomorphism `g` is the intermediate field `IntermediateField.adjoin F s`, under the assumption that the range of `g` is the algebraic closure of `",1.68,unconstrained,### Step 1: Understand the Problem,parse_fail,"No terminal matches '#' in the current parser context, at line 1 col 1",<punct>,True,Problem;Step;Understand,False,multiline:2
89194,liftAlgHom_fieldRange_eq_of_range_eq,theorem liftAlgHom_fieldRange_eq_of_range_eq (hg : Function.Injective g) {s : Set L} (hs : g.range = Algebra.adjoin F s) : (liftAlgHom hg : K →ₐ[F] L).fieldRange = IntermediateField.adjoin F s,3,"### Detailed Analysis and Proof Sketch

We are given a theorem statement in Lean 4 about algebraic structures and injective functions. The theorem states that if `g` is injective and the range of `g` is the same as the algebraic adjunction of a set `s` over a field `F",1.68,unconstrained,### Detailed Analysis and Proof Sketch,parse_fail,"No terminal matches '#' in the current parser context, at line 1 col 1",<punct>,True,Analysis;Detailed;Proof;Sketch,False,multiline:2
89194,liftAlgHom_fieldRange_eq_of_range_eq,theorem liftAlgHom_fieldRange_eq_of_range_eq (hg : Function.Injective g) {s : Set L} (hs : g.range = Algebra.adjoin F s) : (liftAlgHom hg : K →ₐ[F] L).fieldRange = IntermediateField.adjoin F s,4,"### Step 1: Understand the Problem

We are given a field extension `K / F` and a `K`-algebra `L` (implicitly, since `g : L → L` is a function on `L` and `F` is a field). The function `g : L →",1.68,unconstrained,### Step 1: Understand the Problem,parse_fail,"No terminal matches '#' in the current parser context, at line 1 col 1",<punct>,True,Problem;Step;Understand,False,multiline:2
89194,liftAlgHom_fieldRange_eq_of_range_eq,theorem liftAlgHom_fieldRange_eq_of_range_eq (hg : Function.Injective g) {s : Set L} (hs : g.range = Algebra.adjoin F s) : (liftAlgHom hg : K →ₐ[F] L).fieldRange = IntermediateField.adjoin F s,5,"### Step 1: Understand the Problem

First, let's understand the statement we are trying to prove. We have:
1. A function `g : L → M` that is injective (`hg : Function.Injective g`).
2. A set `s : Set L` such that the range of",1.69,unconstrained,### Step 1: Understand the Problem,parse_fail,"No terminal matches '#' in the current parser context, at line 1 col 1",<punct>,True,Problem;Step;Understand,False,multiline:4
89194,liftAlgHom_fieldRange_eq_of_range_eq,theorem liftAlgHom_fieldRange_eq_of_range_eq (hg : Function.Injective g) {s : Set L} (hs : g.range = Algebra.adjoin F s) : (liftAlgHom hg : K →ₐ[F] L).fieldRange = IntermediateField.adjoin F s,6,"### Step 1: Understand the Problem

We are given:
1. An injective function `g : K → L` (where `K` and `L` are fields, and `F` is a subfield of `K`).
2. A set `s ⊆ L` such that the",1.68,unconstrained,### Step 1: Understand the Problem,parse_fail,"No terminal matches '#' in the current parser context, at line 1 col 1",<punct>,True,Problem;Step;Understand,False,multiline:4
89194,liftAlgHom_fieldRange_eq_of_range_eq,theorem liftAlgHom_fieldRange_eq_of_range_eq (hg : Function.Injective g) {s : Set L} (hs : g.range = Algebra.adjoin F s) : (liftAlgHom hg : K →ₐ[F] L).fieldRange = IntermediateField.adjoin F s,7,"### Detailed Proof and Analysis

First, let's understand the problem:

We are given:
1. A function `g : L → L` that is injective (`hg : Function.Injective g`).
2. A set `s : Set L` such that the range of `g` is equal to the",1.67,unconstrained,### Detailed Proof and Analysis,parse_fail,"No terminal matches '#' in the current parser context, at line 1 col 1",<punct>,True,Analysis;Detailed;Proof,False,multiline:5
72842,succAbove_castPred_self,lemma succAbove_castPred_self (p : Fin (n + 1)) (h : p ≠ last n) : succAbove p (p.castPred h) = (p.castPred h).succ,0,"### Detailed Proof and Analysis

First, we need to understand the problem:
We have a finite type `Fin (n + 1)` which represents the natural numbers less than `n + 1`, i.e., `{0, 1, ..., n}`. The hypothesis `p ≠ last n` means that",1.69,unconstrained,### Detailed Proof and Analysis,parse_fail,"No terminal matches '#' in the current parser context, at line 1 col 1",<punct>,True,Analysis;Detailed;Proof,False,multiline:3
72842,succAbove_castPred_self,lemma succAbove_castPred_self (p : Fin (n + 1)) (h : p ≠ last n) : succAbove p (p.castPred h) = (p.castPred h).succ,1,"### Lean 4 Proof with `have` Statements

```lean
theorem succAbove_castPred_self (p : Fin (n + 1)) (h : p ≠ last n) : succAbove p (p.castPred h) = (p.castPred h).succ
by
  have h₁ :",1.68,unconstrained,### Lean 4 Proof with `have` Statements,parse_fail,"No terminal matches '#' in the current parser context, at line 1 col 1",<punct>,True,Lean;Proof;Statements,False,multiline:5
72842,succAbove_castPred_self,lemma succAbove_castPred_self (p : Fin (n + 1)) (h : p ≠ last n) : succAbove p (p.castPred h) = (p.castPred h).succ,2,"### Detailed Proof and Analysis

First, let's understand the theorem:
```lean
theorem succAbove_castPred_self (p : Fin (n + 1)) (h : p ≠ last n) : succAbove p (p.castPred h) = (p.castPred h).succ
```

Here,",1.68,unconstrained,### Detailed Proof and Analysis,parse_fail,"No terminal matches '#' in the current parser context, at line 1 col 1",<punct>,True,Analysis;Detailed;Proof,False,multiline:6
72842,succAbove_castPred_self,lemma succAbove_castPred_self (p : Fin (n + 1)) (h : p ≠ last n) : succAbove p (p.castPred h) = (p.castPred h).succ,3,"### Lean 4 Proof with `have` Statements

```lean
theorem succAbove_castPred_self (p : Fin (n + 1)) (h : p ≠ last n) : succAbove p (p.castPred h) = (p.castPred h).succ
by
  have h₁ :",1.68,unconstrained,### Lean 4 Proof with `have` Statements,parse_fail,"No terminal matches '#' in the current parser context, at line 1 col 1",<punct>,True,Lean;Proof;Statements,False,multiline:5
72842,succAbove_castPred_self,lemma succAbove_castPred_self (p : Fin (n + 1)) (h : p ≠ last n) : succAbove p (p.castPred h) = (p.castPred h).succ,4,"### Lean 4 Proof with `have` Statements

```lean
theorem succAbove_castPred_self (p : Fin (n + 1)) (h : p ≠ last n) : succAbove p (p.castPred h) = (p.castPred h).succ
by
  have h₁ :",1.68,unconstrained,### Lean 4 Proof with `have` Statements,parse_fail,"No terminal matches '#' in the current parser context, at line 1 col 1",<punct>,True,Lean;Proof;Statements,False,multiline:5
72842,succAbove_castPred_self,lemma succAbove_castPred_self (p : Fin (n + 1)) (h : p ≠ last n) : succAbove p (p.castPred h) = (p.castPred h).succ,5,"### Detailed Analysis and Proof Sketch

First, let's understand the problem:

**Problem:**  
For a finite type `Fin (n + 1)`, and a term `p : Fin (n + 1)` such that `p ≠ last n` (where `last n` is the last element of",1.68,unconstrained,### Detailed Analysis and Proof Sketch,parse_fail,"No terminal matches '#' in the current parser context, at line 1 col 1",<punct>,True,Analysis;Detailed;Proof;Sketch,False,multiline:4
72842,succAbove_castPred_self,lemma succAbove_castPred_self (p : Fin (n + 1)) (h : p ≠ last n) : succAbove p (p.castPred h) = (p.castPred h).succ,6,"### Detailed Proof and Analysis

#### Understanding the Problem

First, let's understand the statement:
- We have a natural number `n`.
- We have a `Fin (n + 1)` element `p` such that `p ≠ last n` (where `last n` is the last element of `",1.68,unconstrained,### Detailed Proof and Analysis,parse_fail,"No terminal matches '#' in the current parser context, at line 1 col 1",<punct>,True,Analysis;Detailed;Proof,False,multiline:5
72842,succAbove_castPred_self,lemma succAbove_castPred_self (p : Fin (n + 1)) (h : p ≠ last n) : succAbove p (p.castPred h) = (p.castPred h).succ,7,"### Lean 4 Proof with `have` Statements

```lean
theorem succAbove_castPred_self (p : Fin (n + 1)) (h : p ≠ last n) : succAbove p (p.castPred h) = (p.castPred h).succ
by
  have h₁ :",1.68,unconstrained,### Lean 4 Proof with `have` Statements,parse_fail,"No terminal matches '#' in the current parser context, at line 1 col 1",<punct>,True,Lean;Proof;Statements,False,multiline:5
40758,continuous_ofSupportedIn,"theorem continuous_ofSupportedIn {K : Compacts E} (K_sub_Ω : (K : Set E) ⊆ Ω) : Continuous (ofSupportedIn K_sub_Ω : 𝓓^{n}_{K}(E, F) → 𝓓^{n}(Ω, F))",0,"### Step 1: Understand the Problem

The theorem statement is:

**Theorem:** If `K` is a compact subset of `E` and `K ⊆ Ω`, then the inclusion map `ofSupportedIn K_sub_Ω : 𝓓^{n}_{K}(E, F) →",1.68,unconstrained,### Step 1: Understand the Problem,parse_fail,"No terminal matches '#' in the current parser context, at line 1 col 1",<punct>,True,Problem;Step;Understand,False,multiline:3
40758,continuous_ofSupportedIn,"theorem continuous_ofSupportedIn {K : Compacts E} (K_sub_Ω : (K : Set E) ⊆ Ω) : Continuous (ofSupportedIn K_sub_Ω : 𝓓^{n}_{K}(E, F) → 𝓓^{n}(Ω, F))",1,"### Detailed Proof

**Problem Analysis:**
We need to prove that the map `ofSupportedIn K_sub_Ω : 𝓓^{n}_{K}(E, F) → 𝓓^{n}(Ω, F)` is continuous. 

1. **Understanding the Problem:**
   - `K",1.68,unconstrained,### Detailed Proof,parse_fail,"No terminal matches '#' in the current parser context, at line 1 col 1",<punct>,True,Detailed;Proof,False,multiline:5
40758,continuous_ofSupportedIn,"theorem continuous_ofSupportedIn {K : Compacts E} (K_sub_Ω : (K : Set E) ⊆ Ω) : Continuous (ofSupportedIn K_sub_Ω : 𝓓^{n}_{K}(E, F) → 𝓓^{n}(Ω, F))",2,"### Detailed Proof and Analysis

First, let's understand the problem. We are given a compact subset `K` of `E` (where `E` is a type) such that `K` is contained in `Ω` (a subset of `E`). The goal is to show that the function `of",1.68,unconstrained,### Detailed Proof and Analysis,parse_fail,"No terminal matches '#' in the current parser context, at line 1 col 1",<punct>,True,Analysis;Detailed;Proof,False,multiline:2
40758,continuous_ofSupportedIn,"theorem continuous_ofSupportedIn {K : Compacts E} (K_sub_Ω : (K : Set E) ⊆ Ω) : Continuous (ofSupportedIn K_sub_Ω : 𝓓^{n}_{K}(E, F) → 𝓓^{n}(Ω, F))",3,"### Detailed Proof

**Problem Analysis:**
The theorem states that the `ofSupportedIn` function is continuous when `K` is a compact subset of `Ω`. Here, `K` is a compact subset of `E`, and we have the hypothesis `K_sub_Ω : (K : Set E)",1.69,unconstrained,### Detailed Proof,parse_fail,"No terminal matches '#' in the current parser context, at line 1 col 1",<punct>,True,Detailed;Proof,False,multiline:3
40758,continuous_ofSupportedIn,"theorem continuous_ofSupportedIn {K : Compacts E} (K_sub_Ω : (K : Set E) ⊆ Ω) : Continuous (ofSupportedIn K_sub_Ω : 𝓓^{n}_{K}(E, F) → 𝓓^{n}(Ω, F))",4,"### Step-by-Step Abstract Plan

1. **Understand the Problem**:
   - We are given a compact set `K` in a topological space `E` (since `K : Compacts E`).
   - We are given that `K` is a subset of `Ω` (i",1.69,unconstrained,### Step-by-Step Abstract Plan,parse_fail,"No terminal matches '#' in the current parser context, at line 1 col 1",<punct>,True,Abstract;Plan;Step,False,multiline:4
40758,continuous_ofSupportedIn,"theorem continuous_ofSupportedIn {K : Compacts E} (K_sub_Ω : (K : Set E) ⊆ Ω) : Continuous (ofSupportedIn K_sub_Ω : 𝓓^{n}_{K}(E, F) → 𝓓^{n}(Ω, F))",5,"### Step 1: Understand the Statement

The theorem states that if `K` is a compact subset of `E` and `K` is a subset of `Ω`, then the map `ofSupportedIn K_sub_Ω` is continuous. Here, `ofSupportedIn K_sub_Ω` is a",1.69,unconstrained,### Step 1: Understand the Statement,parse_fail,"No terminal matches '#' in the current parser context, at line 1 col 1",<punct>,True,Step;Understand,False,multiline:2
40758,continuous_ofSupportedIn,"theorem continuous_ofSupportedIn {K : Compacts E} (K_sub_Ω : (K : Set E) ⊆ Ω) : Continuous (ofSupportedIn K_sub_Ω : 𝓓^{n}_{K}(E, F) → 𝓓^{n}(Ω, F))",6,"### Step 1: Understand the Problem

We are given:
1. A compact subset `K` of a normed group `E` (though `E` is not necessarily a normed group, it is a normed space).
2. A subset `Ω` of `E`.
3. The hypothesis",1.68,unconstrained,### Step 1: Understand the Problem,parse_fail,"No terminal matches '#' in the current parser context, at line 1 col 1",<punct>,True,Problem;Step;Understand,False,multiline:5
40758,continuous_ofSupportedIn,"theorem continuous_ofSupportedIn {K : Compacts E} (K_sub_Ω : (K : Set E) ⊆ Ω) : Continuous (ofSupportedIn K_sub_Ω : 𝓓^{n}_{K}(E, F) → 𝓓^{n}(Ω, F))",7,"### Detailed Proof

**Problem Analysis:**
We need to prove that the `ofSupportedIn` function is continuous when `K` is a compact subset of `E` and `K` is a subset of `Ω`. Here, `ofSupportedIn K_sub_Ω` is a map from `𝓓",1.69,unconstrained,### Detailed Proof,parse_fail,"No terminal matches '#' in the current parser context, at line 1 col 1",<punct>,True,Detailed;Proof,False,multiline:3
56443,preservesFiniteColimits_of_evaluation,"lemma preservesFiniteColimits_of_evaluation {D : Type*} [Category* D] {E : Type*} [Category* E] (F : C ⥤ D ⥤ E) (h : ∀ d : D, PreservesFiniteColimits (F ⋙ (evaluation D E).obj d)) : PreservesFiniteColimits F",0,"### Detailed Proof and Analysis

**Problem Analysis:**
We are given a composition of functors `F : C → D → E` (where `C`, `D`, and `E` are categories) and a hypothesis `h` that for every object `d : D`, the composition `F",1.69,unconstrained,### Detailed Proof and Analysis,parse_fail,"No terminal matches '#' in the current parser context, at line 1 col 1",<punct>,True,Analysis;Detailed;Proof,False,multiline:3
56443,preservesFiniteColimits_of_evaluation,"lemma preservesFiniteColimits_of_evaluation {D : Type*} [Category* D] {E : Type*} [Category* E] (F : C ⥤ D ⥤ E) (h : ∀ d : D, PreservesFiniteColimits (F ⋙ (evaluation D E).obj d)) : PreservesFiniteColimits F",1,"### Detailed Proof and Analysis

We are given a theorem that states: If for every object `d` in a category `D`, the composition of a 2-functor `F : C ⥤ D ⥤ E` with the evaluation 2-functor at `d` preserves finite col",1.7,unconstrained,### Detailed Proof and Analysis,parse_fail,"No terminal matches '#' in the current parser context, at line 1 col 1",<punct>,True,Analysis;Detailed;Proof,False,multiline:2
56443,preservesFiniteColimits_of_evaluation,"lemma preservesFiniteColimits_of_evaluation {D : Type*} [Category* D] {E : Type*} [Category* E] (F : C ⥤ D ⥤ E) (h : ∀ d : D, PreservesFiniteColimits (F ⋙ (evaluation D E).obj d)) : PreservesFiniteColimits F",2,"### Lean 4 Proof Sketch with `have` Statements

```lean
theorem preservesFiniteColimits_of_evaluation {D : Type*} [Category* D] {E : Type*} [Category* E] (F : C ⥤ D ⥤ E) (h : ∀ d : D",1.69,unconstrained,### Lean 4 Proof Sketch with `have` Statements,parse_fail,"No terminal matches '#' in the current parser context, at line 1 col 1",<punct>,True,Lean;Proof;Sketch;Statements,False,multiline:3
56443,preservesFiniteColimits_of_evaluation,"lemma preservesFiniteColimits_of_evaluation {D : Type*} [Category* D] {E : Type*} [Category* E] (F : C ⥤ D ⥤ E) (h : ∀ d : D, PreservesFiniteColimits (F ⋙ (evaluation D E).obj d)) : PreservesFiniteColimits F",3,"### Lean 4 Proof with `have` Statements

```lean
theorem preservesFiniteColimits_of_evaluation {D : Type*} [Category* D] {E : Type*} [Category* E] (F : C ⥤ D ⥤ E) (h : ∀ d : D,",1.69,unconstrained,### Lean 4 Proof with `have` Statements,parse_fail,"No terminal matches '#' in the current parser context, at line 1 col 1",<punct>,True,Lean;Proof;Statements,False,multiline:3
56443,preservesFiniteColimits_of_evaluation,"lemma preservesFiniteColimits_of_evaluation {D : Type*} [Category* D] {E : Type*} [Category* E] (F : C ⥤ D ⥤ E) (h : ∀ d : D, PreservesFiniteColimits (F ⋙ (evaluation D E).obj d)) : PreservesFiniteColimits F",4,"### Understanding the Problem

First, let's understand what the theorem is saying:

1. **Types and Categories**:
   - `D` and `E` are types (here, treated as categories with a single object, since Lean's `Type*` is not necessarily a category with many objects).
   -",1.68,unconstrained,### Understanding the Problem,parse_fail,"No terminal matches '#' in the current parser context, at line 1 col 1",<punct>,True,Problem;Understanding,False,multiline:5
56443,preservesFiniteColimits_of_evaluation,"lemma preservesFiniteColimits_of_evaluation {D : Type*} [Category* D] {E : Type*} [Category* E] (F : C ⥤ D ⥤ E) (h : ∀ d : D, PreservesFiniteColimits (F ⋙ (evaluation D E).obj d)) : PreservesFiniteColimits F",5,"### Step 1: Understand the Problem

We are given a composition of functors `F : C → D → E` (where `C`, `D`, and `E` are categories) and a hypothesis that for every object `d : D`, the composition `F ⋙ (evaluation D E",1.68,unconstrained,### Step 1: Understand the Problem,parse_fail,"No terminal matches '#' in the current parser context, at line 1 col 1",<punct>,True,Problem;Step;Understand,False,multiline:2
56443,preservesFiniteColimits_of_evaluation,"lemma preservesFiniteColimits_of_evaluation {D : Type*} [Category* D] {E : Type*} [Category* E] (F : C ⥤ D ⥤ E) (h : ∀ d : D, PreservesFiniteColimits (F ⋙ (evaluation D E).obj d)) : PreservesFiniteColimits F",6,"### Step 1: Understand the Problem

We are given a theorem about functors between categories. Specifically:
- `D` is a category (but it's not required to be complete or have any special properties).
- `E` is another category (similarly, not necessarily complete or have any special properties).
",1.68,unconstrained,### Step 1: Understand the Problem,parse_fail,"No terminal matches '#' in the current parser context, at line 1 col 1",<punct>,True,Problem;Step;Understand,False,multiline:4
56443,preservesFiniteColimits_of_evaluation,"lemma preservesFiniteColimits_of_evaluation {D : Type*} [Category* D] {E : Type*} [Category* E] (F : C ⥤ D ⥤ E) (h : ∀ d : D, PreservesFiniteColimits (F ⋙ (evaluation D E).obj d)) : PreservesFiniteColimits F",7,"### Detailed Proof

#### Understanding the Problem

First, we need to understand what the theorem is stating and what the assumptions are:

1. **Types and Categories**: 
   - `D` and `E` are types equipped with category structures (`[Category* D]`, `[Category* E]`). 
  ",1.68,unconstrained,### Detailed Proof,parse_fail,"No terminal matches '#' in the current parser context, at line 1 col 1",<punct>,True,Detailed;Proof,False,multiline:5
88236,lt_translationNumber_of_forall_add_lt,"theorem lt_translationNumber_of_forall_add_lt (hf : Continuous f) {z : ℝ} (hz : ∀ x, x + z < f x) : z < τ f",0,"### Understanding the Problem

First, I need to understand the problem:

We have a continuous function `f : ℝ → ℝ` and a real number `z` such that for all real numbers `x`, `x + z < f(x)`. We need to prove that `z < τ f`, where `",1.69,unconstrained,### Understanding the Problem,parse_fail,"No terminal matches '#' in the current parser context, at line 1 col 1",<punct>,True,Problem;Understanding,False,multiline:3
88236,lt_translationNumber_of_forall_add_lt,"theorem lt_translationNumber_of_forall_add_lt (hf : Continuous f) {z : ℝ} (hz : ∀ x, x + z < f x) : z < τ f",1,"### Understanding the Problem

We are given:
1. `f : ℝ → ℝ` is a continuous function.
2. For all real numbers `x`, `x + z < f(x)`.
We need to prove that `z < τ f`, where `τ f` is some value associated with `f",1.68,unconstrained,### Understanding the Problem,parse_fail,"No terminal matches '#' in the current parser context, at line 1 col 1",<punct>,True,Problem;Understanding,False,multiline:5
88236,lt_translationNumber_of_forall_add_lt,"theorem lt_translationNumber_of_forall_add_lt (hf : Continuous f) {z : ℝ} (hz : ∀ x, x + z < f x) : z < τ f",2,"### Detailed Proof and Analysis

**Problem Analysis:**
We are given a continuous function `f : ℝ → ℝ` and a real number `z` such that for all real numbers `x`, the inequality `x + z < f(x)` holds. We need to prove that `z < τ f`, where",1.68,unconstrained,### Detailed Proof and Analysis,parse_fail,"No terminal matches '#' in the current parser context, at line 1 col 1",<punct>,True,Analysis;Detailed;Proof,False,multiline:3
88236,lt_translationNumber_of_forall_add_lt,"theorem lt_translationNumber_of_forall_add_lt (hf : Continuous f) {z : ℝ} (hz : ∀ x, x + z < f x) : z < τ f",3,"### Step 1: Understand the Problem

We need to prove that `z < τ f` under the following hypotheses:
1. `f` is a continuous real-valued function (`Continuous f`).
2. For every real number `x`, `x + z < f x`.

Here, `τ f",1.68,unconstrained,### Step 1: Understand the Problem,parse_fail,"No terminal matches '#' in the current parser context, at line 1 col 1",<punct>,True,Problem;Step;Understand,False,multiline:5
88236,lt_translationNumber_of_forall_add_lt,"theorem lt_translationNumber_of_forall_add_lt (hf : Continuous f) {z : ℝ} (hz : ∀ x, x + z < f x) : z < τ f",4,"### Detailed Proof and Analysis

We are given:
1. `f : ℝ → ℝ` is continuous.
2. For all real numbers `x`, `x + z < f(x)`.
3. We must prove that `z < τ f`, where `τ f` is the translation number of `f",1.68,unconstrained,### Detailed Proof and Analysis,parse_fail,"No terminal matches '#' in the current parser context, at line 1 col 1",<punct>,True,Analysis;Detailed;Proof,False,multiline:5
88236,lt_translationNumber_of_forall_add_lt,"theorem lt_translationNumber_of_forall_add_lt (hf : Continuous f) {z : ℝ} (hz : ∀ x, x + z < f x) : z < τ f",5,"### Understanding the Problem

First, let's understand what the theorem is saying. We have:
1. A continuous function `f : ℝ → ℝ`.
2. A real number `z` such that for every real number `x`, `x + z < f(x)`.
3. The goal is to prove",1.69,unconstrained,### Understanding the Problem,parse_fail,"No terminal matches '#' in the current parser context, at line 1 col 1",<punct>,True,Problem;Understanding,False,multiline:5
88236,lt_translationNumber_of_forall_add_lt,"theorem lt_translationNumber_of_forall_add_lt (hf : Continuous f) {z : ℝ} (hz : ∀ x, x + z < f x) : z < τ f",6,"### Lean 4 Proof with `have` Statements

```lean
theorem lt_translationNumber_of_forall_add_lt (hf : Continuous f) {z : ℝ} (hz : ∀ x, x + z < f x) : z < τ f
by
  have h_main : z < τ f",1.67,unconstrained,### Lean 4 Proof with `have` Statements,parse_fail,"No terminal matches '#' in the current parser context, at line 1 col 1",<punct>,True,Lean;Proof;Statements,False,multiline:5
88236,lt_translationNumber_of_forall_add_lt,"theorem lt_translationNumber_of_forall_add_lt (hf : Continuous f) {z : ℝ} (hz : ∀ x, x + z < f x) : z < τ f",7,"### Detailed Proof and Analysis

**Problem Analysis:**
We are given a continuous function `f : ℝ → ℝ` and a real number `z` such that for every real number `x`, the inequality `x + z < f(x)` holds. We need to prove that `z < τ f`, where",1.67,unconstrained,### Detailed Proof and Analysis,parse_fail,"No terminal matches '#' in the current parser context, at line 1 col 1",<punct>,True,Analysis;Detailed;Proof,False,multiline:3
26793,natDegree_,lemma natDegree_Ψ₂Sq (h : (4 : R) ≠ 0) : W.Ψ₂Sq.natDegree = 3,0,"### Lean 4 Proof Sketch

```lean4
theorem lean_workbook_plus_24009  (h : (4 : R) ≠ 0) : W.Ψ₂Sq.natDegree = 3 := by
  have h₁ : W.Ψ₂Sq.natDegree =",1.68,unconstrained,### Lean 4 Proof Sketch,parse_fail,"No terminal matches '#' in the current parser context, at line 1 col 1",<punct>,True,Lean;Proof;Sketch,False,multiline:4
26793,natDegree_,lemma natDegree_Ψ₂Sq (h : (4 : R) ≠ 0) : W.Ψ₂Sq.natDegree = 3,1,"### Analysis and Proof Sketch

1. **Understanding the Problem**:
   - We need to prove that the `natDegree` of `W.Ψ₂Sq` is `3`. 
   - Here, `W.Ψ₂Sq` is some polynomial (likely in a polynomial ring over `R`, where",1.67,unconstrained,### Analysis and Proof Sketch,parse_fail,"No terminal matches '#' in the current parser context, at line 1 col 1",<punct>,True,Analysis;Proof;Sketch,False,multiline:4
26793,natDegree_,lemma natDegree_Ψ₂Sq (h : (4 : R) ≠ 0) : W.Ψ₂Sq.natDegree = 3,2,"### Understanding the Problem

First, I need to understand what the theorem is stating and what the components are. The theorem is about the natural degree of a polynomial `W.Ψ₂Sq` in a ring `R` where `4 ≠ 0`. 

However, there are several issues with this formulation:
1",1.67,unconstrained,### Understanding the Problem,parse_fail,"No terminal matches '#' in the current parser context, at line 1 col 1",<punct>,True,Problem;Understanding,False,multiline:4
26793,natDegree_,lemma natDegree_Ψ₂Sq (h : (4 : R) ≠ 0) : W.Ψ₂Sq.natDegree = 3,3,"### Step 1: Understand the Problem

First, we need to understand what the theorem is stating. The theorem is about the `natDegree` of `W.Ψ₂Sq`, which is a polynomial (or a function representing a polynomial) in some context. The hypothesis is that `(4 : R) ≠",1.68,unconstrained,### Step 1: Understand the Problem,parse_fail,"No terminal matches '#' in the current parser context, at line 1 col 1",<punct>,True,Problem;Step;Understand,False,multiline:2
26793,natDegree_,lemma natDegree_Ψ₂Sq (h : (4 : R) ≠ 0) : W.Ψ₂Sq.natDegree = 3,4,"### Understanding the Problem

First, we need to understand what the theorem is stating and the Lean 4 code involved.

1. **The Lean 4 Statement**:
   - The theorem states that `W.Ψ₂Sq.natDegree = 3` under the hypothesis that `(4 : R) ≠ ",1.68,unconstrained,### Understanding the Problem,parse_fail,"No terminal matches '#' in the current parser context, at line 1 col 1",<punct>,True,Problem;Understanding,False,multiline:4
26793,natDegree_,lemma natDegree_Ψ₂Sq (h : (4 : R) ≠ 0) : W.Ψ₂Sq.natDegree = 3,5,"### Step 1: Understand the Problem
First, we need to understand what the Lean theorem is stating and what `W.Ψ₂Sq` refers to. The theorem is:
```lean
lemma natDegree_Ψ₂Sq (h : (4 : R) ≠ 0) : W.Ψ₂",1.68,unconstrained,### Step 1: Understand the Problem,parse_fail,"No terminal matches '#' in the current parser context, at line 1 col 1",<punct>,True,Problem;Step;Understand,False,multiline:4
26793,natDegree_,lemma natDegree_Ψ₂Sq (h : (4 : R) ≠ 0) : W.Ψ₂Sq.natDegree = 3,6,"### Understanding the Problem

First, let's understand the statement we are trying to prove:
- The theorem states that the `natDegree` of `W.Ψ₂Sq` is `3`, under the hypothesis that `4 ≠ 0` in the ring `R`.
- The `natDegree` of a",1.68,unconstrained,### Understanding the Problem,parse_fail,"No terminal matches '#' in the current parser context, at line 1 col 1",<punct>,True,Problem;Understanding,False,multiline:4
26793,natDegree_,lemma natDegree_Ψ₂Sq (h : (4 : R) ≠ 0) : W.Ψ₂Sq.natDegree = 3,7,"### Step 1: Understand the Problem

First, we need to understand what the theorem is stating and what its components are:
1. **Variables and Assumptions**:
   - `h : (4 : R) ≠ 0`: This is a hypothesis about the ring `R`. The statement `(4",1.68,unconstrained,### Step 1: Understand the Problem,parse_fail,"No terminal matches '#' in the current parser context, at line 1 col 1",<punct>,True,Problem;Step;Understand,False,multiline:4
24312,Antiperiodic,theorem Antiperiodic.odd_nsmul_antiperiodic [AddMonoid α] [InvolutiveNeg β] (h : Antiperiodic f c) (n : ℕ) : Antiperiodic f ((2 * n + 1) • c),0,"### Detailed Proof

#### Problem Analysis
We are given:
1. `α` is an additive monoid.
2. `β` is an involutive negation (i.e., for all `x : β`, `-(-x) = x`).
3. `f : α → β` is an",1.68,unconstrained,### Detailed Proof,parse_fail,"No terminal matches '#' in the current parser context, at line 1 col 1",<punct>,True,Detailed;Proof,False,multiline:6
24312,Antiperiodic,theorem Antiperiodic.odd_nsmul_antiperiodic [AddMonoid α] [InvolutiveNeg β] (h : Antiperiodic f c) (n : ℕ) : Antiperiodic f ((2 * n + 1) • c),1,"### Detailed Proof

**Problem Analysis:**
We need to prove that if `f` is antiperiodic with antiperiod `c`, then it is also antiperiodic with antiperiod `(2 * n + 1) • c` for any natural number `n`. 

**Key Definitions",1.68,unconstrained,### Detailed Proof,parse_fail,"No terminal matches '#' in the current parser context, at line 1 col 1",<punct>,True,Detailed;Proof,False,multiline:4
24312,Antiperiodic,theorem Antiperiodic.odd_nsmul_antiperiodic [AddMonoid α] [InvolutiveNeg β] (h : Antiperiodic f c) (n : ℕ) : Antiperiodic f ((2 * n + 1) • c),2,"### Understanding the Problem

First, let's understand the problem. We have:
1. A function `f : α → β` (although `α` and `β` are not explicitly mentioned, they are inferred from the context).
2. A `AddMonoid α`, which means `α` is an",1.68,unconstrained,### Understanding the Problem,parse_fail,"No terminal matches '#' in the current parser context, at line 1 col 1",<punct>,True,Problem;Understanding,False,multiline:4
24312,Antiperiodic,theorem Antiperiodic.odd_nsmul_antiperiodic [AddMonoid α] [InvolutiveNeg β] (h : Antiperiodic f c) (n : ℕ) : Antiperiodic f ((2 * n + 1) • c),3,"### Step 1: Understand the Problem

We are given:
1. An additive monoid `α` with no further structure.
2. A structure on `β` (a type) where negation is involutive (`InvolutiveNeg β`), but `β` is not further specified.
3.",1.68,unconstrained,### Step 1: Understand the Problem,parse_fail,"No terminal matches '#' in the current parser context, at line 1 col 1",<punct>,True,Problem;Step;Understand,False,multiline:5
24312,Antiperiodic,theorem Antiperiodic.odd_nsmul_antiperiodic [AddMonoid α] [InvolutiveNeg β] (h : Antiperiodic f c) (n : ℕ) : Antiperiodic f ((2 * n + 1) • c),4,"### Lean 4 Proof with `have` Statements

```lean
theorem Antiperiodic.odd_nsmul_antiperiodic [AddMonoid α] [InvolutiveNeg β] (h : Antiperiodic f c) (n : ℕ) : Antiperiodic f ((2",1.69,unconstrained,### Lean 4 Proof with `have` Statements,parse_fail,"No terminal matches '#' in the current parser context, at line 1 col 1",<punct>,True,Lean;Proof;Statements,False,multiline:3
24312,Antiperiodic,theorem Antiperiodic.odd_nsmul_antiperiodic [AddMonoid α] [InvolutiveNeg β] (h : Antiperiodic f c) (n : ℕ) : Antiperiodic f ((2 * n + 1) • c),5,"### Lean 4 Proof Sketch with `have` Statements

```lean
theorem Antiperiodic.odd_nsmul_antiperiodic [AddMonoid α] [InvolutiveNeg β] (h : Antiperiodic f c) (n : ℕ) : Antiperiodic f ((",1.69,unconstrained,### Lean 4 Proof Sketch with `have` Statements,parse_fail,"No terminal matches '#' in the current parser context, at line 1 col 1",<punct>,True,Lean;Proof;Sketch;Statements,False,multiline:3
24312,Antiperiodic,theorem Antiperiodic.odd_nsmul_antiperiodic [AddMonoid α] [InvolutiveNeg β] (h : Antiperiodic f c) (n : ℕ) : Antiperiodic f ((2 * n + 1) • c),6,"### Detailed Proof

#### Problem Analysis
We are given a function `f : α → β` where `α` is an additive monoid and `β` is a type with involutive negation (i.e., `-(-x) = x` for all `x`). We are also given that `f",1.68,unconstrained,### Detailed Proof,parse_fail,"No terminal matches '#' in the current parser context, at line 1 col 1",<punct>,True,Detailed;Proof,False,multiline:3
24312,Antiperiodic,theorem Antiperiodic.odd_nsmul_antiperiodic [AddMonoid α] [InvolutiveNeg β] (h : Antiperiodic f c) (n : ℕ) : Antiperiodic f ((2 * n + 1) • c),7,"### Detailed Proof and Analysis

**Problem Analysis:**
We are given:
1. `f : α → β` is an antiperiodic function with period `c : α` (i.e., `f (a + c) = -f a` for all `a : α`).
2.",1.68,unconstrained,### Detailed Proof and Analysis,parse_fail,"No terminal matches '#' in the current parser context, at line 1 col 1",<punct>,True,Analysis;Detailed;Proof,False,multiline:5
99595,sum_coord_apply_eq_one,"theorem sum_coord_apply_eq_one [Fintype ι] (q : P) : ∑ i, b.coord i q = 1",0,"### Lean 4 Proof Sketch

```lean4
theorem sum_coord_apply_eq_one [Fintype ι] (q : P) : ∑ i, b.coord i q = 1
by
  have h₀ : ∑ i : ι, b.coord i q = 1 :=",1.68,unconstrained,### Lean 4 Proof Sketch,parse_fail,"No terminal matches '#' in the current parser context, at line 1 col 1",<punct>,True,Lean;Proof;Sketch,False,multiline:5
99595,sum_coord_apply_eq_one,"theorem sum_coord_apply_eq_one [Fintype ι] (q : P) : ∑ i, b.coord i q = 1",1,"### Lean 4 Proof with `have` Statements

```lean
theorem sum_coord_apply_eq_one [Fintype ι] (q : P) : ∑ i, b.coord i q = 1
by
  have h₁ : ∑ i, b.coord i q = 1 :=",1.67,unconstrained,### Lean 4 Proof with `have` Statements,parse_fail,"No terminal matches '#' in the current parser context, at line 1 col 1",<punct>,True,Lean;Proof;Statements,False,multiline:5
99595,sum_coord_apply_eq_one,"theorem sum_coord_apply_eq_one [Fintype ι] (q : P) : ∑ i, b.coord i q = 1",2,"### Step-by-Step Abstract Plan

**Problem Analysis:**
The theorem states that the sum of `b.coord i q` over all `i : ι` is equal to `1`. Here, `b` is a function from some type `P` to the type `ι → ℝ` (or",1.68,unconstrained,### Step-by-Step Abstract Plan,parse_fail,"No terminal matches '#' in the current parser context, at line 1 col 1",<punct>,True,Abstract;Plan;Step,False,multiline:3
99595,sum_coord_apply_eq_one,"theorem sum_coord_apply_eq_one [Fintype ι] (q : P) : ∑ i, b.coord i q = 1",3,"### Understanding the Problem

First, we need to understand the theorem statement:

```lean
theorem sum_coord_apply_eq_one [Fintype ι] (q : P) : ∑ i, b.coord i q = 1
by
```

This theorem is about a sum of coordinates of a point",1.69,unconstrained,### Understanding the Problem,parse_fail,"No terminal matches '#' in the current parser context, at line 1 col 1",<punct>,True,Problem;Understanding,False,multiline:7
99595,sum_coord_apply_eq_one,"theorem sum_coord_apply_eq_one [Fintype ι] (q : P) : ∑ i, b.coord i q = 1",4,"### Step 1: Understand the Problem

First, we need to understand the problem statement. The theorem states that for any finite type `ι` and any element `q` of some type `P`, the sum of `b.coord i q` over all `i` is `1`. 

However, there",1.68,unconstrained,### Step 1: Understand the Problem,parse_fail,"No terminal matches '#' in the current parser context, at line 1 col 1",<punct>,True,Problem;Step;Understand,False,multiline:3
99595,sum_coord_apply_eq_one,"theorem sum_coord_apply_eq_one [Fintype ι] (q : P) : ∑ i, b.coord i q = 1",5,"### Analysis of the Problem

First, we need to understand the Lean 4 statement:

```lean
theorem sum_coord_apply_eq_one [Fintype ι] (q : P) : ∑ i, b.coord i q = 1
```

Here, we have:
1. A finite type",1.68,unconstrained,### Analysis of the Problem,parse_fail,"No terminal matches '#' in the current parser context, at line 1 col 1",<punct>,True,Analysis;Problem,False,multiline:7
99595,sum_coord_apply_eq_one,"theorem sum_coord_apply_eq_one [Fintype ι] (q : P) : ∑ i, b.coord i q = 1",6,"### Analysis and Proof Sketch

First, we need to understand the problem. We are given:
1. A finite type `ι` (since `Fintype ι` is a hypothesis).
2. A term `q : P` (where `P` is some type, but we don't know its",1.68,unconstrained,### Analysis and Proof Sketch,parse_fail,"No terminal matches '#' in the current parser context, at line 1 col 1",<punct>,True,Analysis;Proof;Sketch,False,multiline:4
99595,sum_coord_apply_eq_one,"theorem sum_coord_apply_eq_one [Fintype ι] (q : P) : ∑ i, b.coord i q = 1",7,"### Detailed Analysis

First, let's understand the problem:
1. The theorem is about a sum of coordinates of a point `q` in a space `P` with respect to some basis `b`. The sum of these coordinates is claimed to be `1`.
2. However, the Lean statement is incomplete because",1.68,unconstrained,### Detailed Analysis,parse_fail,"No terminal matches '#' in the current parser context, at line 1 col 1",<punct>,True,Analysis;Detailed,False,multiline:4
25353,intrinsicStar_toLin',theorem intrinsicStar_toLin' (A : Matrix n m R) : star (toConv A.toLin') = toConv (A.map star).toLin',0,"### Detailed Analysis and Proof Sketch

First, let's carefully understand the problem. We are given a matrix `A` of size `n x m` with entries in a ring `R` (with an involution `star`). We are to prove that the `star` of the linear map associated with `A",1.69,unconstrained,### Detailed Analysis and Proof Sketch,parse_fail,"No terminal matches '#' in the current parser context, at line 1 col 1",<punct>,True,Analysis;Detailed;Proof;Sketch,False,multiline:2
25353,intrinsicStar_toLin',theorem intrinsicStar_toLin' (A : Matrix n m R) : star (toConv A.toLin') = toConv (A.map star).toLin',1,"### Step-by-Step Proof and Analysis

First, let's understand the problem:
We have a matrix `A : Matrix n m R`, and we are to prove that `star (toConv A.toLin') = toConv (A.map star).toLin'`.

1. **Understanding the Components**:
",1.69,unconstrained,### Step-by-Step Proof and Analysis,parse_fail,"No terminal matches '#' in the current parser context, at line 1 col 1",<punct>,True,Analysis;Proof;Step,False,multiline:4
25353,intrinsicStar_toLin',theorem intrinsicStar_toLin' (A : Matrix n m R) : star (toConv A.toLin') = toConv (A.map star).toLin',2,"### Lean 4 Proof Step

```lean
theorem intrinsicStar_toLin' (A : Matrix n m R) : star (toConv A.toLin') = toConv (A.map star).toLin'
by
  have h₁ : star (toConv A.toLin') = toConv (A",1.68,unconstrained,### Lean 4 Proof Step,parse_fail,"No terminal matches '#' in the current parser context, at line 1 col 1",<punct>,True,Lean;Proof;Step,False,multiline:5
25353,intrinsicStar_toLin',theorem intrinsicStar_toLin' (A : Matrix n m R) : star (toConv A.toLin') = toConv (A.map star).toLin',3,"### Step 1: Understand the Problem

We are given a matrix `A` of type `Matrix n m R` (where `n` and `m` are natural numbers and `R` is a ring). The goal is to prove that the star of the linear map associated with the transpose of `A",1.68,unconstrained,### Step 1: Understand the Problem,parse_fail,"No terminal matches '#' in the current parser context, at line 1 col 1",<punct>,True,Problem;Step;Understand,False,multiline:2
25353,intrinsicStar_toLin',theorem intrinsicStar_toLin' (A : Matrix n m R) : star (toConv A.toLin') = toConv (A.map star).toLin',4,"### Detailed Proof and Analysis

#### Problem Breakdown
We need to prove that the star of the linear map associated with a matrix `A` (i.e., `star (toConv A.toLin')`) is equal to the linear map associated with the star of `A` (i.e., `toConv",1.68,unconstrained,### Detailed Proof and Analysis,parse_fail,"No terminal matches '#' in the current parser context, at line 1 col 1",<punct>,True,Analysis;Detailed;Proof,False,multiline:3
25353,intrinsicStar_toLin',theorem intrinsicStar_toLin' (A : Matrix n m R) : star (toConv A.toLin') = toConv (A.map star).toLin',5,"### Detailed Proof and Analysis

First, let's understand the problem. We are given a matrix `A` of type `Matrix n m R`, where `R` is a commutative ring (though this is not explicitly stated, it is implied by the use of `star` operations). We need to prove",1.67,unconstrained,### Detailed Proof and Analysis,parse_fail,"No terminal matches '#' in the current parser context, at line 1 col 1",<punct>,True,Analysis;Detailed;Proof,False,multiline:2
25353,intrinsicStar_toLin',theorem intrinsicStar_toLin' (A : Matrix n m R) : star (toConv A.toLin') = toConv (A.map star).toLin',6,"### Understanding the Problem

First, let's understand what the theorem is saying. We are given a matrix `A` of size `n x m` with entries in a ring `R`. The notation `toConv A.toLin'` is not standard, so I need to figure out what it means. 

",1.67,unconstrained,### Understanding the Problem,parse_fail,"No terminal matches '#' in the current parser context, at line 1 col 1",<punct>,True,Problem;Understanding,False,multiline:2
25353,intrinsicStar_toLin',theorem intrinsicStar_toLin' (A : Matrix n m R) : star (toConv A.toLin') = toConv (A.map star).toLin',7,"### Step 1: Understand the Problem

The goal is to prove that the conjugate transpose of the linear map associated with a matrix `A` is equal to the linear map associated with the conjugate transpose of `A`. 

However, the statement in Lean is slightly different:
- `star (toConv A",1.68,unconstrained,### Step 1: Understand the Problem,parse_fail,"No terminal matches '#' in the current parser context, at line 1 col 1",<punct>,True,Problem;Step;Understand,False,multiline:4
94104,writtenInExtChartAt_sumSwap_eventuallyEq_id,lemma writtenInExtChartAt_sumSwap_eventuallyEq_id : writtenInExtChartAt I I p Sum.swap =ᶠ[𝓝[range I] (I <| chartAt H p p)] id,0,"### Understanding the Problem

The statement involves a Lean 4 theorem about the equivalence of two filters. The filters are:
1. `writtenInExtChartAt I I p Sum.swap`
2. `id` (the identity function)

The theorem claims that these two filters are eventually equal (`=ᶠ`), under",1.69,unconstrained,### Understanding the Problem,parse_fail,"No terminal matches '#' in the current parser context, at line 1 col 1",<punct>,True,Problem;Understanding,False,multiline:5
94104,writtenInExtChartAt_sumSwap_eventuallyEq_id,lemma writtenInExtChartAt_sumSwap_eventuallyEq_id : writtenInExtChartAt I I p Sum.swap =ᶠ[𝓝[range I] (I <| chartAt H p p)] id,1,"### Understanding the Problem

First, let's understand what the theorem is stating. The theorem is:

**Theorem**: `writtenInExtChartAt I I p Sum.swap =ᶠ[𝓝[range I] (I <| chartAt H p p)] id`

This is a statement about the equality of two",1.68,unconstrained,### Understanding the Problem,parse_fail,"No terminal matches '#' in the current parser context, at line 1 col 1",<punct>,True,Problem;Understanding,False,multiline:4
94104,writtenInExtChartAt_sumSwap_eventuallyEq_id,lemma writtenInExtChartAt_sumSwap_eventuallyEq_id : writtenInExtChartAt I I p Sum.swap =ᶠ[𝓝[range I] (I <| chartAt H p p)] id,2,"### Detailed Analysis and Proof

First, let's understand the statement:

**Statement**: `writtenInExtChartAt I I p Sum.swap =ᶠ[𝓝[range I] (I <| chartAt H p p)] id`

This is a filter eventuality statement (`=ᶠ`), which means that the",1.69,unconstrained,### Detailed Analysis and Proof,parse_fail,"No terminal matches '#' in the current parser context, at line 1 col 1",<punct>,True,Analysis;Detailed;Proof,False,multiline:4
94104,writtenInExtChartAt_sumSwap_eventuallyEq_id,lemma writtenInExtChartAt_sumSwap_eventuallyEq_id : writtenInExtChartAt I I p Sum.swap =ᶠ[𝓝[range I] (I <| chartAt H p p)] id,3,"### Understanding the Problem

First, let's understand the statement we are trying to prove:

**Theorem**: 
`writtenInExtChartAt I I p Sum.swap =ᶠ[𝓝[range I] (I <| chartAt H p p)] id`

However, upon closer inspection, the statement seems incomplete",1.67,unconstrained,### Understanding the Problem,parse_fail,"No terminal matches '#' in the current parser context, at line 1 col 1",<punct>,True,Problem;Understanding,False,multiline:5
94104,writtenInExtChartAt_sumSwap_eventuallyEq_id,lemma writtenInExtChartAt_sumSwap_eventuallyEq_id : writtenInExtChartAt I I p Sum.swap =ᶠ[𝓝[range I] (I <| chartAt H p p)] id,4,"### Understanding the Problem

The theorem statement is:
```lean
lemma writtenInExtChartAt_sumSwap_eventuallyEq_id : writtenInExtChartAt I I p Sum.swap =ᶠ[𝓝[range I] (I <| chartAt H p p)] id
by
```

This seems to be",1.68,unconstrained,### Understanding the Problem,parse_fail,"No terminal matches '#' in the current parser context, at line 1 col 1",<punct>,True,Problem;Understanding,False,multiline:7
94104,writtenInExtChartAt_sumSwap_eventuallyEq_id,lemma writtenInExtChartAt_sumSwap_eventuallyEq_id : writtenInExtChartAt I I p Sum.swap =ᶠ[𝓝[range I] (I <| chartAt H p p)] id,5,"### Detailed Proof and Analysis

#### Understanding the Problem

First, let's understand what the theorem is stating. We have:
- `I : Type` is a type.
- `H : Type` is a type representing a ""chart"" or ""coordinate system"" (though the exact meaning is unclear).
- `",1.68,unconstrained,### Detailed Proof and Analysis,parse_fail,"No terminal matches '#' in the current parser context, at line 1 col 1",<punct>,True,Analysis;Detailed;Proof,False,multiline:6
94104,writtenInExtChartAt_sumSwap_eventuallyEq_id,lemma writtenInExtChartAt_sumSwap_eventuallyEq_id : writtenInExtChartAt I I p Sum.swap =ᶠ[𝓝[range I] (I <| chartAt H p p)] id,6,"### Understanding the Problem

First, let's understand what the Lean theorem is stating. The theorem is about the equivalence of two functions (or more precisely, their equivalence in some neighborhood) in the context of a manifold. However, the statement is somewhat abstract, and some terms are not fully explained here (e.g.,",1.68,unconstrained,### Understanding the Problem,parse_fail,"No terminal matches '#' in the current parser context, at line 1 col 1",<punct>,True,Problem;Understanding,False,multiline:2
94104,writtenInExtChartAt_sumSwap_eventuallyEq_id,lemma writtenInExtChartAt_sumSwap_eventuallyEq_id : writtenInExtChartAt I I p Sum.swap =ᶠ[𝓝[range I] (I <| chartAt H p p)] id,7,"### Step 1: Understand the Statement

The statement to prove is:

```lean
writtenInExtChartAt I I p Sum.swap =ᶠ[𝓝[range I] (I <| chartAt H p p)] id
```

This means that the `writtenInExtChartAt` function applied to",1.68,unconstrained,### Step 1: Understand the Statement,parse_fail,"No terminal matches '#' in the current parser context, at line 1 col 1",<punct>,True,Step;Understand,False,multiline:6
90165,card_of_separable,theorem card_of_separable (hp : p.Separable) : Nat.card p.Gal = finrank F p.SplittingField,0,"### Understanding the Problem

First, I need to understand what the theorem is stating and what the components involved are:

1. **`p`**: This is a polynomial over a field `F`. In Lean, `p` is of type `F[X]` (polynomials with coefficients in `F`),",1.68,unconstrained,### Understanding the Problem,parse_fail,"No terminal matches '#' in the current parser context, at line 1 col 1",<punct>,True,Problem;Understanding,False,multiline:3
90165,card_of_separable,theorem card_of_separable (hp : p.Separable) : Nat.card p.Gal = finrank F p.SplittingField,1,"### Lean 4 Proof Sketch

```lean4
theorem card_of_separable (hp : p.Separable) : Nat.card p.Gal = finrank F p.SplittingField
by
  have h_main : Nat.card p.Gal = finrank F p.SplittingField := by sorry
 ",1.68,unconstrained,### Lean 4 Proof Sketch,parse_fail,"No terminal matches '#' in the current parser context, at line 1 col 1",<punct>,True,Lean;Proof;Sketch,False,multiline:5
90165,card_of_separable,theorem card_of_separable (hp : p.Separable) : Nat.card p.Gal = finrank F p.SplittingField,2,"### Lean 4 Proof with `have` Statements

```lean
theorem card_of_separable (hp : p.Separable) : Nat.card p.Gal = finrank F p.SplittingField
by
  have h_main : Nat.card p.Gal = finrank F p.SplittingField := by",1.68,unconstrained,### Lean 4 Proof with `have` Statements,parse_fail,"No terminal matches '#' in the current parser context, at line 1 col 1",<punct>,True,Lean;Proof;Statements,False,multiline:5
90165,card_of_separable,theorem card_of_separable (hp : p.Separable) : Nat.card p.Gal = finrank F p.SplittingField,3,"### Abstract Plan

1. **Understand the Statement**: The theorem states that the cardinality of the Galois group of a separable polynomial `p` is equal to the degree of its splitting field over the base field `F`. 

2. **Key Observations**:
   - The polynomial `p`",1.67,unconstrained,### Abstract Plan,parse_fail,"No terminal matches '#' in the current parser context, at line 1 col 1",<punct>,True,Abstract;Plan,False,multiline:4
90165,card_of_separable,theorem card_of_separable (hp : p.Separable) : Nat.card p.Gal = finrank F p.SplittingField,4,"### Step 1: Understand the Problem

First, we need to understand what the Lean 4 theorem is stating. The theorem is:

```lean
theorem card_of_separable (hp : p.Separable) : Nat.card p.Gal = finrank F p.SplittingField
```

Here, `",1.68,unconstrained,### Step 1: Understand the Problem,parse_fail,"No terminal matches '#' in the current parser context, at line 1 col 1",<punct>,True,Problem;Step;Understand,False,multiline:6
90165,card_of_separable,theorem card_of_separable (hp : p.Separable) : Nat.card p.Gal = finrank F p.SplittingField,5,"### Understanding the Problem

First, we need to understand what the theorem is stating and what the assumptions are:

1. **Assumption**: `p` is a separable polynomial (`hp : p.Separable`).
2. **Conclusion**: The cardinality of the Galois group of `p` (den",1.68,unconstrained,### Understanding the Problem,parse_fail,"No terminal matches '#' in the current parser context, at line 1 col 1",<punct>,True,Problem;Understanding,False,multiline:4
90165,card_of_separable,theorem card_of_separable (hp : p.Separable) : Nat.card p.Gal = finrank F p.SplittingField,6,"### Lean 4 Proof Sketch with `have` Statements

```lean4
theorem card_of_separable (hp : p.Separable) : Nat.card p.Gal = finrank F p.SplittingField
by
  have h_main : Nat.card p.Gal = finrank F p.SplittingField",1.67,unconstrained,### Lean 4 Proof Sketch with `have` Statements,parse_fail,"No terminal matches '#' in the current parser context, at line 1 col 1",<punct>,True,Lean;Proof;Sketch;Statements,False,multiline:5
90165,card_of_separable,theorem card_of_separable (hp : p.Separable) : Nat.card p.Gal = finrank F p.SplittingField,7,"### Lean 4 Proof Step

```lean4
theorem card_of_separable (hp : p.Separable) : Nat.card p.Gal = finrank F p.SplittingField
by
  have h : Nat.card p.Gal = finrank F p.SplittingField := by
    sorry
",1.67,unconstrained,### Lean 4 Proof Step,parse_fail,"No terminal matches '#' in the current parser context, at line 1 col 1",<punct>,True,Lean;Proof;Step,False,multiline:6
158263,tsum_const_smul',"lemma tsum_const_smul' {γ : Type*} [Group γ] [DistribMulAction γ α] [ContinuousConstSMul γ α] [T2Space α] (g : γ) : ∑'[L] (i : β), g • f i = g • ∑'[L] (i : β), f i",0,"### Step-by-Step Explanation

1. **Understanding the Problem**:
   The theorem states that for a group `γ` acting on a topological space `α` with a continuous constant scalar multiplication, and given a function `f : β → α`, the sum of `g • f i` over `",1.68,unconstrained,### Step-by-Step Explanation,parse_fail,"No terminal matches '#' in the current parser context, at line 1 col 1",<punct>,True,Explanation;Step,False,multiline:3
158263,tsum_const_smul',"lemma tsum_const_smul' {γ : Type*} [Group γ] [DistribMulAction γ α] [ContinuousConstSMul γ α] [T2Space α] (g : γ) : ∑'[L] (i : β), g • f i = g • ∑'[L] (i : β), f i",1,"### Step 1: Understand the Problem

The problem is about proving the linearity of infinite sums (tsum) in the context of a `DistribMulAction` with a `Group` and `ContinuousConstSMul` structure, over a `T2Space` (which is a topological space with",1.68,unconstrained,### Step 1: Understand the Problem,parse_fail,"No terminal matches '#' in the current parser context, at line 1 col 1",<punct>,True,Problem;Step;Understand,False,multiline:2
158263,tsum_const_smul',"lemma tsum_const_smul' {γ : Type*} [Group γ] [DistribMulAction γ α] [ContinuousConstSMul γ α] [T2Space α] (g : γ) : ∑'[L] (i : β), g • f i = g • ∑'[L] (i : β), f i",2,"### Lean 4 Proof Step

```lean
by
  rw [← tsum_smul]
  <;> simp [smul_smul]
  <;> ring
  <;> simp_all [smul_smul]
  <;> ring
```",1.52,unconstrained,### Lean 4 Proof Step,parse_fail,"No terminal matches '#' in the current parser context, at line 1 col 1",<punct>,True,Lean;Proof;Step,False,multiline:8
158263,tsum_const_smul',"lemma tsum_const_smul' {γ : Type*} [Group γ] [DistribMulAction γ α] [ContinuousConstSMul γ α] [T2Space α] (g : γ) : ∑'[L] (i : β), g • f i = g • ∑'[L] (i : β), f i",3,"### Understanding the Problem

The theorem states that for any element `g` in a group `γ` (with additional structure), and a function `f : β → α` (where `α` is a topological group), the sum of the constant function `i ↦ g • f i` is `",1.68,unconstrained,### Understanding the Problem,parse_fail,"No terminal matches '#' in the current parser context, at line 1 col 1",<punct>,True,Problem;Understanding,False,multiline:2
158263,tsum_const_smul',"lemma tsum_const_smul' {γ : Type*} [Group γ] [DistribMulAction γ α] [ContinuousConstSMul γ α] [T2Space α] (g : γ) : ∑'[L] (i : β), g • f i = g • ∑'[L] (i : β), f i",4,"### Abstract Plan

1. **Understand the Theorem**: The theorem states that for a group `γ`, a distributive action of `γ` on a topological space `α`, and a continuous constant action of `γ` on `α`, the sum of the scaled function `g • f` over",1.68,unconstrained,### Abstract Plan,parse_fail,"No terminal matches '#' in the current parser context, at line 1 col 1",<punct>,True,Abstract;Plan,False,multiline:2
158263,tsum_const_smul',"lemma tsum_const_smul' {γ : Type*} [Group γ] [DistribMulAction γ α] [ContinuousConstSMul γ α] [T2Space α] (g : γ) : ∑'[L] (i : β), g • f i = g • ∑'[L] (i : β), f i",5,"### Step 1: Understand the Problem

The theorem states that for a constant function `f : β → α` (where `α` is a topological vector space and `β` is a type), the sum of the constant function `f` (where `f i = c` for some constant `",1.68,unconstrained,### Step 1: Understand the Problem,parse_fail,"No terminal matches '#' in the current parser context, at line 1 col 1",<punct>,True,Problem;Step;Understand,False,multiline:2
158263,tsum_const_smul',"lemma tsum_const_smul' {γ : Type*} [Group γ] [DistribMulAction γ α] [ContinuousConstSMul γ α] [T2Space α] (g : γ) : ∑'[L] (i : β), g • f i = g • ∑'[L] (i : β), f i",6,"### Step 1: Understand the Problem
The theorem states that for a `Group γ` with a `DistribMulAction γ α` (where `α` is a topological space with a `T2Space` instance), and given a continuous constant scalar multiplication action `[ContinuousConstSMul γ α]",1.69,unconstrained,### Step 1: Understand the Problem,parse_fail,"No terminal matches '#' in the current parser context, at line 1 col 1",<punct>,True,Problem;Step;Understand,False,multiline:2
158263,tsum_const_smul',"lemma tsum_const_smul' {γ : Type*} [Group γ] [DistribMulAction γ α] [ContinuousConstSMul γ α] [T2Space α] (g : γ) : ∑'[L] (i : β), g • f i = g • ∑'[L] (i : β), f i",7,"### Step 1: Understand the Theorem Statement

The theorem states that for any group `γ` acting on a type `α` via a distributive action (`DistribMulAction γ α`), and for any continuous constant scalar multiplication (`ContinuousConstSMul γ α`), and any topological space `",1.69,unconstrained,### Step 1: Understand the Theorem Statement,parse_fail,"No terminal matches '#' in the current parser context, at line 1 col 1",<punct>,True,Step;Theorem;Understand,False,multiline:2
69342,darts_drop,lemma darts_drop (p : G.Walk u v) (n : ℕ) : (p.drop n).darts = p.darts.drop n,0,"### Lean 4 Proof Step

```lean
theorem darts_drop (p : G.Walk u v) (n : ℕ) : (p.drop n).darts = p.darts.drop n := by
  have h₁ : (p.drop n).darts = p.darts.drop n :=",1.74,unconstrained,### Lean 4 Proof Step,parse_fail,"No terminal matches '#' in the current parser context, at line 1 col 1",<punct>,True,Lean;Proof;Step,False,multiline:4
69342,darts_drop,lemma darts_drop (p : G.Walk u v) (n : ℕ) : (p.drop n).darts = p.darts.drop n,1,"### Abstract Plan

1. **Understand the Problem**: We need to prove that the `darts` of `p.drop n` is equal to `p.darts.drop n`, where `p` is a walk from `u` to `v`, and `n` is a natural number. 

2",1.69,unconstrained,### Abstract Plan,parse_fail,"No terminal matches '#' in the current parser context, at line 1 col 1",<punct>,True,Abstract;Plan,False,multiline:3
69342,darts_drop,lemma darts_drop (p : G.Walk u v) (n : ℕ) : (p.drop n).darts = p.darts.drop n,2,"### Lean 4 Proof

```lean
lemma darts_drop (p : G.Walk u v) (n : ℕ) : (p.drop n).darts = p.darts.drop n
by
  -- Use the `simp` tactic to simplify the goal using the definition of `drop` and",1.75,unconstrained,### Lean 4 Proof,parse_fail,"No terminal matches '#' in the current parser context, at line 1 col 1",<punct>,True,Lean;Proof,False,multiline:5
69342,darts_drop,lemma darts_drop (p : G.Walk u v) (n : ℕ) : (p.drop n).darts = p.darts.drop n,3,"### Step 1: Understand the Problem

First, we need to understand what the theorem is saying and what the definitions involved are.

1. **Definitions and Context**:
   - `G.Walk u v` is a structure representing a walk in a graph (though the exact definition is not provided here).
  ",1.7,unconstrained,### Step 1: Understand the Problem,parse_fail,"No terminal matches '#' in the current parser context, at line 1 col 1",<punct>,True,Problem;Step;Understand,False,multiline:4
69342,darts_drop,lemma darts_drop (p : G.Walk u v) (n : ℕ) : (p.drop n).darts = p.darts.drop n,4,"### Lean 4 Proof with `have` Statements

```lean
theorem darts_drop (p : G.Walk u v) (n : ℕ) : (p.drop n).darts = p.darts.drop n := by
  have h₁ : (p.drop n).darts = p.dart",1.69,unconstrained,### Lean 4 Proof with `have` Statements,parse_fail,"No terminal matches '#' in the current parser context, at line 1 col 1",<punct>,True,Lean;Proof;Statements,False,multiline:4
69342,darts_drop,lemma darts_drop (p : G.Walk u v) (n : ℕ) : (p.drop n).darts = p.darts.drop n,5,"### Detailed Proof and Analysis

First, let's understand the problem:
We have a `G.Walk u v` (a directed path from `u` to `v` in a graph `G`), and a natural number `n`. We need to prove that the `darts` of the `drop",1.69,unconstrained,### Detailed Proof and Analysis,parse_fail,"No terminal matches '#' in the current parser context, at line 1 col 1",<punct>,True,Analysis;Detailed;Proof,False,multiline:3
69342,darts_drop,lemma darts_drop (p : G.Walk u v) (n : ℕ) : (p.drop n).darts = p.darts.drop n,6,"### Abstract Plan

The theorem `darts_drop` states that for any walk `p` from `u` to `v` and any natural number `n`, the sequence of darts of `p.drop n` is the same as the sequence of darts of `p` with the first `n`",1.68,unconstrained,### Abstract Plan,parse_fail,"No terminal matches '#' in the current parser context, at line 1 col 1",<punct>,True,Abstract;Plan,False,multiline:2
69342,darts_drop,lemma darts_drop (p : G.Walk u v) (n : ℕ) : (p.drop n).darts = p.darts.drop n,7,"### Lean 4 Proof with `have` Statements

```lean
theorem darts_drop (p : G.Walk u v) (n : ℕ) : (p.drop n).darts = p.darts.drop n
by
  have h_main : (p.drop n).darts = p.dart",1.67,unconstrained,### Lean 4 Proof with `have` Statements,parse_fail,"No terminal matches '#' in the current parser context, at line 1 col 1",<punct>,True,Lean;Proof;Statements,False,multiline:5
11390,L,lemma L₀_g_δ : S.L₀.g ≫ S.δ = 0,0,"### Detailed Analysis and Proof

#### Understanding the Problem
The theorem states that `S.L₀.g ≫ S.δ = 0`. Here, `S` is a `Subsingleton` structure (likely `S : Subsingleton`), and `L₀` is a `Lattice` structure (`S",1.68,unconstrained,### Detailed Analysis and Proof,parse_fail,"No terminal matches '#' in the current parser context, at line 1 col 1",<punct>,True,Analysis;Detailed;Proof,False,multiline:3
11390,L,lemma L₀_g_δ : S.L₀.g ≫ S.δ = 0,1,"### Step 1: Understand the Statement
The statement `S.L₀.g ≫ S.δ = 0` is not syntactically correct Lean 4 code because:
1. `S` is a type (likely a structure or a class) with fields `L₀` and `δ`.
2",1.68,unconstrained,### Step 1: Understand the Statement,parse_fail,"No terminal matches '#' in the current parser context, at line 1 col 1",<punct>,True,Step;Understand,False,multiline:4
11390,L,lemma L₀_g_δ : S.L₀.g ≫ S.δ = 0,2,"### Understanding the Problem

First, we need to understand what the statement is saying and what the Lean 4 code is trying to achieve. The theorem `L₀_g_δ` states that `S.L₀.g ≫ S.δ = 0`, where `S` is some structure (likely a type",1.68,unconstrained,### Understanding the Problem,parse_fail,"No terminal matches '#' in the current parser context, at line 1 col 1",<punct>,True,Problem;Understanding,False,multiline:2
11390,L,lemma L₀_g_δ : S.L₀.g ≫ S.δ = 0,3,"### Analysis and Proof

First, we need to understand what the theorem is stating. Here, `S` is some object (likely a structure or type with fields `L₀.g` and `δ`), and `S.L₀.g ≫ S.δ = 0` is the goal. The notation",1.69,unconstrained,### Analysis and Proof,parse_fail,"No terminal matches '#' in the current parser context, at line 1 col 1",<punct>,True,Analysis;Proof,False,multiline:2
11390,L,lemma L₀_g_δ : S.L₀.g ≫ S.δ = 0,4,"### Understanding the Problem

First, let's understand what the problem is asking. The theorem states that `S.L₀.g ≫ S.δ = 0`, where `S` is some structure (likely a `WithBot` instance) and `L₀.g` and `δ` are elements of that",1.71,unconstrained,### Understanding the Problem,parse_fail,"No terminal matches '#' in the current parser context, at line 1 col 1",<punct>,True,Problem;Understanding,False,multiline:2
11390,L,lemma L₀_g_δ : S.L₀.g ≫ S.δ = 0,5,"### Understanding the Problem

First, I need to understand the Lean 4 statement:

```lean
theorem L₀_g_δ : S.L₀.g ≫ S.δ = 0
```

Here, `S` is some structure (likely a `PseudoMetricSpace` or similar) with fields",1.69,unconstrained,### Understanding the Problem,parse_fail,"No terminal matches '#' in the current parser context, at line 1 col 1",<punct>,True,Problem;Understanding,False,multiline:6
11390,L,lemma L₀_g_δ : S.L₀.g ≫ S.δ = 0,6,"### Step 1: Understand the Problem

First, we need to understand what the theorem is stating. The theorem is:

```lean
lemma L₀_g_δ : S.L₀.g ≫ S.δ = 0
```

Here, `S` is a structure (likely an inductive type",1.68,unconstrained,### Step 1: Understand the Problem,parse_fail,"No terminal matches '#' in the current parser context, at line 1 col 1",<punct>,True,Problem;Step;Understand,False,multiline:6
11390,L,lemma L₀_g_δ : S.L₀.g ≫ S.δ = 0,7,"### Understanding the Problem

First, let's understand what the problem is asking. The theorem states that `S.L₀.g ≫ S.δ = 0`, where `S` is some structure (likely a typeclass instance) with fields `L₀` and `δ`. 

However, based on the",1.68,unconstrained,### Understanding the Problem,parse_fail,"No terminal matches '#' in the current parser context, at line 1 col 1",<punct>,True,Problem;Understanding,False,multiline:3
120435,eval_modulus_sub,lemma eval_modulus_sub (x : ZMod n) : χ (n - x) = χ (-x),0,"### Lean 4 Proof with `have` Statements

```lean
theorem eval_modulus_sub (x : ZMod n) : χ (n - x) = χ (-x)
by
  have h₁ : n - x = -x := by sorry
  have h₂ : χ",1.7,unconstrained,### Lean 4 Proof with `have` Statements,parse_fail,"No terminal matches '#' in the current parser context, at line 1 col 1",<punct>,True,Lean;Proof;Statements,False,multiline:6
120435,eval_modulus_sub,lemma eval_modulus_sub (x : ZMod n) : χ (n - x) = χ (-x),1,"### Step 1: Understand the Problem
The problem is to prove that `χ (n - x) = χ (-x)` in the context of `ZMod n`, where `χ` is some function (likely a character or a homomorphism). However, the statement is incomplete because `χ`",1.69,unconstrained,### Step 1: Understand the Problem,parse_fail,"No terminal matches '#' in the current parser context, at line 1 col 1",<punct>,True,Problem;Step;Understand,False,multiline:2
120435,eval_modulus_sub,lemma eval_modulus_sub (x : ZMod n) : χ (n - x) = χ (-x),2,"### Detailed Proof and Analysis

We are working with the `ZMod n` type in Lean 4, which represents the ring of integers modulo `n`. The theorem statement involves the `χ` (chi) function, which is a multiplicative character of the unit group of `ZMod n`. However, the",1.68,unconstrained,### Detailed Proof and Analysis,parse_fail,"No terminal matches '#' in the current parser context, at line 1 col 1",<punct>,True,Analysis;Detailed;Proof,False,multiline:2
120435,eval_modulus_sub,lemma eval_modulus_sub (x : ZMod n) : χ (n - x) = χ (-x),3,"### Lean 4 Proof Step

```lean
lemma eval_modulus_sub (x : ZMod n) : χ (n - x) = χ (-x)
by
  have h₁ : (n - x : ZMod n) = -x := by sorry
  sorry
```

",1.67,unconstrained,### Lean 4 Proof Step,parse_fail,"No terminal matches '#' in the current parser context, at line 1 col 1",<punct>,True,Lean;Proof;Step,False,multiline:6
120435,eval_modulus_sub,lemma eval_modulus_sub (x : ZMod n) : χ (n - x) = χ (-x),4,"### Understanding the Problem

First, we need to understand the statement:

```lean
theorem eval_modulus_sub (x : ZMod n) : χ (n - x) = χ (-x)
```

Here, `χ` is a character of the group `ZMod n`, which is an",1.67,unconstrained,### Understanding the Problem,parse_fail,"No terminal matches '#' in the current parser context, at line 1 col 1",<punct>,True,Problem;Understanding,False,multiline:6
120435,eval_modulus_sub,lemma eval_modulus_sub (x : ZMod n) : χ (n - x) = χ (-x),5,"### Step 1: Understand the Problem

We need to prove that `χ (n - x) = χ (-x)` for `x : ZMod n` and `χ : ZMod n → R`, where `R` is some ring. 

First, note that in Lean, `ZMod",1.67,unconstrained,### Step 1: Understand the Problem,parse_fail,"No terminal matches '#' in the current parser context, at line 1 col 1",<punct>,True,Problem;Step;Understand,False,multiline:3
120435,eval_modulus_sub,lemma eval_modulus_sub (x : ZMod n) : χ (n - x) = χ (-x),6,"### Understanding the Problem

First, let's understand the theorem we're trying to prove. The theorem is:

**Theorem:** For any element `x` in the ring `ZMod n`, the value of the character `χ` applied to `n - x` is equal to the value of `χ`",1.67,unconstrained,### Understanding the Problem,parse_fail,"No terminal matches '#' in the current parser context, at line 1 col 1",<punct>,True,Problem;Understanding,False,multiline:3
120435,eval_modulus_sub,lemma eval_modulus_sub (x : ZMod n) : χ (n - x) = χ (-x),7,"### Understanding the Problem

First, let's understand what the theorem is stating. We have:

```lean
theorem eval_modulus_sub (x : ZMod n) : χ (n - x) = χ (-x)
```

Here:
- `x` is an element of `ZMod n",1.69,unconstrained,### Understanding the Problem,parse_fail,"No terminal matches '#' in the current parser context, at line 1 col 1",<punct>,True,Problem;Understanding,False,multiline:7
140568,IsTranscendenceBasis,theorem IsTranscendenceBasis.isAlgebraic [Nontrivial R] (hx : IsTranscendenceBasis R x) : Algebra.IsAlgebraic (adjoin R (range x)) A,0,"### Step 1: Understand the Problem

First, we need to understand the theorem we're trying to prove:

**Theorem:** Let \( R \) be a nontrivial commutative ring, and let \( x \) be a transcendence basis of \( \text{adjoin}(R, \",1.69,unconstrained,### Step 1: Understand the Problem,parse_fail,"No terminal matches '#' in the current parser context, at line 1 col 1",<punct>,True,Problem;Step;Understand,False,multiline:3
140568,IsTranscendenceBasis,theorem IsTranscendenceBasis.isAlgebraic [Nontrivial R] (hx : IsTranscendenceBasis R x) : Algebra.IsAlgebraic (adjoin R (range x)) A,1,"### Step 1: Understand the Problem
The theorem states that if `x` is a transcendence basis of a field extension `R` over a nontrivial ring `R`, then the `R`-algebra `adjoin R (range x)` is algebraic. Here, `IsTransc",1.68,unconstrained,### Step 1: Understand the Problem,parse_fail,"No terminal matches '#' in the current parser context, at line 1 col 1",<punct>,True,Problem;Step;Understand,False,multiline:2
140568,IsTranscendenceBasis,theorem IsTranscendenceBasis.isAlgebraic [Nontrivial R] (hx : IsTranscendenceBasis R x) : Algebra.IsAlgebraic (adjoin R (range x)) A,2,"### Step 1: Understand the Problem
We are given a nontrivial ring `R` (with `Nontrivial R`), and an element `x` of `R` such that `x` is a transcendence basis of `R` (i.e., `IsTranscendenceB",1.67,unconstrained,### Step 1: Understand the Problem,parse_fail,"No terminal matches '#' in the current parser context, at line 1 col 1",<punct>,True,Problem;Step;Understand,False,multiline:2
140568,IsTranscendenceBasis,theorem IsTranscendenceBasis.isAlgebraic [Nontrivial R] (hx : IsTranscendenceBasis R x) : Algebra.IsAlgebraic (adjoin R (range x)) A,3,"### Abstract Plan

1. **Understand the Theorem Statement**:
   - The theorem is about the algebraic nature of the adjoint of `R` with respect to `x` in the context of an algebra `A` over `R`. 
   - The hypothesis is that `x` is a",1.68,unconstrained,### Abstract Plan,parse_fail,"No terminal matches '#' in the current parser context, at line 1 col 1",<punct>,True,Abstract;Plan,False,multiline:4
140568,IsTranscendenceBasis,theorem IsTranscendenceBasis.isAlgebraic [Nontrivial R] (hx : IsTranscendenceBasis R x) : Algebra.IsAlgebraic (adjoin R (range x)) A,4,"### Step 1: Understand the Problem

We are given:
1. A nontrivial ring `R`.
2. An element `x` in some extension of `R` (the context is not fully specified, but Lean's type inference will handle it).
3. The hypothesis that `x` is a",1.67,unconstrained,### Step 1: Understand the Problem,parse_fail,"No terminal matches '#' in the current parser context, at line 1 col 1",<punct>,True,Problem;Step;Understand,False,multiline:5
140568,IsTranscendenceBasis,theorem IsTranscendenceBasis.isAlgebraic [Nontrivial R] (hx : IsTranscendenceBasis R x) : Algebra.IsAlgebraic (adjoin R (range x)) A,5,"### Understanding the Problem

First, let's understand what the theorem is saying:
1. We have a nontrivial ring `R`.
2. We have a sequence `x : ℕ → R` that is a transcendence basis over `R` (this is the `IsTranscendenceBasis R",1.68,unconstrained,### Understanding the Problem,parse_fail,"No terminal matches '#' in the current parser context, at line 1 col 1",<punct>,True,Problem;Understanding,False,multiline:4
140568,IsTranscendenceBasis,theorem IsTranscendenceBasis.isAlgebraic [Nontrivial R] (hx : IsTranscendenceBasis R x) : Algebra.IsAlgebraic (adjoin R (range x)) A,6,"### Understanding the Problem

First, we need to understand the theorem statement and the context in which it is given. The theorem states that if `x` is a transcendence basis of a field extension `R`, then the algebra `adjoin R (range x)` is algebraic over `R`. However, the",1.68,unconstrained,### Understanding the Problem,parse_fail,"No terminal matches '#' in the current parser context, at line 1 col 1",<punct>,True,Problem;Understanding,False,multiline:2
140568,IsTranscendenceBasis,theorem IsTranscendenceBasis.isAlgebraic [Nontrivial R] (hx : IsTranscendenceBasis R x) : Algebra.IsAlgebraic (adjoin R (range x)) A,7,"### Detailed Analysis and Proof Sketch

First, let's understand the problem:

**Given**: 
- `R` is a nontrivial ring (in the sense of `Nontrivial R`).
- `x : R → R` is a function (here `x` is treated as a family of elements",1.68,unconstrained,### Detailed Analysis and Proof Sketch,parse_fail,"No terminal matches '#' in the current parser context, at line 1 col 1",<punct>,True,Analysis;Detailed;Proof;Sketch,False,multiline:5
32722,Commute,protected theorem Commute.cfc {a b : A} (hb₁ : Commute a b) (hb₂ : Commute (star a) b) (f : 𝕜 → 𝕜) : Commute (cfc f a) b,0,"### Analysis and Proof

**Problem Analysis:**
We are given:
1. `a` and `b` are elements of a (non-commutative) ring `A` (or algebra over a field `𝕜`).
2. `a` commutes with `b` (`Commute a b`",1.69,unconstrained,### Analysis and Proof,parse_fail,"No terminal matches '#' in the current parser context, at line 1 col 1",<punct>,True,Analysis;Proof,False,multiline:5
32722,Commute,protected theorem Commute.cfc {a b : A} (hb₁ : Commute a b) (hb₂ : Commute (star a) b) (f : 𝕜 → 𝕜) : Commute (cfc f a) b,1,"### Detailed Proof and Analysis

We are given a theorem about commutative elements in a `*`-algebra, where `a` and `b` are elements that commute with each other and with the conjugate of `a` (i.e., `Commute a b` and `Commute (",1.71,unconstrained,### Detailed Proof and Analysis,parse_fail,"No terminal matches '#' in the current parser context, at line 1 col 1",<punct>,True,Analysis;Detailed;Proof,False,multiline:2
32722,Commute,protected theorem Commute.cfc {a b : A} (hb₁ : Commute a b) (hb₂ : Commute (star a) b) (f : 𝕜 → 𝕜) : Commute (cfc f a) b,2,"### Detailed Proof

**Problem Analysis:**
We need to prove that `cfc f a` commutes with `b` given that `a` commutes with `b`, `star a` commutes with `b`, and `f` is a function from `𝕜` to `𝕜`. 

However",1.68,unconstrained,### Detailed Proof,parse_fail,"No terminal matches '#' in the current parser context, at line 1 col 1",<punct>,True,Detailed;Proof,False,multiline:4
32722,Commute,protected theorem Commute.cfc {a b : A} (hb₁ : Commute a b) (hb₂ : Commute (star a) b) (f : 𝕜 → 𝕜) : Commute (cfc f a) b,3,"### Detailed Analysis and Proof Sketch

**Problem Analysis:**
The theorem states that if `a` and `b` commute in a ring `A`, and their conjugates `star a` and `b` also commute, then the ""conjugate functional calculus"" of `a` (i.e., `",1.68,unconstrained,### Detailed Analysis and Proof Sketch,parse_fail,"No terminal matches '#' in the current parser context, at line 1 col 1",<punct>,True,Analysis;Detailed;Proof;Sketch,False,multiline:3
32722,Commute,protected theorem Commute.cfc {a b : A} (hb₁ : Commute a b) (hb₂ : Commute (star a) b) (f : 𝕜 → 𝕜) : Commute (cfc f a) b,4,"### Understanding the Problem

First, I need to understand what the theorem is stating and what the terms involved mean.

1. **`Commute`**: In Lean's `Mathlib`, `Commute a b` means that `a * b = b * a` for elements `a` and `b`",1.69,unconstrained,### Understanding the Problem,parse_fail,"No terminal matches '#' in the current parser context, at line 1 col 1",<punct>,True,Problem;Understanding,False,multiline:3
32722,Commute,protected theorem Commute.cfc {a b : A} (hb₁ : Commute a b) (hb₂ : Commute (star a) b) (f : 𝕜 → 𝕜) : Commute (cfc f a) b,5,"### Understanding the Problem

First, let's understand what the theorem is about. We have two elements `a` and `b` in some ring `A`, with the assumptions that `a` and `b` commute (`hb₁ : Commute a b`), and that the conjugate of `a`",1.69,unconstrained,### Understanding the Problem,parse_fail,"No terminal matches '#' in the current parser context, at line 1 col 1",<punct>,True,Problem;Understanding,False,multiline:2
32722,Commute,protected theorem Commute.cfc {a b : A} (hb₁ : Commute a b) (hb₂ : Commute (star a) b) (f : 𝕜 → 𝕜) : Commute (cfc f a) b,6,"### Understanding the Problem

First, we need to understand what the theorem is stating and what the components mean:
1. **`Commute a b`**: This means that the elements `a` and `b` commute under multiplication, i.e., `a * b = b * a`.
2. **`",1.69,unconstrained,### Understanding the Problem,parse_fail,"No terminal matches '#' in the current parser context, at line 1 col 1",<punct>,True,Problem;Understanding,False,multiline:4
32722,Commute,protected theorem Commute.cfc {a b : A} (hb₁ : Commute a b) (hb₂ : Commute (star a) b) (f : 𝕜 → 𝕜) : Commute (cfc f a) b,7,"### Analysis of the Problem

First, let's understand the problem:

We are given:
1. `hb₁ : Commute a b` (i.e., `a` commutes with `b`),
2. `hb₂ : Commute (star a) b` (i.e., `star a`",1.67,unconstrained,### Analysis of the Problem,parse_fail,"No terminal matches '#' in the current parser context, at line 1 col 1",<punct>,True,Analysis;Problem,False,multiline:5
99230,vsub_apply,theorem vsub_apply (f g : P1 →ᵃ[k] P2) (p : P1) : (f -ᵥ g : P1 →ᵃ[k] V2) p = f p -ᵥ g p,0,"### Understanding the Problem

First, I need to understand what the problem is asking. The theorem states that for two functions `f` and `g` from `P1` to `P2` (with some additional structure indicated by `[k]`), and for a point `p : P1`, the",1.69,unconstrained,### Understanding the Problem,parse_fail,"No terminal matches '#' in the current parser context, at line 1 col 1",<punct>,True,Problem;Understanding,False,multiline:2
99230,vsub_apply,theorem vsub_apply (f g : P1 →ᵃ[k] P2) (p : P1) : (f -ᵥ g : P1 →ᵃ[k] V2) p = f p -ᵥ g p,1,"### Detailed Analysis and Proof Sketch

First, let's understand the problem correctly. The theorem statement is:

```lean
theorem vsub_apply (f g : P1 →ᵃ[k] P2) (p : P1) : (f -ᵥ g : P1 →ᵃ[k] V2) p",1.69,unconstrained,### Detailed Analysis and Proof Sketch,parse_fail,"No terminal matches '#' in the current parser context, at line 1 col 1",<punct>,True,Analysis;Detailed;Proof;Sketch,False,multiline:4
99230,vsub_apply,theorem vsub_apply (f g : P1 →ᵃ[k] P2) (p : P1) : (f -ᵥ g : P1 →ᵃ[k] V2) p = f p -ᵥ g p,2,"### Lean 4 Proof with `have` Statements

```lean
theorem vsub_apply (f g : P1 →ᵃ[k] P2) (p : P1) : (f -ᵥ g : P1 →ᵃ[k] V2) p = f p -ᵥ g p
by
",1.68,unconstrained,### Lean 4 Proof with `have` Statements,parse_fail,"No terminal matches '#' in the current parser context, at line 1 col 1",<punct>,True,Lean;Proof;Statements,False,multiline:4
99230,vsub_apply,theorem vsub_apply (f g : P1 →ᵃ[k] P2) (p : P1) : (f -ᵥ g : P1 →ᵃ[k] V2) p = f p -ᵥ g p,3,"### Understanding the Problem

First, I need to understand the theorem statement and the Lean 4 code provided:

1. **Theorem Statement**: 
   ```lean
   theorem vsub_apply (f g : P1 →ᵃ[k] P2) (p : P1) : (f -ᵥ g",1.68,unconstrained,### Understanding the Problem,parse_fail,"No terminal matches '#' in the current parser context, at line 1 col 1",<punct>,True,Problem;Understanding,False,multiline:5
99230,vsub_apply,theorem vsub_apply (f g : P1 →ᵃ[k] P2) (p : P1) : (f -ᵥ g : P1 →ᵃ[k] V2) p = f p -ᵥ g p,4,"### Lean 4 Proof with `have` Statements

```lean
theorem vsub_apply (f g : P1 →ᵃ[k] P2) (p : P1) : (f -ᵥ g : P1 →ᵃ[k] V2) p = f p -ᵥ g p
by
",1.68,unconstrained,### Lean 4 Proof with `have` Statements,parse_fail,"No terminal matches '#' in the current parser context, at line 1 col 1",<punct>,True,Lean;Proof;Statements,False,multiline:4
99230,vsub_apply,theorem vsub_apply (f g : P1 →ᵃ[k] P2) (p : P1) : (f -ᵥ g : P1 →ᵃ[k] V2) p = f p -ᵥ g p,5,"### Step-by-Step Abstract Plan

First, let's understand the problem:
We have two `k`-ary linear maps `f` and `g` from `P1` to `P2`. We are to prove that the difference `f -ᵥ g` (which is a `k`-",1.69,unconstrained,### Step-by-Step Abstract Plan,parse_fail,"No terminal matches '#' in the current parser context, at line 1 col 1",<punct>,True,Abstract;Plan;Step,False,multiline:3
99230,vsub_apply,theorem vsub_apply (f g : P1 →ᵃ[k] P2) (p : P1) : (f -ᵥ g : P1 →ᵃ[k] V2) p = f p -ᵥ g p,6,"### Step 1: Understand the Problem

First, we need to understand what the problem is asking. The statement is:

```lean
theorem vsub_apply (f g : P1 →ᵃ[k] P2) (p : P1) : (f -ᵥ g : P1 →ᵃ[k]",1.69,unconstrained,### Step 1: Understand the Problem,parse_fail,"No terminal matches '#' in the current parser context, at line 1 col 1",<punct>,True,Problem;Step;Understand,False,multiline:4
99230,vsub_apply,theorem vsub_apply (f g : P1 →ᵃ[k] P2) (p : P1) : (f -ᵥ g : P1 →ᵃ[k] V2) p = f p -ᵥ g p,7,"### Detailed Proof and Analysis

First, let's understand the problem. We are given two families of functions `f` and `g` from `P1` to `P2` (where `P2` is some type, and `k` is some natural number), and we are to prove that the",1.7,unconstrained,### Detailed Proof and Analysis,parse_fail,"No terminal matches '#' in the current parser context, at line 1 col 1",<punct>,True,Analysis;Detailed;Proof,False,multiline:2
20656,stabilizer_subgroup_op,lemma stabilizer_subgroup_op (s : Subgroup Gᵐᵒᵖ) : stabilizer G (s : Set Gᵐᵒᵖ) = s.unop,0,"### Detailed Proof and Analysis

**Problem Analysis:**
We need to prove that the stabilizer of the subgroup `s` (as a subset of `Gᵐᵒᵖ`) is equal to the unop of `s`. 

1. **Understand the Definitions**:
   - `stabilizer G (",1.69,unconstrained,### Detailed Proof and Analysis,parse_fail,"No terminal matches '#' in the current parser context, at line 1 col 1",<punct>,True,Analysis;Detailed;Proof,False,multiline:5
20656,stabilizer_subgroup_op,lemma stabilizer_subgroup_op (s : Subgroup Gᵐᵒᵖ) : stabilizer G (s : Set Gᵐᵒᵖ) = s.unop,1,"### Detailed Proof and Analysis

We are given a subgroup `s` of `Gᵐᵒᵖ` (where `Gᵐᵒᵖ` is the opposite group of `G`, i.e., the same set with the operation reversed). We need to prove that the stabilizer of `s` as a subset of",1.69,unconstrained,### Detailed Proof and Analysis,parse_fail,"No terminal matches '#' in the current parser context, at line 1 col 1",<punct>,True,Analysis;Detailed;Proof,False,multiline:2
20656,stabilizer_subgroup_op,lemma stabilizer_subgroup_op (s : Subgroup Gᵐᵒᵖ) : stabilizer G (s : Set Gᵐᵒᵖ) = s.unop,2,"### Lean 4 Proof with `have` Statements

```lean
theorem stabilizer_subgroup_op (s : Subgroup Gᵐᵒᵖ) : stabilizer G (s : Set Gᵐᵒᵖ) = s.unop
by
  have h_main : stabilizer G (s : Set Gᵐ",1.68,unconstrained,### Lean 4 Proof with `have` Statements,parse_fail,"No terminal matches '#' in the current parser context, at line 1 col 1",<punct>,True,Lean;Proof;Statements,False,multiline:5
20656,stabilizer_subgroup_op,lemma stabilizer_subgroup_op (s : Subgroup Gᵐᵒᵖ) : stabilizer G (s : Set Gᵐᵒᵖ) = s.unop,3,"### Lean 4 Proof

```lean4
theorem stabilizer_subgroup_op (s : Subgroup Gᵐᵒᵖ) : stabilizer G (s : Set Gᵐᵒᵖ) = s.unop
by
  apply Eq.symm
  apply Eq.symm
  -- We need to show",1.67,unconstrained,### Lean 4 Proof,parse_fail,"No terminal matches '#' in the current parser context, at line 1 col 1",<punct>,True,Lean;Proof,False,multiline:7
20656,stabilizer_subgroup_op,lemma stabilizer_subgroup_op (s : Subgroup Gᵐᵒᵖ) : stabilizer G (s : Set Gᵐᵒᵖ) = s.unop,4,"### Step 1: Understand the Problem

The theorem statement is:

```lean
lemma stabilizer_subgroup_op (s : Subgroup Gᵐᵒᵖ) : stabilizer G (s : Set Gᵐᵒᵖ) = s.unop
```

However, there are some issues with the statement:
1",1.68,unconstrained,### Step 1: Understand the Problem,parse_fail,"No terminal matches '#' in the current parser context, at line 1 col 1",<punct>,True,Problem;Step;Understand,False,multiline:7
20656,stabilizer_subgroup_op,lemma stabilizer_subgroup_op (s : Subgroup Gᵐᵒᵖ) : stabilizer G (s : Set Gᵐᵒᵖ) = s.unop,5,"### Step 1: Understand the Problem

We need to prove that the stabilizer of a subgroup `s` of `Gᵐᵒᵖ` under the group action of `G` on `Set Gᵐᵒᵖ` is equal to `s.unop`. 

However, upon closer inspection, the statement in",1.67,unconstrained,### Step 1: Understand the Problem,parse_fail,"No terminal matches '#' in the current parser context, at line 1 col 1",<punct>,True,Problem;Step;Understand,False,multiline:3
20656,stabilizer_subgroup_op,lemma stabilizer_subgroup_op (s : Subgroup Gᵐᵒᵖ) : stabilizer G (s : Set Gᵐᵒᵖ) = s.unop,6,"### Step 1: Understand the Theorem and Goal

The theorem states that for any subgroup `s` of `Gᵐᵒᵖ` (where `Gᵐᵒᵖ` is the opposite of the group `G`), the stabilizer of `s` in the action of `G` on the set",1.67,unconstrained,### Step 1: Understand the Theorem and Goal,parse_fail,"No terminal matches '#' in the current parser context, at line 1 col 1",<punct>,True,Goal;Step;Theorem;Understand,False,multiline:2
20656,stabilizer_subgroup_op,lemma stabilizer_subgroup_op (s : Subgroup Gᵐᵒᵖ) : stabilizer G (s : Set Gᵐᵒᵖ) = s.unop,7,"### Step 1: Understand the Problem

First, let's understand what the theorem is saying and what each term means.

1. **Notation and Context**:
   - `G` is a type, and `Gᵐᵒᵖ` is its `mop` (which is typically a notation for a",1.68,unconstrained,### Step 1: Understand the Problem,parse_fail,"No terminal matches '#' in the current parser context, at line 1 col 1",<punct>,True,Problem;Step;Understand,False,multiline:4
144714,smul_under,theorem smul_under [MulSemiringAction G A] [SMulDistribClass G A B] : g • P.under A = (g • P).under A,0,"### Understanding the Problem

First, let's understand the theorem we're trying to prove:

```lean
theorem smul_under [MulSemiringAction G A] [SMulDistribClass G A B] : g • P.under A = (g • P).under A
```

This theorem states",1.69,unconstrained,### Understanding the Problem,parse_fail,"No terminal matches '#' in the current parser context, at line 1 col 1",<punct>,True,Problem;Understanding,False,multiline:6
144714,smul_under,theorem smul_under [MulSemiringAction G A] [SMulDistribClass G A B] : g • P.under A = (g • P).under A,1,"### Lean 4 Proof with `have` Statements

```lean
theorem smul_under [MulSemiringAction G A] [SMulDistribClass G A B] : g • P.under A = (g • P).under A
by
  have h_main : g • P.under",1.69,unconstrained,### Lean 4 Proof with `have` Statements,parse_fail,"No terminal matches '#' in the current parser context, at line 1 col 1",<punct>,True,Lean;Proof;Statements,False,multiline:5
144714,smul_under,theorem smul_under [MulSemiringAction G A] [SMulDistribClass G A B] : g • P.under A = (g • P).under A,2,"### Detailed Proof and Analysis

**Problem Analysis:**
We are given a theorem statement about a `MulSemiringAction` `G` on an `AddCommMonoid` `A` (implicitly via `SMulDistribClass`), and we need to prove that `g • P.under A =",1.68,unconstrained,### Detailed Proof and Analysis,parse_fail,"No terminal matches '#' in the current parser context, at line 1 col 1",<punct>,True,Analysis;Detailed;Proof,False,multiline:3
144714,smul_under,theorem smul_under [MulSemiringAction G A] [SMulDistribClass G A B] : g • P.under A = (g • P).under A,3,"### Analysis of the Problem

First, let's understand the statement to be proven:
```lean
theorem smul_under [MulSemiringAction G A] [SMulDistribClass G A B] : g • P.under A = (g • P).under A
```

This theorem is about",1.68,unconstrained,### Analysis of the Problem,parse_fail,"No terminal matches '#' in the current parser context, at line 1 col 1",<punct>,True,Analysis;Problem,False,multiline:6
144714,smul_under,theorem smul_under [MulSemiringAction G A] [SMulDistribClass G A B] : g • P.under A = (g • P).under A,4,"### Step 1: Understand the Problem
First, we need to understand what the theorem is stating and what the components mean.

1. **Assumptions**:
   - `MulSemiringAction G A`: This means that `G` is acting on `A` via a scalar multiplication that is compatible with",1.68,unconstrained,### Step 1: Understand the Problem,parse_fail,"No terminal matches '#' in the current parser context, at line 1 col 1",<punct>,True,Problem;Step;Understand,False,multiline:4
144714,smul_under,theorem smul_under [MulSemiringAction G A] [SMulDistribClass G A B] : g • P.under A = (g • P).under A,5,"### Step 1: Understand the Problem
The theorem statement is:
```lean
theorem smul_under [MulSemiringAction G A] [SMulDistribClass G A B] : g • P.under A = (g • P).under A
by
```

However, the actual statement",1.69,unconstrained,### Step 1: Understand the Problem,parse_fail,"No terminal matches '#' in the current parser context, at line 1 col 1",<punct>,True,Problem;Step;Understand,False,multiline:7
144714,smul_under,theorem smul_under [MulSemiringAction G A] [SMulDistribClass G A B] : g • P.under A = (g • P).under A,6,"### Detailed Analysis and Proof Sketch

First, let's understand the problem. We have:
1. A `MulSemiringAction G A` instance, meaning that `G` acts on `A` as a semiring (i.e., `G` acts as a ring on `A`, but `A`",1.69,unconstrained,### Detailed Analysis and Proof Sketch,parse_fail,"No terminal matches '#' in the current parser context, at line 1 col 1",<punct>,True,Analysis;Detailed;Proof;Sketch,False,multiline:3
144714,smul_under,theorem smul_under [MulSemiringAction G A] [SMulDistribClass G A B] : g • P.under A = (g • P).under A,7,"### Step 1: Understand the Theorem

The theorem states that for a `MulSemiringAction G A`, a `SMulDistribClass G A B`, and a predicate `P : A → Prop`, the following holds:
`g • P.under A = (g • P).under A",1.7,unconstrained,### Step 1: Understand the Theorem,parse_fail,"No terminal matches '#' in the current parser context, at line 1 col 1",<punct>,True,Step;Theorem;Understand,False,multiline:3
76854,log_mono_right,theorem log_mono_right {b : ℕ} {r₁ r₂ : R} (h₀ : 0 < r₁) (h : r₁ ≤ r₂) : log b r₁ ≤ log b r₂,0,"### Understanding the Problem

First, I need to understand the Lean 4 statement provided. The theorem is:
```lean
theorem log_mono_right {b : ℕ} {r₁ r₂ : R} (h₀ : 0 < r₁) (h : r₁ ≤ r₂) : log b",1.7,unconstrained,### Understanding the Problem,parse_fail,"No terminal matches '#' in the current parser context, at line 1 col 1",<punct>,True,Problem;Understanding,False,multiline:4
76854,log_mono_right,theorem log_mono_right {b : ℕ} {r₁ r₂ : R} (h₀ : 0 < r₁) (h : r₁ ≤ r₂) : log b r₁ ≤ log b r₂,1,"### Understanding the Problem

First, we need to understand what the Lean 4 theorem is stating and what it is missing.

The theorem statement is:

```lean
theorem log_mono_right {b : ℕ} {r₁ r₂ : R} (h₀ : 0 < r₁) (h : r",1.74,unconstrained,### Understanding the Problem,parse_fail,"No terminal matches '#' in the current parser context, at line 1 col 1",<punct>,True,Problem;Understanding,False,multiline:5
76854,log_mono_right,theorem log_mono_right {b : ℕ} {r₁ r₂ : R} (h₀ : 0 < r₁) (h : r₁ ≤ r₂) : log b r₁ ≤ log b r₂,2,"### Understanding the Problem

First, we need to understand the theorem statement:

```lean
theorem log_mono_right {b : ℕ} {r₁ r₂ : R} (h₀ : 0 < r₁) (h : r₁ ≤ r₂) : log b r₁ ≤ log b r₂",1.77,unconstrained,### Understanding the Problem,parse_fail,"No terminal matches '#' in the current parser context, at line 1 col 1",<punct>,True,Problem;Understanding,False,multiline:4
76854,log_mono_right,theorem log_mono_right {b : ℕ} {r₁ r₂ : R} (h₀ : 0 < r₁) (h : r₁ ≤ r₂) : log b r₁ ≤ log b r₂,3,"### Lean 4 Proof with `have` Statements

```lean
theorem log_mono_right {b : ℕ} {r₁ r₂ : R} (h₀ : 0 < r₁) (h : r₁ ≤ r₂) : log b r₁ ≤ log b r₂
by
 ",1.7,unconstrained,### Lean 4 Proof with `have` Statements,parse_fail,"No terminal matches '#' in the current parser context, at line 1 col 1",<punct>,True,Lean;Proof;Statements,False,multiline:4
76854,log_mono_right,theorem log_mono_right {b : ℕ} {r₁ r₂ : R} (h₀ : 0 < r₁) (h : r₁ ≤ r₂) : log b r₁ ≤ log b r₂,4,"### Understanding the Problem

First, I need to understand the statement:
```lean
theorem log_mono_right {b : ℕ} {r₁ r₂ : R} (h₀ : 0 < r₁) (h : r₁ ≤ r₂) : log b r₁ ≤ log b r₂
",1.68,unconstrained,### Understanding the Problem,parse_fail,"No terminal matches '#' in the current parser context, at line 1 col 1",<punct>,True,Problem;Understanding,False,multiline:4
76854,log_mono_right,theorem log_mono_right {b : ℕ} {r₁ r₂ : R} (h₀ : 0 < r₁) (h : r₁ ≤ r₂) : log b r₁ ≤ log b r₂,5,"### Analysis

We are given a theorem statement about logarithms in Lean 4's `Mathlib`:
```lean
theorem log_mono_right {b : ℕ} {r₁ r₂ : R} (h₀ : 0 < r₁) (h : r₁ ≤ r₂) : log b",1.67,unconstrained,### Analysis,parse_fail,"No terminal matches '#' in the current parser context, at line 1 col 1",<punct>,True,Analysis,False,multiline:4
76854,log_mono_right,theorem log_mono_right {b : ℕ} {r₁ r₂ : R} (h₀ : 0 < r₁) (h : r₁ ≤ r₂) : log b r₁ ≤ log b r₂,6,"### Step 1: Understand the Problem

First, I need to understand what the theorem is stating. The theorem is about the monotonicity of the logarithm function in its second argument. Specifically, it states that if `b` is a natural number and `r₁` and `r₂` are elements",1.67,unconstrained,### Step 1: Understand the Problem,parse_fail,"No terminal matches '#' in the current parser context, at line 1 col 1",<punct>,True,Problem;Step;Understand,False,multiline:2
76854,log_mono_right,theorem log_mono_right {b : ℕ} {r₁ r₂ : R} (h₀ : 0 < r₁) (h : r₁ ≤ r₂) : log b r₁ ≤ log b r₂,7,"### Lean 4 Proof with `have` Statements

```lean
theorem log_mono_right {b : ℕ} {r₁ r₂ : R} (h₀ : 0 < r₁) (h : r₁ ≤ r₂) : log b r₁ ≤ log b r₂ := by
 ",1.68,unconstrained,### Lean 4 Proof with `have` Statements,parse_fail,"No terminal matches '#' in the current parser context, at line 1 col 1",<punct>,True,Lean;Proof;Statements,False,multiline:3
164794,image_closure,theorem image_closure (hf : IsHomeomorph f) (s : Set X) : f '' closure s = closure (f '' s),0,"### Detailed Proof and Analysis

First, recall that the statement is:
```lean
theorem image_closure (hf : IsHomeomorph f) (s : Set X) : f '' closure s = closure (f '' s)
```
We need to prove that the image of the closure of `s` under",1.68,unconstrained,### Detailed Proof and Analysis,parse_fail,"No terminal matches '#' in the current parser context, at line 1 col 1",<punct>,True,Analysis;Detailed;Proof,False,multiline:6
164794,image_closure,theorem image_closure (hf : IsHomeomorph f) (s : Set X) : f '' closure s = closure (f '' s),1,"### Step 1: Understand the Theorem

The theorem states that for a homeomorphism `f` of a topological space `X`, the image of the closure of a subset `s` is equal to the closure of the image of `s`. In other words, `f` maps the closure of",1.68,unconstrained,### Step 1: Understand the Theorem,parse_fail,"No terminal matches '#' in the current parser context, at line 1 col 1",<punct>,True,Step;Theorem;Understand,False,multiline:2
164794,image_closure,theorem image_closure (hf : IsHomeomorph f) (s : Set X) : f '' closure s = closure (f '' s),2,"### Proof Sketch and Analysis

**Problem Statement:** Prove that for a homeomorphism `f` and any set `s` in `X`, the image of the closure of `s` under `f` is equal to the closure of the image of `s` under `f`.

**Key Observations",1.68,unconstrained,### Proof Sketch and Analysis,parse_fail,"No terminal matches '#' in the current parser context, at line 1 col 1",<punct>,True,Analysis;Proof;Sketch,False,multiline:3
164794,image_closure,theorem image_closure (hf : IsHomeomorph f) (s : Set X) : f '' closure s = closure (f '' s),3,"### Step 1: Understand the Problem

First, we need to understand what the theorem is stating. The theorem is:

**Theorem**: If `f` is a homeomorphism of a topological space `X` to itself, and `s` is a subset of `X`, then the image of",1.68,unconstrained,### Step 1: Understand the Problem,parse_fail,"No terminal matches '#' in the current parser context, at line 1 col 1",<punct>,True,Problem;Step;Understand,False,multiline:3
164794,image_closure,theorem image_closure (hf : IsHomeomorph f) (s : Set X) : f '' closure s = closure (f '' s),4,"### Abstract Plan

1. **Understand the Theorem**: The theorem states that the image of the closure of a set `s` under a homeomorphism `f` is the same as the closure of the image of `s` under `f`. 

2. **Use Properties of Homeomorphisms",1.69,unconstrained,### Abstract Plan,parse_fail,"No terminal matches '#' in the current parser context, at line 1 col 1",<punct>,True,Abstract;Plan,False,multiline:3
164794,image_closure,theorem image_closure (hf : IsHomeomorph f) (s : Set X) : f '' closure s = closure (f '' s),5,"### Lean 4 Proof Step

```lean
theorem image_closure (hf : IsHomeomorph f) (s : Set X) : f '' closure s = closure (f '' s) := by
  have h : f '' closure s = closure (f '' s) := by sorry
  sorry",1.7,unconstrained,### Lean 4 Proof Step,parse_fail,"No terminal matches '#' in the current parser context, at line 1 col 1",<punct>,True,Lean;Proof;Step,False,multiline:5
164794,image_closure,theorem image_closure (hf : IsHomeomorph f) (s : Set X) : f '' closure s = closure (f '' s),6,"### Detailed Proof

**Problem:** Prove that for a homeomorphism `f : X → Y` and a subset `s ⊆ X`, the image of the closure of `s` under `f` is equal to the closure of the image of `s` under `f`.

**Key Observations",1.69,unconstrained,### Detailed Proof,parse_fail,"No terminal matches '#' in the current parser context, at line 1 col 1",<punct>,True,Detailed;Proof,False,multiline:3
164794,image_closure,theorem image_closure (hf : IsHomeomorph f) (s : Set X) : f '' closure s = closure (f '' s),7,"### Lean 4 Proof with `have` Statements

```lean
theorem image_closure (hf : IsHomeomorph f) (s : Set X) : f '' closure s = closure (f '' s)
by
  have h₁ : f '' closure s = closure (f '' s) := by",1.69,unconstrained,### Lean 4 Proof with `have` Statements,parse_fail,"No terminal matches '#' in the current parser context, at line 1 col 1",<punct>,True,Lean;Proof;Statements,False,multiline:5
162141,isPreconnected_iUnion,"theorem isPreconnected_iUnion {ι : Sort*} {s : ι → Set α} (h₁ : (⋂ i, s i).Nonempty) (h₂ : ∀ i, IsPreconnected (s i)) : IsPreconnected (⋃ i, s i)",0,"### Detailed Proof and Analysis

#### Understanding the Problem
We are given a family of sets `s : ι → Set α` indexed by a type `ι`, and two hypotheses:
1. The intersection of all `s i` is nonempty (`(⋂ i, s i).Nonempty`).
",1.7,unconstrained,### Detailed Proof and Analysis,parse_fail,"No terminal matches '#' in the current parser context, at line 1 col 1",<punct>,True,Analysis;Detailed;Proof,False,multiline:4
162141,isPreconnected_iUnion,"theorem isPreconnected_iUnion {ι : Sort*} {s : ι → Set α} (h₁ : (⋂ i, s i).Nonempty) (h₂ : ∀ i, IsPreconnected (s i)) : IsPreconnected (⋃ i, s i)",1,"### Understanding the Problem

First, let's understand the problem:

We are given:
1. The intersection of all sets `s i` for `i : ι` is nonempty.
2. For every `i : ι`, the set `s i` is preconnected.

We need to prove that",1.69,unconstrained,### Understanding the Problem,parse_fail,"No terminal matches '#' in the current parser context, at line 1 col 1",<punct>,True,Problem;Understanding,False,multiline:6
162141,isPreconnected_iUnion,"theorem isPreconnected_iUnion {ι : Sort*} {s : ι → Set α} (h₁ : (⋂ i, s i).Nonempty) (h₂ : ∀ i, IsPreconnected (s i)) : IsPreconnected (⋃ i, s i)",2,"### Lean 4 Proof with `have` Statements

```lean
theorem isPreconnected_iUnion {ι : Sort*} {s : ι → Set α} (h₁ : (⋂ i, s i).Nonempty) (h₂ : ∀ i, IsPreconnected (s i))",1.69,unconstrained,### Lean 4 Proof with `have` Statements,parse_fail,"No terminal matches '#' in the current parser context, at line 1 col 1",<punct>,True,Lean;Proof;Statements,False,multiline:3
162141,isPreconnected_iUnion,"theorem isPreconnected_iUnion {ι : Sort*} {s : ι → Set α} (h₁ : (⋂ i, s i).Nonempty) (h₂ : ∀ i, IsPreconnected (s i)) : IsPreconnected (⋃ i, s i)",3,"### Detailed Proof and Analysis

#### Problem Understanding
We are given:
1. A family of subsets `{s i | i ∈ ι}` of a topological space `α`.
2. The intersection `⋂ i, s i` is nonempty.
3. Each subset `s i` is preconnected",1.69,unconstrained,### Detailed Proof and Analysis,parse_fail,"No terminal matches '#' in the current parser context, at line 1 col 1",<punct>,True,Analysis;Detailed;Proof,False,multiline:6
162141,isPreconnected_iUnion,"theorem isPreconnected_iUnion {ι : Sort*} {s : ι → Set α} (h₁ : (⋂ i, s i).Nonempty) (h₂ : ∀ i, IsPreconnected (s i)) : IsPreconnected (⋃ i, s i)",4,"### Lean 4 Proof with `have` Statements

```lean
theorem isPreconnected_iUnion {ι : Sort*} {s : ι → Set α} (h₁ : (⋂ i, s i).Nonempty) (h₂ : ∀ i, IsPreconnected (s i))",1.69,unconstrained,### Lean 4 Proof with `have` Statements,parse_fail,"No terminal matches '#' in the current parser context, at line 1 col 1",<punct>,True,Lean;Proof;Statements,False,multiline:3
162141,isPreconnected_iUnion,"theorem isPreconnected_iUnion {ι : Sort*} {s : ι → Set α} (h₁ : (⋂ i, s i).Nonempty) (h₂ : ∀ i, IsPreconnected (s i)) : IsPreconnected (⋃ i, s i)",5,"### Step 1: Understand the Problem

First, we need to understand the statement of the theorem:
- We have a family of sets `s : ι → Set α` indexed by `ι`.
- The intersection of all sets `s i` is nonempty (`(⋂ i, s i).",1.68,unconstrained,### Step 1: Understand the Problem,parse_fail,"No terminal matches '#' in the current parser context, at line 1 col 1",<punct>,True,Problem;Step;Understand,False,multiline:4
162141,isPreconnected_iUnion,"theorem isPreconnected_iUnion {ι : Sort*} {s : ι → Set α} (h₁ : (⋂ i, s i).Nonempty) (h₂ : ∀ i, IsPreconnected (s i)) : IsPreconnected (⋃ i, s i)",6,"### Step 1: Understand the Problem
We are given a family of preconnected sets `s i` indexed by `i : ι` (where `ι` is a type) such that the intersection of all `s i` is nonempty. We need to prove that the union of all `s",1.69,unconstrained,### Step 1: Understand the Problem,parse_fail,"No terminal matches '#' in the current parser context, at line 1 col 1",<punct>,True,Problem;Step;Understand,False,multiline:2
162141,isPreconnected_iUnion,"theorem isPreconnected_iUnion {ι : Sort*} {s : ι → Set α} (h₁ : (⋂ i, s i).Nonempty) (h₂ : ∀ i, IsPreconnected (s i)) : IsPreconnected (⋃ i, s i)",7,"### Proof Step 1

```lean
theorem isPreconnected_iUnion {ι : Sort*} {s : ι → Set α} (h₁ : (⋂ i, s i).Nonempty) (h₂ : ∀ i, IsPreconnected (s i)) : IsPreconnected (",1.68,unconstrained,### Proof Step 1,parse_fail,"No terminal matches '#' in the current parser context, at line 1 col 1",<punct>,True,Proof;Step,False,multiline:3
94800,_root_,protected lemma _root_.MDifferentiableAt.mpullback_vectorField (hV : MDiffAt (T% V) (f x₀)) (hf : CMDiffAt n f x₀) (hf' : (mfderiv% f x₀).IsInvertible) (hmn : 2 ≤ n) : MDiffAt (T% (mpullback I I' f V)) x₀,0,"### Understanding the Problem

First, let's understand what the theorem is about. The theorem statement is:

```lean
protected lemma _root_.MDifferentiableAt.mpullback_vectorField (hV : MDiffAt (T% V) (f x₀)) (hf : CMDiffAt n f x",1.7,unconstrained,### Understanding the Problem,parse_fail,"No terminal matches '#' in the current parser context, at line 1 col 1",<punct>,True,Problem;Understanding,False,multiline:4
94800,_root_,protected lemma _root_.MDifferentiableAt.mpullback_vectorField (hV : MDiffAt (T% V) (f x₀)) (hf : CMDiffAt n f x₀) (hf' : (mfderiv% f x₀).IsInvertible) (hmn : 2 ≤ n) : MDiffAt (T% (mpullback I I' f V)) x₀,1,"### Step 1: Understand the Problem

The given Lean 4 theorem statement is a bit abstract due to the use of `T% V` and `T% (mpullback I I' f V)`, which are placeholders for some types or operations. Here's what we can deduce from the statement",1.69,unconstrained,### Step 1: Understand the Problem,parse_fail,"No terminal matches '#' in the current parser context, at line 1 col 1",<punct>,True,Problem;Step;Understand,False,multiline:2
94800,_root_,protected lemma _root_.MDifferentiableAt.mpullback_vectorField (hV : MDiffAt (T% V) (f x₀)) (hf : CMDiffAt n f x₀) (hf' : (mfderiv% f x₀).IsInvertible) (hmn : 2 ≤ n) : MDiffAt (T% (mpullback I I' f V)) x₀,2,"### Step 1: Understand the Statement

The statement is:
```lean
protected lemma _root_.MDifferentiableAt.mpullback_vectorField (hV : MDiffAt (T% V) (f x₀)) (hf : CMDiffAt n f x₀) (hf' : (mf",1.68,unconstrained,### Step 1: Understand the Statement,parse_fail,"No terminal matches '#' in the current parser context, at line 1 col 1",<punct>,True,Step;Understand,False,multiline:4
94800,_root_,protected lemma _root_.MDifferentiableAt.mpullback_vectorField (hV : MDiffAt (T% V) (f x₀)) (hf : CMDiffAt n f x₀) (hf' : (mfderiv% f x₀).IsInvertible) (hmn : 2 ≤ n) : MDiffAt (T% (mpullback I I' f V)) x₀,3,"### Analysis of the Problem

The theorem statement is:

```lean
protected lemma _root_.MDifferentiableAt.mpullback_vectorField (hV : MDiffAt (T% V) (f x₀)) (hf : CMDiffAt n f x₀) (hf' : (mfderiv%",1.68,unconstrained,### Analysis of the Problem,parse_fail,"No terminal matches '#' in the current parser context, at line 1 col 1",<punct>,True,Analysis;Problem,False,multiline:4
94800,_root_,protected lemma _root_.MDifferentiableAt.mpullback_vectorField (hV : MDiffAt (T% V) (f x₀)) (hf : CMDiffAt n f x₀) (hf' : (mfderiv% f x₀).IsInvertible) (hmn : 2 ≤ n) : MDiffAt (T% (mpullback I I' f V)) x₀,4,"### Step 1: Understand the Problem

First, let's understand the theorem statement:

**Theorem**: If `f` is a `C^∞` function (`CMDiffAt n f x₀` with `n ≥ 2`) on `ℝⁿ` (`n`-dimensional real space),",1.68,unconstrained,### Step 1: Understand the Problem,parse_fail,"No terminal matches '#' in the current parser context, at line 1 col 1",<punct>,True,Problem;Step;Understand,False,multiline:3
94800,_root_,protected lemma _root_.MDifferentiableAt.mpullback_vectorField (hV : MDiffAt (T% V) (f x₀)) (hf : CMDiffAt n f x₀) (hf' : (mfderiv% f x₀).IsInvertible) (hmn : 2 ≤ n) : MDiffAt (T% (mpullback I I' f V)) x₀,5,"### Detailed Analysis and Proof

**Problem Analysis:**
We are given:
1. `hV : MDiffAt (T% V) (f x₀)` (a statement about the differentiability of `f` at `x₀` in the context of a tangent space `T% V`).
2",1.68,unconstrained,### Detailed Analysis and Proof,parse_fail,"No terminal matches '#' in the current parser context, at line 1 col 1",<punct>,True,Analysis;Detailed;Proof,False,multiline:5
94800,_root_,protected lemma _root_.MDifferentiableAt.mpullback_vectorField (hV : MDiffAt (T% V) (f x₀)) (hf : CMDiffAt n f x₀) (hf' : (mfderiv% f x₀).IsInvertible) (hmn : 2 ≤ n) : MDiffAt (T% (mpullback I I' f V)) x₀,6,"### Step 1: Understand the Problem

First, we need to understand the components of the theorem:

1. **`hV : MDiffAt (T% V) (f x₀)`**:
   - This states that the function `f` is differentiable at `x₀` with respect to",1.68,unconstrained,### Step 1: Understand the Problem,parse_fail,"No terminal matches '#' in the current parser context, at line 1 col 1",<punct>,True,Problem;Step;Understand,False,multiline:4
94800,_root_,protected lemma _root_.MDifferentiableAt.mpullback_vectorField (hV : MDiffAt (T% V) (f x₀)) (hf : CMDiffAt n f x₀) (hf' : (mfderiv% f x₀).IsInvertible) (hmn : 2 ≤ n) : MDiffAt (T% (mpullback I I' f V)) x₀,7,"### Detailed Analysis and Proof

**Problem Analysis:**
We need to prove that if `f : T → T` is `n`-differentiable at `x₀` (`n ≥ 2`), and the derivative of `f` at `x₀` is invertible (as a linear map),",1.67,unconstrained,### Detailed Analysis and Proof,parse_fail,"No terminal matches '#' in the current parser context, at line 1 col 1",<punct>,True,Analysis;Detailed;Proof,False,multiline:3
151349,zeroLocus_eq_univ_iff,theorem zeroLocus_eq_univ_iff (s : Set R) : zeroLocus s = Set.univ ↔ s ⊆ nilradical R,0,"### Proof Sketch

**Problem Analysis:**
We need to prove that `zeroLocus s = Set.univ` if and only if `s ⊆ nilradical R`. 

1. **Understanding Definitions:**
   - `zeroLocus s` is the set of all elements `x : R`",1.68,unconstrained,### Proof Sketch,parse_fail,"No terminal matches '#' in the current parser context, at line 1 col 1",<punct>,True,Proof;Sketch,False,multiline:5
151349,zeroLocus_eq_univ_iff,theorem zeroLocus_eq_univ_iff (s : Set R) : zeroLocus s = Set.univ ↔ s ⊆ nilradical R,1,"### Step 1: Understand the Problem

First, we need to understand the statement:
- The `zeroLocus s` is defined as `{x | x ∉ s}`. This is the complement of `s` in `R`.
- The `nilradical R` is the set of all nil",1.67,unconstrained,### Step 1: Understand the Problem,parse_fail,"No terminal matches '#' in the current parser context, at line 1 col 1",<punct>,True,Problem;Step;Understand,False,multiline:4
151349,zeroLocus_eq_univ_iff,theorem zeroLocus_eq_univ_iff (s : Set R) : zeroLocus s = Set.univ ↔ s ⊆ nilradical R,2,"### Proof and Analysis

**Problem Analysis:**
The theorem states that the zero locus of a set `s` in a ring `R` is the entire space (i.e., `zeroLocus s = Set.univ`) if and only if `s` is a subset of the nilradical of `",1.67,unconstrained,### Proof and Analysis,parse_fail,"No terminal matches '#' in the current parser context, at line 1 col 1",<punct>,True,Analysis;Proof,False,multiline:3
151349,zeroLocus_eq_univ_iff,theorem zeroLocus_eq_univ_iff (s : Set R) : zeroLocus s = Set.univ ↔ s ⊆ nilradical R,3,"### Lean 4 Proof with `have` Statements

```lean
theorem zeroLocus_eq_univ_iff (s : Set R) : zeroLocus s = Set.univ ↔ s ⊆ nilradical R := by
  have h_main : zeroLocus s = Set.univ ↔ s",1.67,unconstrained,### Lean 4 Proof with `have` Statements,parse_fail,"No terminal matches '#' in the current parser context, at line 1 col 1",<punct>,True,Lean;Proof;Statements,False,multiline:4
151349,zeroLocus_eq_univ_iff,theorem zeroLocus_eq_univ_iff (s : Set R) : zeroLocus s = Set.univ ↔ s ⊆ nilradical R,4,"### Step 1: Understand the Problem

We are given a Lean 4 statement about the `zeroLocus` of a set `s : Set R` and its relationship to the `nilradical` of a ring `R`. Specifically, the theorem states that the `zeroLocus` of `s",1.67,unconstrained,### Step 1: Understand the Problem,parse_fail,"No terminal matches '#' in the current parser context, at line 1 col 1",<punct>,True,Problem;Step;Understand,False,multiline:2
151349,zeroLocus_eq_univ_iff,theorem zeroLocus_eq_univ_iff (s : Set R) : zeroLocus s = Set.univ ↔ s ⊆ nilradical R,5,"### Step-by-Step Abstract Plan

**Problem Analysis:**
The theorem states that the zero locus of a set `s` of elements in a ring `R` is the entire space if and only if `s` is contained in the nilradical of `R`. 

Here:
- The zero locus of",1.67,unconstrained,### Step-by-Step Abstract Plan,parse_fail,"No terminal matches '#' in the current parser context, at line 1 col 1",<punct>,True,Abstract;Plan;Step,False,multiline:5
151349,zeroLocus_eq_univ_iff,theorem zeroLocus_eq_univ_iff (s : Set R) : zeroLocus s = Set.univ ↔ s ⊆ nilradical R,6,"### Lean 4 Proof Step

```lean
theorem zeroLocus_eq_univ_iff (s : Set R) : zeroLocus s = Set.univ ↔ s ⊆ nilradical R
by
  have h₁ : zeroLocus s = Set.univ ↔ s ⊆ nilradical",1.67,unconstrained,### Lean 4 Proof Step,parse_fail,"No terminal matches '#' in the current parser context, at line 1 col 1",<punct>,True,Lean;Proof;Step,False,multiline:5
151349,zeroLocus_eq_univ_iff,theorem zeroLocus_eq_univ_iff (s : Set R) : zeroLocus s = Set.univ ↔ s ⊆ nilradical R,7,"### Detailed Proof and Analysis

First, we need to understand the statement. The `zeroLocus` of a set `s` in a ring `R` is the set of elements `x ∈ R` such that `x` is a zero divisor of every element in `s`. In Lean's `Math",1.67,unconstrained,### Detailed Proof and Analysis,parse_fail,"No terminal matches '#' in the current parser context, at line 1 col 1",<punct>,True,Analysis;Detailed;Proof,False,multiline:2
50407,rpow_inv_natCast_pow,lemma rpow_inv_natCast_pow {n : ℕ} (hn : n ≠ 0) (x : ℝ≥0∞) : (x ^ (n⁻¹ : ℝ)) ^ n = x,0,"### Lean 4 Proof Sketch

#### Problem Analysis
We are given:
1. `n` is a natural number (`n : ℕ`) such that `n ≠ 0`.
2. `x` is a non-negative real number (`x : ℝ≥0∞`).

We need to prove that `(x",1.68,unconstrained,### Lean 4 Proof Sketch,parse_fail,"No terminal matches '#' in the current parser context, at line 1 col 1",<punct>,True,Lean;Proof;Sketch,False,multiline:6
50407,rpow_inv_natCast_pow,lemma rpow_inv_natCast_pow {n : ℕ} (hn : n ≠ 0) (x : ℝ≥0∞) : (x ^ (n⁻¹ : ℝ)) ^ n = x,1,"### Detailed Proof and Analysis

#### Problem Breakdown
We need to prove that \((x^{(n^{-1} : \mathbb{R})})^n = x\) for \(x \geq 0\) (since \(x \in \mathbb{R}_{\geq 0",1.68,unconstrained,### Detailed Proof and Analysis,parse_fail,"No terminal matches '#' in the current parser context, at line 1 col 1",<punct>,True,Analysis;Detailed;Proof,False,multiline:3
50407,rpow_inv_natCast_pow,lemma rpow_inv_natCast_pow {n : ℕ} (hn : n ≠ 0) (x : ℝ≥0∞) : (x ^ (n⁻¹ : ℝ)) ^ n = x,2,"### Detailed Proof and Analysis

First, recall that for `n : ℕ` with `n ≠ 0`, `n⁻¹ : ℝ` is the multiplicative inverse of `n` in `ℝ`. This means that `n⁻¹ = 1 / n`. 

The expression `(x ^ (n",1.68,unconstrained,### Detailed Proof and Analysis,parse_fail,"No terminal matches '#' in the current parser context, at line 1 col 1",<punct>,True,Analysis;Detailed;Proof,False,multiline:3
50407,rpow_inv_natCast_pow,lemma rpow_inv_natCast_pow {n : ℕ} (hn : n ≠ 0) (x : ℝ≥0∞) : (x ^ (n⁻¹ : ℝ)) ^ n = x,3,"### Detailed Proof and Analysis

We are given:
1. `n : ℕ` with `n ≠ 0`,
2. `x : ℝ≥0∞` (i.e., `x` is a non-negative real number, possibly `∞`),
and we need to prove that `(x ^ (n⁻",1.68,unconstrained,### Detailed Proof and Analysis,parse_fail,"No terminal matches '#' in the current parser context, at line 1 col 1",<punct>,True,Analysis;Detailed;Proof,False,multiline:5
50407,rpow_inv_natCast_pow,lemma rpow_inv_natCast_pow {n : ℕ} (hn : n ≠ 0) (x : ℝ≥0∞) : (x ^ (n⁻¹ : ℝ)) ^ n = x,4,"### Lean 4 Proof Sketch

We need to prove that `(x ^ (n⁻¹ : ℝ)) ^ n = x` for `n ≠ 0`, `x : ℝ≥0∞`. Here's the plan:

1. **Understand the expression**: 
   - `n⁻¹ : ℝ",1.67,unconstrained,### Lean 4 Proof Sketch,parse_fail,"No terminal matches '#' in the current parser context, at line 1 col 1",<punct>,True,Lean;Proof;Sketch,False,multiline:4
50407,rpow_inv_natCast_pow,lemma rpow_inv_natCast_pow {n : ℕ} (hn : n ≠ 0) (x : ℝ≥0∞) : (x ^ (n⁻¹ : ℝ)) ^ n = x,5,"### Understanding the Problem

First, let's understand the statement we are trying to prove:
`(x ^ (n⁻¹ : ℝ)) ^ n = x` where `n` is a non-zero natural number and `x` is a non-negative real number (in Lean, `ℝ≥0∞` is",1.68,unconstrained,### Understanding the Problem,parse_fail,"No terminal matches '#' in the current parser context, at line 1 col 1",<punct>,True,Problem;Understanding,False,multiline:3
50407,rpow_inv_natCast_pow,lemma rpow_inv_natCast_pow {n : ℕ} (hn : n ≠ 0) (x : ℝ≥0∞) : (x ^ (n⁻¹ : ℝ)) ^ n = x,6,"### Detailed Proof and Analysis

First, let's understand the statement:

**Theorem:** For any positive integer `n ≠ 0` and any nonnegative real number `x` (represented as `x : ℝ≥0∞`), we have `(x ^ (n⁻¹ : ℝ)) ^ n =",1.69,unconstrained,### Detailed Proof and Analysis,parse_fail,"No terminal matches '#' in the current parser context, at line 1 col 1",<punct>,True,Analysis;Detailed;Proof,False,multiline:3
50407,rpow_inv_natCast_pow,lemma rpow_inv_natCast_pow {n : ℕ} (hn : n ≠ 0) (x : ℝ≥0∞) : (x ^ (n⁻¹ : ℝ)) ^ n = x,7,"### Lean 4 Proof with `have` Statements

```lean
theorem rpow_inv_natCast_pow {n : ℕ} (hn : n ≠ 0) (x : ℝ≥0∞) : (x ^ (n⁻¹ : ℝ)) ^ n = x
by
  have h₁",1.68,unconstrained,### Lean 4 Proof with `have` Statements,parse_fail,"No terminal matches '#' in the current parser context, at line 1 col 1",<punct>,True,Lean;Proof;Statements,False,multiline:5
18233,PosMulMono,theorem PosMulMono.toPosMulReflectLT [PosMulMono α] : PosMulReflectLT α where elim,0,"### Understanding the Problem

First, I need to understand what the Lean theorem is stating and what the goal is. The theorem is:

```lean
theorem PosMulMono.toPosMulReflectLT [PosMulMono α] : PosMulReflectLT α where elim
by
```

This seems like an incomplete Lean",1.7,unconstrained,### Understanding the Problem,parse_fail,"No terminal matches '#' in the current parser context, at line 1 col 1",<punct>,True,Problem;Understanding,False,multiline:7
18233,PosMulMono,theorem PosMulMono.toPosMulReflectLT [PosMulMono α] : PosMulReflectLT α where elim,1,"### Understanding the Problem

First, I need to understand the Lean theorem statement:

```lean
theorem PosMulMono.toPosMulReflectLT [PosMulMono α] : PosMulReflectLT α where elim
by
```

This appears to be incomplete or malformed because:
1. `PosMulMono` is",1.71,unconstrained,### Understanding the Problem,parse_fail,"No terminal matches '#' in the current parser context, at line 1 col 1",<punct>,True,Problem;Understanding,False,multiline:8
18233,PosMulMono,theorem PosMulMono.toPosMulReflectLT [PosMulMono α] : PosMulReflectLT α where elim,2,"### Understanding the Problem

First, let's understand what the Lean theorem is stating. The theorem is:

```lean
theorem PosMulMono.toPosMulReflectLT [PosMulMono α] : PosMulReflectLT α where elim
by
```

This theorem states that for any type `α` equipped with",1.67,unconstrained,### Understanding the Problem,parse_fail,"No terminal matches '#' in the current parser context, at line 1 col 1",<punct>,True,Problem;Understanding,False,multiline:7
18233,PosMulMono,theorem PosMulMono.toPosMulReflectLT [PosMulMono α] : PosMulReflectLT α where elim,3,"### Understanding the Problem

First, let's understand what the problem is asking. We have a type `α` with a `PosMulMono` instance, which is some structure related to positivity and multiplication (though the exact definition is not provided here). We need to construct a `PosMulReflectLT` instance for",1.67,unconstrained,### Understanding the Problem,parse_fail,"No terminal matches '#' in the current parser context, at line 1 col 1",<punct>,True,Problem;Understanding,False,multiline:2
18233,PosMulMono,theorem PosMulMono.toPosMulReflectLT [PosMulMono α] : PosMulReflectLT α where elim,4,"### Lean 4 Proof Sketch

```lean
theorem PosMulMono.toPosMulReflectLT [PosMulMono α] : PosMulReflectLT α where elim
by
  exact ⟨fun a b h => by
    -- We need to show that if `a` is less than or equal to `",1.67,unconstrained,### Lean 4 Proof Sketch,parse_fail,"No terminal matches '#' in the current parser context, at line 1 col 1",<punct>,True,Lean;Proof;Sketch,False,multiline:6
18233,PosMulMono,theorem PosMulMono.toPosMulReflectLT [PosMulMono α] : PosMulReflectLT α where elim,5,"### Understanding the Problem

First, let's understand what the theorem is saying and what the goal is.

1. **Understanding the Context**:
   - The `PosMulMono` typeclass is a custom typeclass not found in Lean's standard library. The name suggests that it is related to the monotonicity",1.67,unconstrained,### Understanding the Problem,parse_fail,"No terminal matches '#' in the current parser context, at line 1 col 1",<punct>,True,Problem;Understanding,False,multiline:4
18233,PosMulMono,theorem PosMulMono.toPosMulReflectLT [PosMulMono α] : PosMulReflectLT α where elim,6,"### Detailed Proof and Analysis

First, let's understand the problem. We are given a type `α` with a `PosMulMono` instance, and we need to prove that `α` has a `PosMulReflectLT` instance. The `PosMulMono` class requires that for any two elements `",1.67,unconstrained,### Detailed Proof and Analysis,parse_fail,"No terminal matches '#' in the current parser context, at line 1 col 1",<punct>,True,Analysis;Detailed;Proof,False,multiline:2
18233,PosMulMono,theorem PosMulMono.toPosMulReflectLT [PosMulMono α] : PosMulReflectLT α where elim,7,"### Lean 4 Proof with `have` Statements

```lean
theorem PosMulMono.toPosMulReflectLT [PosMulMono α] : PosMulReflectLT α where elim
by
  have h_main : ∀ (a : α), 0 < a → 0 < a := by
   ",1.67,unconstrained,### Lean 4 Proof with `have` Statements,parse_fail,"No terminal matches '#' in the current parser context, at line 1 col 1",<punct>,True,Lean;Proof;Statements,False,multiline:5
12012,hom_ext,"theorem hom_ext {F₁ F₂ : FreeLieAlgebra R X →ₗ⁅R⁆ L} (h : ∀ x, F₁ (of R x) = F₂ (of R x)) : F₁ = F₂",0,"### Detailed Proof and Analysis

We are given two linear maps `F₁` and `F₂` from `FreeLieAlgebra R X` to `L` (a module over `R`), and we are told that for every `x` in `X`, the images of `of R x`",1.69,unconstrained,### Detailed Proof and Analysis,parse_fail,"No terminal matches '#' in the current parser context, at line 1 col 1",<punct>,True,Analysis;Detailed;Proof,False,multiline:2
12012,hom_ext,"theorem hom_ext {F₁ F₂ : FreeLieAlgebra R X →ₗ⁅R⁆ L} (h : ∀ x, F₁ (of R x) = F₂ (of R x)) : F₁ = F₂",1,"### Lean 4 Proof Step

```lean4
theorem hom_ext {F₁ F₂ : FreeLieAlgebra R X →ₗ⁅R⁆ L} (h : ∀ x, F₁ (of R x) = F₂ (of R x)) : F₁ = F₂
by",1.69,unconstrained,### Lean 4 Proof Step,parse_fail,"No terminal matches '#' in the current parser context, at line 1 col 1",<punct>,True,Lean;Proof;Step,False,multiline:4
12012,hom_ext,"theorem hom_ext {F₁ F₂ : FreeLieAlgebra R X →ₗ⁅R⁆ L} (h : ∀ x, F₁ (of R x) = F₂ (of R x)) : F₁ = F₂",2,"### Step 1: Understanding the Problem
We are given two linear maps `F₁` and `F₂` from the free Lie algebra `FreeLieAlgebra R X` to a Lie algebra `L` (with coefficients in `R`). The hypothesis is that `F₁` and `F₂`",1.69,unconstrained,### Step 1: Understanding the Problem,parse_fail,"No terminal matches '#' in the current parser context, at line 1 col 1",<punct>,True,Problem;Step;Understanding,False,multiline:2
12012,hom_ext,"theorem hom_ext {F₁ F₂ : FreeLieAlgebra R X →ₗ⁅R⁆ L} (h : ∀ x, F₁ (of R x) = F₂ (of R x)) : F₁ = F₂",3,"### Step-by-Step Abstract Plan

1. **Understand the Problem**:
   - We are given two linear maps `F₁` and `F₂` from `FreeLieAlgebra R X` to `L` (where `L` is a Lie `R`-algebra).
   -",1.68,unconstrained,### Step-by-Step Abstract Plan,parse_fail,"No terminal matches '#' in the current parser context, at line 1 col 1",<punct>,True,Abstract;Plan;Step,False,multiline:4
12012,hom_ext,"theorem hom_ext {F₁ F₂ : FreeLieAlgebra R X →ₗ⁅R⁆ L} (h : ∀ x, F₁ (of R x) = F₂ (of R x)) : F₁ = F₂",4,"### Lean 4 Proof with `have` Statements

```lean
theorem hom_ext {F₁ F₂ : FreeLieAlgebra R X →ₗ⁅R⁆ L} (h : ∀ x, F₁ (of R x) = F₂ (of R x)) : F₁ = F",1.68,unconstrained,### Lean 4 Proof with `have` Statements,parse_fail,"No terminal matches '#' in the current parser context, at line 1 col 1",<punct>,True,Lean;Proof;Statements,False,multiline:3
12012,hom_ext,"theorem hom_ext {F₁ F₂ : FreeLieAlgebra R X →ₗ⁅R⁆ L} (h : ∀ x, F₁ (of R x) = F₂ (of R x)) : F₁ = F₂",5,"### Understanding the Problem

We are given two linear maps `F₁` and `F₂` from the free Lie algebra `FreeLieAlgebra R X` to another Lie algebra `L` over a ring `R`. The hypothesis is that for every element `x : X`, the images of `F₁",1.71,unconstrained,### Understanding the Problem,parse_fail,"No terminal matches '#' in the current parser context, at line 1 col 1",<punct>,True,Problem;Understanding,False,multiline:2
12012,hom_ext,"theorem hom_ext {F₁ F₂ : FreeLieAlgebra R X →ₗ⁅R⁆ L} (h : ∀ x, F₁ (of R x) = F₂ (of R x)) : F₁ = F₂",6,"### Step-by-Step Abstract Plan

1. **Understand the Problem**:
   - We have two linear maps `F₁` and `F₂` from the free Lie algebra `FreeLieAlgebra R X` to a Lie algebra `L`.
   - The hypothesis is that `F₁` and",1.7,unconstrained,### Step-by-Step Abstract Plan,parse_fail,"No terminal matches '#' in the current parser context, at line 1 col 1",<punct>,True,Abstract;Plan;Step,False,multiline:4
12012,hom_ext,"theorem hom_ext {F₁ F₂ : FreeLieAlgebra R X →ₗ⁅R⁆ L} (h : ∀ x, F₁ (of R x) = F₂ (of R x)) : F₁ = F₂",7,"### Step 1: Understand the Problem

We are given two linear maps `F₁` and `F₂` from the free Lie algebra `FreeLieAlgebra R X` to some Lie algebra `L` over a ring `R`. The hypothesis is that for every `x : FreeLieAlgebra R",1.69,unconstrained,### Step 1: Understand the Problem,parse_fail,"No terminal matches '#' in the current parser context, at line 1 col 1",<punct>,True,Problem;Step;Understand,False,multiline:2
59742,id_hom,theorem id_hom (A : CommComon C) : Comon.Hom.hom (InducedCategory.Hom.hom (𝟙 A)) = 𝟙 A.X,0,"### Step 1: Understand the Problem

First, let's understand what the theorem is saying.

We have a commutative comonoid `A : CommComon C` (which is just a commutative monoid in the context of a `CommComon C`), and we need to prove",1.69,unconstrained,### Step 1: Understand the Problem,parse_fail,"No terminal matches '#' in the current parser context, at line 1 col 1",<punct>,True,Problem;Step;Understand,False,multiline:3
59742,id_hom,theorem id_hom (A : CommComon C) : Comon.Hom.hom (InducedCategory.Hom.hom (𝟙 A)) = 𝟙 A.X,1,"### Analysis and Proof Sketch

First, let's understand the statement:
```lean
theorem id_hom (A : CommComon C) : Comon.Hom.hom (InducedCategory.Hom.hom (𝟙 A)) = 𝟙 A.X
```

Here, `A : CommCom",1.68,unconstrained,### Analysis and Proof Sketch,parse_fail,"No terminal matches '#' in the current parser context, at line 1 col 1",<punct>,True,Analysis;Proof;Sketch,False,multiline:6
59742,id_hom,theorem id_hom (A : CommComon C) : Comon.Hom.hom (InducedCategory.Hom.hom (𝟙 A)) = 𝟙 A.X,2,"### Step 1: Understand the Problem

First, let's understand what the theorem is stating. 

The theorem is about the `id_hom` in the context of `CommComon C`, where `C` is some typeclass (likely a `CommMonoid` or similar, but this is not explicitly",1.67,unconstrained,### Step 1: Understand the Problem,parse_fail,"No terminal matches '#' in the current parser context, at line 1 col 1",<punct>,True,Problem;Step;Understand,False,multiline:3
59742,id_hom,theorem id_hom (A : CommComon C) : Comon.Hom.hom (InducedCategory.Hom.hom (𝟙 A)) = 𝟙 A.X,3,"### Lean 4 Proof with `have` Statements

```lean
theorem id_hom (A : CommComon C) : Comon.Hom.hom (InducedCategory.Hom.hom (𝟙 A)) = 𝟙 A.X
by
  have h₁ : Comon.Hom.hom",1.67,unconstrained,### Lean 4 Proof with `have` Statements,parse_fail,"No terminal matches '#' in the current parser context, at line 1 col 1",<punct>,True,Lean;Proof;Statements,False,multiline:5
59742,id_hom,theorem id_hom (A : CommComon C) : Comon.Hom.hom (InducedCategory.Hom.hom (𝟙 A)) = 𝟙 A.X,4,"### Analysis and Proof

#### Understanding the Problem

First, we need to understand the statement:
```lean
theorem id_hom (A : CommComon C) : Comon.Hom.hom (InducedCategory.Hom.hom (𝟙 A)) = 𝟙 A.X
by
```

",1.68,unconstrained,### Analysis and Proof,parse_fail,"No terminal matches '#' in the current parser context, at line 1 col 1",<punct>,True,Analysis;Proof,False,multiline:6
59742,id_hom,theorem id_hom (A : CommComon C) : Comon.Hom.hom (InducedCategory.Hom.hom (𝟙 A)) = 𝟙 A.X,5,"### Detailed Analysis and Proof Sketch

First, let's understand the statement:

**Theorem Statement:**  
For a commutative commonoid `A` (in the Lean 4 library, this is `CommComon C`), the identity homomorphism on `A` is equal to the identity hom",1.68,unconstrained,### Detailed Analysis and Proof Sketch,parse_fail,"No terminal matches '#' in the current parser context, at line 1 col 1",<punct>,True,Analysis;Detailed;Proof;Sketch,False,multiline:4
59742,id_hom,theorem id_hom (A : CommComon C) : Comon.Hom.hom (InducedCategory.Hom.hom (𝟙 A)) = 𝟙 A.X,6,"### Lean 4 Proof with `have` Statements

```lean
theorem id_hom (A : CommComon C) : Comon.Hom.hom (InducedCategory.Hom.hom (𝟙 A)) = 𝟙 A.X
by
  have h₁ : Comon.Hom.hom",1.67,unconstrained,### Lean 4 Proof with `have` Statements,parse_fail,"No terminal matches '#' in the current parser context, at line 1 col 1",<punct>,True,Lean;Proof;Statements,False,multiline:5
59742,id_hom,theorem id_hom (A : CommComon C) : Comon.Hom.hom (InducedCategory.Hom.hom (𝟙 A)) = 𝟙 A.X,7,"### Detailed Analysis and Proof

**Problem Understanding:**
The statement is about proving that `Comon.Hom.hom (InducedCategory.Hom.hom (𝟙 A)) = 𝟙 A.X` in the context of a commutative comonoid `A` in some category `C`.",1.69,unconstrained,### Detailed Analysis and Proof,parse_fail,"No terminal matches '#' in the current parser context, at line 1 col 1",<punct>,True,Analysis;Detailed;Proof,False,multiline:3
75861,optionElim_ne_zero_iff,theorem optionElim_ne_zero_iff (y : M) (f : α →₀ M) : f.optionElim y ≠ 0 ↔ f ≠ 0 ∨ y ≠ 0,0,"### Understanding the Problem

The theorem states that for a multiset `f : α →₀ M` (where `α` is a type and `M` is a type with a `Zero` instance) and an element `y : M`, the condition `f.optionElim y ≠ 0` is equivalent",1.68,unconstrained,### Understanding the Problem,parse_fail,"No terminal matches '#' in the current parser context, at line 1 col 1",<punct>,True,Problem;Understanding,False,multiline:2
75861,optionElim_ne_zero_iff,theorem optionElim_ne_zero_iff (y : M) (f : α →₀ M) : f.optionElim y ≠ 0 ↔ f ≠ 0 ∨ y ≠ 0,1,"### Lean 4 Proof with `have` Statements

```lean
theorem optionElim_ne_zero_iff (y : M) (f : α →₀ M) : f.optionElim y ≠ 0 ↔ f ≠ 0 ∨ y ≠ 0 := by
  have h_main : f.optionElim y",1.68,unconstrained,### Lean 4 Proof with `have` Statements,parse_fail,"No terminal matches '#' in the current parser context, at line 1 col 1",<punct>,True,Lean;Proof;Statements,False,multiline:4
75861,optionElim_ne_zero_iff,theorem optionElim_ne_zero_iff (y : M) (f : α →₀ M) : f.optionElim y ≠ 0 ↔ f ≠ 0 ∨ y ≠ 0,2,"### Detailed Proof and Analysis

First, let's understand the problem:

We are given:
1. A type `α` (which is arbitrary but fixed, as it is a parameter to the theorem).
2. A type `M` (also arbitrary but fixed, as it is a parameter to the theorem).
3",1.67,unconstrained,### Detailed Proof and Analysis,parse_fail,"No terminal matches '#' in the current parser context, at line 1 col 1",<punct>,True,Analysis;Detailed;Proof,False,multiline:6
75861,optionElim_ne_zero_iff,theorem optionElim_ne_zero_iff (y : M) (f : α →₀ M) : f.optionElim y ≠ 0 ↔ f ≠ 0 ∨ y ≠ 0,3,"### Detailed Proof

#### Understanding the Problem
We are given:
1. A type `M` with an `AddCommMonoid` structure (though the `AddCommMonoid` instance is not directly relevant to the statement).
2. A type `α` (which could be anything, but `α →",1.68,unconstrained,### Detailed Proof,parse_fail,"No terminal matches '#' in the current parser context, at line 1 col 1",<punct>,True,Detailed;Proof,False,multiline:5
75861,optionElim_ne_zero_iff,theorem optionElim_ne_zero_iff (y : M) (f : α →₀ M) : f.optionElim y ≠ 0 ↔ f ≠ 0 ∨ y ≠ 0,4,"### Understanding the Problem

First, we need to understand what the theorem is stating. The theorem is about the `optionElim` operation on a function `f : α →₀ M` (where `M` is a type, likely an `AddMonoid` based on the context of `0` and the",1.68,unconstrained,### Understanding the Problem,parse_fail,"No terminal matches '#' in the current parser context, at line 1 col 1",<punct>,True,Problem;Understanding,False,multiline:2
75861,optionElim_ne_zero_iff,theorem optionElim_ne_zero_iff (y : M) (f : α →₀ M) : f.optionElim y ≠ 0 ↔ f ≠ 0 ∨ y ≠ 0,5,"### Detailed Proof and Analysis

We are to prove the statement:
\[ f.\text{optionElim}(y) \neq 0 \leftrightarrow (f \neq 0 \lor y \neq 0) \]
where \( f : \alpha \to₀ M \) is a finit",1.67,unconstrained,### Detailed Proof and Analysis,parse_fail,"No terminal matches '#' in the current parser context, at line 1 col 1",<punct>,True,Analysis;Detailed;Proof,False,multiline:4
75861,optionElim_ne_zero_iff,theorem optionElim_ne_zero_iff (y : M) (f : α →₀ M) : f.optionElim y ≠ 0 ↔ f ≠ 0 ∨ y ≠ 0,6,"### Detailed Proof and Analysis

First, let's understand the problem. We have a function `f : α →₀ M` (a finitely supported function from `α` to `M`, where `M` is some type with a zero element) and a value `y : M`. We are to",1.67,unconstrained,### Detailed Proof and Analysis,parse_fail,"No terminal matches '#' in the current parser context, at line 1 col 1",<punct>,True,Analysis;Detailed;Proof,False,multiline:2
75861,optionElim_ne_zero_iff,theorem optionElim_ne_zero_iff (y : M) (f : α →₀ M) : f.optionElim y ≠ 0 ↔ f ≠ 0 ∨ y ≠ 0,7,"### Understanding the Problem

First, I need to understand the statement of the theorem and the definitions involved. The theorem is about functions from `α` to `M` (where `M` is a type, not necessarily a set or space) and their behavior under `optionElim`. However, the `optionElim",1.67,unconstrained,### Understanding the Problem,parse_fail,"No terminal matches '#' in the current parser context, at line 1 col 1",<punct>,True,Problem;Understanding,False,multiline:2
20916,natCast_mul,theorem natCast_mul (n : ℕ) (p : R[X]) : (n : R[X]) * p = n • p,0,"### Step 1: Understand the Theorem

The theorem states that for any natural number `n` and any polynomial `p` with coefficients in a ring `R`, the product of `n` (as a polynomial) with `p` is equal to the scalar multiplication of `n` with `p`.",1.67,unconstrained,### Step 1: Understand the Theorem,parse_fail,"No terminal matches '#' in the current parser context, at line 1 col 1",<punct>,True,Step;Theorem;Understand,False,multiline:2
20916,natCast_mul,theorem natCast_mul (n : ℕ) (p : R[X]) : (n : R[X]) * p = n • p,1,"### Step 1: Understand the Problem
The theorem states that for any natural number `n` and any polynomial `p` with coefficients in a ring `R`, the product of the natural number `n` (cast to the polynomial ring `R[X]`) and `p` is equal to the scalar multiplication",1.68,unconstrained,### Step 1: Understand the Problem,parse_fail,"No terminal matches '#' in the current parser context, at line 1 col 1",<punct>,True,Problem;Step;Understand,False,multiline:2
20916,natCast_mul,theorem natCast_mul (n : ℕ) (p : R[X]) : (n : R[X]) * p = n • p,2,"### Step 1: Understand the Problem
The theorem states that for any natural number `n` and any polynomial `p` in `R[X]`, the product `(n : R[X]) * p` is equal to `n • p`. Here, `(n : R[X])` is the polynomial `",1.69,unconstrained,### Step 1: Understand the Problem,parse_fail,"No terminal matches '#' in the current parser context, at line 1 col 1",<punct>,True,Problem;Step;Understand,False,multiline:2
20916,natCast_mul,theorem natCast_mul (n : ℕ) (p : R[X]) : (n : R[X]) * p = n • p,3,"### Step 1: Understand the Problem

The theorem states that for any natural number `n` and any polynomial `p` over a commutative ring `R`, the product of `n` (as a polynomial) and `p` is equal to the `n`-th multiple of `p`",1.67,unconstrained,### Step 1: Understand the Problem,parse_fail,"No terminal matches '#' in the current parser context, at line 1 col 1",<punct>,True,Problem;Step;Understand,False,multiline:2
20916,natCast_mul,theorem natCast_mul (n : ℕ) (p : R[X]) : (n : R[X]) * p = n • p,4,"### Detailed Proof and Analysis

First, let's understand the statement:
- We are working in the ring `R[X]` of polynomials with coefficients in `R`.
- The theorem states that for any natural number `n` (interpreted as a scalar in `R`) and any polynomial `p` in `",1.67,unconstrained,### Detailed Proof and Analysis,parse_fail,"No terminal matches '#' in the current parser context, at line 1 col 1",<punct>,True,Analysis;Detailed;Proof,False,multiline:4
20916,natCast_mul,theorem natCast_mul (n : ℕ) (p : R[X]) : (n : R[X]) * p = n • p,5,"### Lean 4 Proof with `have` Statements

```lean
theorem natCast_mul (n : ℕ) (p : R[X]) : (n : R[X]) * p = n • p
by
  have h_main : (n : R[X]) * p = n • p := by",1.69,unconstrained,### Lean 4 Proof with `have` Statements,parse_fail,"No terminal matches '#' in the current parser context, at line 1 col 1",<punct>,True,Lean;Proof;Statements,False,multiline:5
20916,natCast_mul,theorem natCast_mul (n : ℕ) (p : R[X]) : (n : R[X]) * p = n • p,6,"### Lean 4 Proof with `have` Statements

```lean4
theorem natCast_mul (n : ℕ) (p : R[X]) : (n : R[X]) * p = n • p
by
  have h₁ : (n : R[X]) * p = n • p :=",1.69,unconstrained,### Lean 4 Proof with `have` Statements,parse_fail,"No terminal matches '#' in the current parser context, at line 1 col 1",<punct>,True,Lean;Proof;Statements,False,multiline:5
20916,natCast_mul,theorem natCast_mul (n : ℕ) (p : R[X]) : (n : R[X]) * p = n • p,7,"### Detailed Proof and Analysis

First, let's understand the theorem:
We need to prove that for any natural number `n` and any polynomial `p` in the ring `R[X]`, the product of `n` (as a natural number) and `p` (as a polynomial) is equal to",1.68,unconstrained,### Detailed Proof and Analysis,parse_fail,"No terminal matches '#' in the current parser context, at line 1 col 1",<punct>,True,Analysis;Detailed;Proof,False,multiline:3
61024,op_symm,theorem op_symm (α : X ≅ Y) : Iso.op α.symm = (Iso.op α).symm,0,"### Step 1: Understand the Problem

The theorem states that the symmetric of the symmetric of a bijection `α : X ≅ Y` is the same as the symmetric of the symmetric of `α`. In other words, `(α.symm).symm = α`. 

But Lean 4's `",1.67,unconstrained,### Step 1: Understand the Problem,parse_fail,"No terminal matches '#' in the current parser context, at line 1 col 1",<punct>,True,Problem;Step;Understand,False,multiline:3
61024,op_symm,theorem op_symm (α : X ≅ Y) : Iso.op α.symm = (Iso.op α).symm,1,"### Lean 4 Proof with `have` Statements

```lean
theorem op_symm (α : X ≅ Y) : Iso.op α.symm = (Iso.op α).symm
by
  have h₁ : Iso.op α.symm = (Iso.op α).symm := by sorry",1.67,unconstrained,### Lean 4 Proof with `have` Statements,parse_fail,"No terminal matches '#' in the current parser context, at line 1 col 1",<punct>,True,Lean;Proof;Statements,False,multiline:5
61024,op_symm,theorem op_symm (α : X ≅ Y) : Iso.op α.symm = (Iso.op α).symm,2,"### Lean 4 Proof Step

```lean
theorem op_symm (α : X ≅ Y) : Iso.op α.symm = (Iso.op α).symm
by
  apply Eq.symm
  <;> simp [α, Function.funext_iff, IsOpen.mem_nhds]
",1.67,unconstrained,### Lean 4 Proof Step,parse_fail,"No terminal matches '#' in the current parser context, at line 1 col 1",<punct>,True,Lean;Proof;Step,False,multiline:6
61024,op_symm,theorem op_symm (α : X ≅ Y) : Iso.op α.symm = (Iso.op α).symm,3,"### Detailed Proof and Analysis

#### Understanding the Problem

We are given a theorem statement about the `op_symm` property of an `Iso` (isomorphism) in Lean 4. Here, `α : X ≅ Y` is an isomorphism from `X` to `Y`. The",1.67,unconstrained,### Detailed Proof and Analysis,parse_fail,"No terminal matches '#' in the current parser context, at line 1 col 1",<punct>,True,Analysis;Detailed;Proof,False,multiline:3
61024,op_symm,theorem op_symm (α : X ≅ Y) : Iso.op α.symm = (Iso.op α).symm,4,"### Lean 4 Proof

```lean
theorem op_symm (α : X ≅ Y) : Iso.op α.symm = (Iso.op α).symm
by
  rw [← congr_arg (fun x => x.symm)]
  <;> simp_all [Iso.symm_apply_apply",1.68,unconstrained,### Lean 4 Proof,parse_fail,"No terminal matches '#' in the current parser context, at line 1 col 1",<punct>,True,Lean;Proof,False,multiline:6
61024,op_symm,theorem op_symm (α : X ≅ Y) : Iso.op α.symm = (Iso.op α).symm,5,"### Understanding the Problem

First, let's understand the statement:

**Theorem**: For any isomorphism `α : X ≅ Y`, we have `Iso.op α.symm = (Iso.op α).symm`.

Here, `X` and `Y` are types, and `α` is",1.68,unconstrained,### Understanding the Problem,parse_fail,"No terminal matches '#' in the current parser context, at line 1 col 1",<punct>,True,Problem;Understanding,False,multiline:4
61024,op_symm,theorem op_symm (α : X ≅ Y) : Iso.op α.symm = (Iso.op α).symm,6,"### Lean 4 Proof with `have` Statements

```lean
theorem op_symm (α : X ≅ Y) : Iso.op α.symm = (Iso.op α).symm := by
  have h₁ : Iso.op α.symm = (Iso.op α).symm := by sorry",1.68,unconstrained,### Lean 4 Proof with `have` Statements,parse_fail,"No terminal matches '#' in the current parser context, at line 1 col 1",<punct>,True,Lean;Proof;Statements,False,multiline:4
61024,op_symm,theorem op_symm (α : X ≅ Y) : Iso.op α.symm = (Iso.op α).symm,7,"### Step 1: Understand the Problem

We need to prove that `Iso.op α.symm = (Iso.op α).symm` for an isomorphism `α : X ≅ Y`. 

### Step 2: Understand the Definitions

1. `α : X ≅ Y` is an",1.67,unconstrained,### Step 1: Understand the Problem,parse_fail,"No terminal matches '#' in the current parser context, at line 1 col 1",<punct>,True,Problem;Step;Understand,False,multiline:4
26476,PartialMap,lemma PartialMap.id_comp {X Y : Scheme.{u}} [IrreducibleSpace X] (f : X.PartialMap Y) : (PartialMap.id X).comp f = f,0,"### Step 1: Understand the Statement

First, we need to understand what the theorem is saying. 

The theorem is:
```lean
lemma PartialMap.id_comp {X Y : Scheme.{u}} [IrreducibleSpace X] (f : X.PartialMap Y) : (PartialMap.id X",1.68,unconstrained,### Step 1: Understand the Statement,parse_fail,"No terminal matches '#' in the current parser context, at line 1 col 1",<punct>,True,Step;Understand,False,multiline:5
26476,PartialMap,lemma PartialMap.id_comp {X Y : Scheme.{u}} [IrreducibleSpace X] (f : X.PartialMap Y) : (PartialMap.id X).comp f = f,1,"### Step 1: Understand the Problem

We are given a Lean 4 theorem statement:
```lean
lemma PartialMap.id_comp {X Y : Scheme.{u}} [IrreducibleSpace X] (f : X.PartialMap Y) : (PartialMap.id X).comp f = f
``",1.68,unconstrained,### Step 1: Understand the Problem,parse_fail,"No terminal matches '#' in the current parser context, at line 1 col 1",<punct>,True,Problem;Step;Understand,False,multiline:5
26476,PartialMap,lemma PartialMap.id_comp {X Y : Scheme.{u}} [IrreducibleSpace X] (f : X.PartialMap Y) : (PartialMap.id X).comp f = f,2,"### Step 1: Understand the Problem

The problem is to prove that the composition of the identity partial map on `X` with any partial map `f : X → Y` is equal to `f` itself. 

In Lean, `PartialMap.id X` is the identity partial map on `X`,",1.68,unconstrained,### Step 1: Understand the Problem,parse_fail,"No terminal matches '#' in the current parser context, at line 1 col 1",<punct>,True,Problem;Step;Understand,False,multiline:3
26476,PartialMap,lemma PartialMap.id_comp {X Y : Scheme.{u}} [IrreducibleSpace X] (f : X.PartialMap Y) : (PartialMap.id X).comp f = f,3,"### Step 1: Understand the Theorem

The theorem states that for any partial map `f : X.PartialMap Y` (where `X` and `Y` are irreducible schemes), the composition of `f` with the identity partial map on `X` is equal to `f` itself.",1.68,unconstrained,### Step 1: Understand the Theorem,parse_fail,"No terminal matches '#' in the current parser context, at line 1 col 1",<punct>,True,Step;Theorem;Understand,False,multiline:2
26476,PartialMap,lemma PartialMap.id_comp {X Y : Scheme.{u}} [IrreducibleSpace X] (f : X.PartialMap Y) : (PartialMap.id X).comp f = f,4,"### Step 1: Understand the Problem

First, let's understand what the problem is asking. We have a Lean 4 theorem statement about partial maps between irreducible spaces. 

The theorem states that for any partial map `f : X.PartialMap Y`, the composition of `f` with the identity partial",1.68,unconstrained,### Step 1: Understand the Problem,parse_fail,"No terminal matches '#' in the current parser context, at line 1 col 1",<punct>,True,Problem;Step;Understand,False,multiline:3
26476,PartialMap,lemma PartialMap.id_comp {X Y : Scheme.{u}} [IrreducibleSpace X] (f : X.PartialMap Y) : (PartialMap.id X).comp f = f,5,"### Lean 4 Proof

```lean
theorem PartialMap.id_comp {X Y : Scheme.{u}} [IrreducibleSpace X] (f : X.PartialMap Y) : (PartialMap.id X).comp f = f
by
  -- We need to show that the composition of the identity",1.68,unconstrained,### Lean 4 Proof,parse_fail,"No terminal matches '#' in the current parser context, at line 1 col 1",<punct>,True,Lean;Proof,False,multiline:5
26476,PartialMap,lemma PartialMap.id_comp {X Y : Scheme.{u}} [IrreducibleSpace X] (f : X.PartialMap Y) : (PartialMap.id X).comp f = f,6,"### Abstract Plan

1. **Understand the Statement**: The theorem states that the composition of the identity partial map on `X` with any partial map `f : X → Y` is equal to `f` itself. This is a fundamental property of partial maps and their composition.

2. **Partial Map Definition",1.67,unconstrained,### Abstract Plan,parse_fail,"No terminal matches '#' in the current parser context, at line 1 col 1",<punct>,True,Abstract;Plan,False,multiline:3
26476,PartialMap,lemma PartialMap.id_comp {X Y : Scheme.{u}} [IrreducibleSpace X] (f : X.PartialMap Y) : (PartialMap.id X).comp f = f,7,"### Lean 4 Proof Step

```lean
lemma PartialMap.id_comp {X Y : Scheme.{u}} [IrreducibleSpace X] (f : X.PartialMap Y) : (PartialMap.id X).comp f = f
by
  rfl
```

This proof step uses the reflexivity",1.67,unconstrained,### Lean 4 Proof Step,parse_fail,"No terminal matches '#' in the current parser context, at line 1 col 1",<punct>,True,Lean;Proof;Step,False,multiline:7
99647,weightedVSubOfPoint_sdiff,theorem weightedVSubOfPoint_sdiff [DecidableEq ι] {s₂ : Finset ι} (h : s₂ ⊆ s) (w : ι → k) (p : ι → P) (b : P) : (s \ s₂).weightedVSubOfPoint p b w + s₂.weightedVSubOfPoint p b w = s.weightedVSubOfPoint p b w,0,"### Lean 4 Proof with `have` Statements

```lean
theorem weightedVSubOfPoint_sdiff [DecidableEq ι] {s₂ : Finset ι} (h : s₂ ⊆ s) (w : ι → k) (p : ι → P) (",1.7,unconstrained,### Lean 4 Proof with `have` Statements,parse_fail,"No terminal matches '#' in the current parser context, at line 1 col 1",<punct>,True,Lean;Proof;Statements,False,multiline:3
99647,weightedVSubOfPoint_sdiff,theorem weightedVSubOfPoint_sdiff [DecidableEq ι] {s₂ : Finset ι} (h : s₂ ⊆ s) (w : ι → k) (p : ι → P) (b : P) : (s \ s₂).weightedVSubOfPoint p b w + s₂.weightedVSubOfPoint p b w = s.weightedVSubOfPoint p b w,1,"### Detailed Analysis and Proof Sketch

First, we need to understand the statement and the components involved. The theorem states that for a finite set `ι`, a subset `s₂` of `s`, a function `w : ι → k`, and functions `p : ι → P` and `b",1.67,unconstrained,### Detailed Analysis and Proof Sketch,parse_fail,"No terminal matches '#' in the current parser context, at line 1 col 1",<punct>,True,Analysis;Detailed;Proof;Sketch,False,multiline:2
99647,weightedVSubOfPoint_sdiff,theorem weightedVSubOfPoint_sdiff [DecidableEq ι] {s₂ : Finset ι} (h : s₂ ⊆ s) (w : ι → k) (p : ι → P) (b : P) : (s \ s₂).weightedVSubOfPoint p b w + s₂.weightedVSubOfPoint p b w = s.weightedVSubOfPoint p b w,2,"### Step 1: Understand the Problem

The theorem states that for a finite set `ι`, a subset `s₂` of `s`, and functions `w : ι → k` and `p : ι → P` and a point `b : P`, the sum of the weighted vector sub",1.68,unconstrained,### Step 1: Understand the Problem,parse_fail,"No terminal matches '#' in the current parser context, at line 1 col 1",<punct>,True,Problem;Step;Understand,False,multiline:2
99647,weightedVSubOfPoint_sdiff,theorem weightedVSubOfPoint_sdiff [DecidableEq ι] {s₂ : Finset ι} (h : s₂ ⊆ s) (w : ι → k) (p : ι → P) (b : P) : (s \ s₂).weightedVSubOfPoint p b w + s₂.weightedVSubOfPoint p b w = s.weightedVSubOfPoint p b w,3,"### Detailed Proof and Analysis

First, recall the problem:
We have a set `s₂` (a subset of `ι`, the type of indices) that is a subset of `s` (also a subset of `ι`), and we are given functions `w : ι → k`, `p",1.68,unconstrained,### Detailed Proof and Analysis,parse_fail,"No terminal matches '#' in the current parser context, at line 1 col 1",<punct>,True,Analysis;Detailed;Proof,False,multiline:3
99647,weightedVSubOfPoint_sdiff,theorem weightedVSubOfPoint_sdiff [DecidableEq ι] {s₂ : Finset ι} (h : s₂ ⊆ s) (w : ι → k) (p : ι → P) (b : P) : (s \ s₂).weightedVSubOfPoint p b w + s₂.weightedVSubOfPoint p b w = s.weightedVSubOfPoint p b w,4,"### Lean 4 Proof with `have` Statements

```lean
theorem weightedVSubOfPoint_sdiff [DecidableEq ι] {s₂ : Finset ι} (h : s₂ ⊆ s) (w : ι → k) (p : ι → P) (",1.69,unconstrained,### Lean 4 Proof with `have` Statements,parse_fail,"No terminal matches '#' in the current parser context, at line 1 col 1",<punct>,True,Lean;Proof;Statements,False,multiline:3
99647,weightedVSubOfPoint_sdiff,theorem weightedVSubOfPoint_sdiff [DecidableEq ι] {s₂ : Finset ι} (h : s₂ ⊆ s) (w : ι → k) (p : ι → P) (b : P) : (s \ s₂).weightedVSubOfPoint p b w + s₂.weightedVSubOfPoint p b w = s.weightedVSubOfPoint p b w,5,"### Detailed Proof and Analysis

**Problem Breakdown:**
We need to prove that for a finite set `s` (of type `ι`) and its subset `s₂` (also of type `ι`), and functions `w : ι → k` and `p : ι → P`,",1.69,unconstrained,### Detailed Proof and Analysis,parse_fail,"No terminal matches '#' in the current parser context, at line 1 col 1",<punct>,True,Analysis;Detailed;Proof,False,multiline:3
99647,weightedVSubOfPoint_sdiff,theorem weightedVSubOfPoint_sdiff [DecidableEq ι] {s₂ : Finset ι} (h : s₂ ⊆ s) (w : ι → k) (p : ι → P) (b : P) : (s \ s₂).weightedVSubOfPoint p b w + s₂.weightedVSubOfPoint p b w = s.weightedVSubOfPoint p b w,6,"### Lean 4 Proof with `have` Statements

```lean
theorem weightedVSubOfPoint_sdiff [DecidableEq ι] {s₂ : Finset ι} (h : s₂ ⊆ s) (w : ι → k) (p : ι → P) (",1.68,unconstrained,### Lean 4 Proof with `have` Statements,parse_fail,"No terminal matches '#' in the current parser context, at line 1 col 1",<punct>,True,Lean;Proof;Statements,False,multiline:3
99647,weightedVSubOfPoint_sdiff,theorem weightedVSubOfPoint_sdiff [DecidableEq ι] {s₂ : Finset ι} (h : s₂ ⊆ s) (w : ι → k) (p : ι → P) (b : P) : (s \ s₂).weightedVSubOfPoint p b w + s₂.weightedVSubOfPoint p b w = s.weightedVSubOfPoint p b w,7,"### Proof Step 1: Understand the Problem
First, we need to understand what the theorem is stating. The theorem involves finite sets `s` and `s₂` of a type `ι` with a decidable equality, and functions `w : ι → k`, `p : ι → P",1.68,unconstrained,### Proof Step 1: Understand the Problem,parse_fail,"No terminal matches '#' in the current parser context, at line 1 col 1",<punct>,True,Problem;Proof;Step;Understand,False,multiline:2
72869,predAbove_of_lt_succ,lemma predAbove_of_lt_succ (p : Fin n) (i : Fin (n + 1)) (h : i < succ p) : p.predAbove i = i.castPred (Fin.ne_last_of_lt h),0,"### Understanding the Problem

First, we need to understand the theorem statement:
- We have a natural number `n` and two elements `p : Fin n` and `i : Fin (n + 1)`.
- The hypothesis is that `i < succ p`, where `succ p` is the successor",1.68,unconstrained,### Understanding the Problem,parse_fail,"No terminal matches '#' in the current parser context, at line 1 col 1",<punct>,True,Problem;Understanding,False,multiline:4
72869,predAbove_of_lt_succ,lemma predAbove_of_lt_succ (p : Fin n) (i : Fin (n + 1)) (h : i < succ p) : p.predAbove i = i.castPred (Fin.ne_last_of_lt h),1,"### Detailed Proof and Analysis

**Problem Statement:**  
We need to prove that for a given `p : Fin n`, `i : Fin (n + 1)`, and a hypothesis `h : i < succ p`, the statement `p.predAbove i = i.castPred (Fin.ne_last_of_lt",1.67,unconstrained,### Detailed Proof and Analysis,parse_fail,"No terminal matches '#' in the current parser context, at line 1 col 1",<punct>,True,Analysis;Detailed;Proof,False,multiline:3
72869,predAbove_of_lt_succ,lemma predAbove_of_lt_succ (p : Fin n) (i : Fin (n + 1)) (h : i < succ p) : p.predAbove i = i.castPred (Fin.ne_last_of_lt h),2,"### Detailed Analysis and Proof

First, let's understand the theorem statement:

**Theorem**: For any `p : Fin n` and `i : Fin (n + 1)`, if `i < succ p`, then `p.predAbove i = i.castPred (Fin.ne_last_of_lt h)`",1.68,unconstrained,### Detailed Analysis and Proof,parse_fail,"No terminal matches '#' in the current parser context, at line 1 col 1",<punct>,True,Analysis;Detailed;Proof,False,multiline:3
72869,predAbove_of_lt_succ,lemma predAbove_of_lt_succ (p : Fin n) (i : Fin (n + 1)) (h : i < succ p) : p.predAbove i = i.castPred (Fin.ne_last_of_lt h),3,"### Lean 4 Proof

```lean
lemma predAbove_of_lt_succ (p : Fin n) (i : Fin (n + 1)) (h : i < succ p) : p.predAbove i = i.castPred (Fin.ne_last_of_lt h)
by
  have h₁ : p",1.69,unconstrained,### Lean 4 Proof,parse_fail,"No terminal matches '#' in the current parser context, at line 1 col 1",<punct>,True,Lean;Proof,False,multiline:5
72869,predAbove_of_lt_succ,lemma predAbove_of_lt_succ (p : Fin n) (i : Fin (n + 1)) (h : i < succ p) : p.predAbove i = i.castPred (Fin.ne_last_of_lt h),4,"### Lean 4 Proof Sketch with `have` Statements

```lean
theorem lean_workbook_plus_62550  (n : ℕ)
  (p : Fin n)
  (i : Fin (n + 1))
  (h : i < succ p)
  : p.predAbove",1.7,unconstrained,### Lean 4 Proof Sketch with `have` Statements,parse_fail,"No terminal matches '#' in the current parser context, at line 1 col 1",<punct>,True,Lean;Proof;Sketch;Statements,False,multiline:7
72869,predAbove_of_lt_succ,lemma predAbove_of_lt_succ (p : Fin n) (i : Fin (n + 1)) (h : i < succ p) : p.predAbove i = i.castPred (Fin.ne_last_of_lt h),5,"### Understanding the Problem

First, I need to understand the statement:

**Theorem**: For `p : Fin n` and `i : Fin (n + 1)`, if `i < succ p`, then `p.predAbove i = i.castPred (Fin.ne_last_of_lt h)`.

Here",1.68,unconstrained,### Understanding the Problem,parse_fail,"No terminal matches '#' in the current parser context, at line 1 col 1",<punct>,True,Problem;Understanding,False,multiline:4
72869,predAbove_of_lt_succ,lemma predAbove_of_lt_succ (p : Fin n) (i : Fin (n + 1)) (h : i < succ p) : p.predAbove i = i.castPred (Fin.ne_last_of_lt h),6,"### Detailed Analysis and Proof

First, let's understand the problem. We are given:
1. `p : Fin n` (a finite natural number less than `n`).
2. `i : Fin (n + 1)` (a finite natural number less than `n + 1`).
3",1.68,unconstrained,### Detailed Analysis and Proof,parse_fail,"No terminal matches '#' in the current parser context, at line 1 col 1",<punct>,True,Analysis;Detailed;Proof,False,multiline:5
72869,predAbove_of_lt_succ,lemma predAbove_of_lt_succ (p : Fin n) (i : Fin (n + 1)) (h : i < succ p) : p.predAbove i = i.castPred (Fin.ne_last_of_lt h),7,"### Lean 4 Proof with `have` Statements

```lean
theorem lean_workbook_plus_17623 (p : Fin n) (i : Fin (n + 1)) (h : i < succ p) : p.predAbove i = i.castPred (Fin.ne_last_of_lt",1.68,unconstrained,### Lean 4 Proof with `have` Statements,parse_fail,"No terminal matches '#' in the current parser context, at line 1 col 1",<punct>,True,Lean;Proof;Statements,False,multiline:3
118858,one_def,theorem one_def (α : Type*) : (1 : Language.ring.Term α) = Constants.term oneFunc,0,"### Understanding the Problem

First, I need to understand what the Lean 4 statement is saying. Here is a breakdown:

1. **Types and Variables**:
   - `α` is a type (possibly empty or non-empty).
   - The statement is about the type `Language.ring.Term α`, which",1.67,unconstrained,### Understanding the Problem,parse_fail,"No terminal matches '#' in the current parser context, at line 1 col 1",<punct>,True,Problem;Understanding,False,multiline:5
118858,one_def,theorem one_def (α : Type*) : (1 : Language.ring.Term α) = Constants.term oneFunc,1,"### Understanding the Problem

First, I need to understand the statement of the theorem:

```lean
theorem one_def (α : Type*) : (1 : Language.ring.Term α) = Constants.term oneFunc
```

Here, `α` is a type (likely a `Type` in Lean), and",1.67,unconstrained,### Understanding the Problem,parse_fail,"No terminal matches '#' in the current parser context, at line 1 col 1",<punct>,True,Problem;Understanding,False,multiline:6
118858,one_def,theorem one_def (α : Type*) : (1 : Language.ring.Term α) = Constants.term oneFunc,2,"### Understanding the Problem

First, let's understand what the theorem is saying. The statement is:

```lean
theorem one_def (α : Type*) : (1 : Language.ring.Term α) = Constants.term oneFunc
by
```

Here, `one_def` is a theorem that claims `(1",1.68,unconstrained,### Understanding the Problem,parse_fail,"No terminal matches '#' in the current parser context, at line 1 col 1",<punct>,True,Problem;Understanding,False,multiline:7
118858,one_def,theorem one_def (α : Type*) : (1 : Language.ring.Term α) = Constants.term oneFunc,3,"### Understanding the Problem

First, I need to understand the statement:
```lean
theorem one_def (α : Type*) : (1 : Language.ring.Term α) = Constants.term oneFunc
by
```

1. **Types and Context**:
   - `α` is a type (likely a",1.68,unconstrained,### Understanding the Problem,parse_fail,"No terminal matches '#' in the current parser context, at line 1 col 1",<punct>,True,Problem;Understanding,False,multiline:8
118858,one_def,theorem one_def (α : Type*) : (1 : Language.ring.Term α) = Constants.term oneFunc,4,"### Lean 4 Proof Step

```lean4
theorem one_def (α : Type*) : (1 : Language.ring.Term α) = Constants.term oneFunc
by
  have h : (1 : Language.ring.Term α) = Constants.term oneFunc := by
    rfl
  exact h",1.67,unconstrained,### Lean 4 Proof Step,parse_fail,"No terminal matches '#' in the current parser context, at line 1 col 1",<punct>,True,Lean;Proof;Step,False,multiline:7
118858,one_def,theorem one_def (α : Type*) : (1 : Language.ring.Term α) = Constants.term oneFunc,5,"### Understanding the Problem

First, we need to understand the statement we're trying to prove. The Lean 4 code is:

```lean
theorem one_def (α : Type*) : (1 : Language.ring.Term α) = Constants.term oneFunc
by
```

Here, `one_def` is",1.68,unconstrained,### Understanding the Problem,parse_fail,"No terminal matches '#' in the current parser context, at line 1 col 1",<punct>,True,Problem;Understanding,False,multiline:7
118858,one_def,theorem one_def (α : Type*) : (1 : Language.ring.Term α) = Constants.term oneFunc,6,"### Step 1: Understand the Problem
The theorem statement is:
```lean
theorem one_def (α : Type*) : (1 : Language.ring.Term α) = Constants.term oneFunc
```

This is a statement about the equality of two terms in the language of a ring `α`. The term",1.69,unconstrained,### Step 1: Understand the Problem,parse_fail,"No terminal matches '#' in the current parser context, at line 1 col 1",<punct>,True,Problem;Step;Understand,False,multiline:6
118858,one_def,theorem one_def (α : Type*) : (1 : Language.ring.Term α) = Constants.term oneFunc,7,"### Lean 4 Proof Sketch

```lean4
theorem one_def (α : Type*) : (1 : Language.ring.Term α) = Constants.term oneFunc
by
  have h : (1 : Language.ring.Term α) = Constants.term oneFunc := by sorry
  sorry
```

",1.71,unconstrained,### Lean 4 Proof Sketch,parse_fail,"No terminal matches '#' in the current parser context, at line 1 col 1",<punct>,True,Lean;Proof;Sketch,False,multiline:6
166640,_root_,lemma _root_.Isometry.isCover_image_iff {f : X → Y} (hf : Isometry f) (C : Set X) : IsCover ε (f '' s) (f '' C) ↔ IsCover ε s C,0,"### Detailed Proof and Analysis

First, we need to understand the statement and the definitions involved.

1. **Definitions**:
   - An `Isometry f : X → Y` is a function that preserves the distance between any two points in `X` (i.e., `d_X (f x₁)",1.69,unconstrained,### Detailed Proof and Analysis,parse_fail,"No terminal matches '#' in the current parser context, at line 1 col 1",<punct>,True,Analysis;Detailed;Proof,False,multiline:4
166640,_root_,lemma _root_.Isometry.isCover_image_iff {f : X → Y} (hf : Isometry f) (C : Set X) : IsCover ε (f '' s) (f '' C) ↔ IsCover ε s C,1,"### Understanding the Problem

First, I need to understand what the statement is saying and what the goal is. The theorem is:

```lean
lemma _root_.Isometry.isCover_image_iff {f : X → Y} (hf : Isometry f) (C : Set X) : IsCover ε (",1.69,unconstrained,### Understanding the Problem,parse_fail,"No terminal matches '#' in the current parser context, at line 1 col 1",<punct>,True,Problem;Understanding,False,multiline:4
166640,_root_,lemma _root_.Isometry.isCover_image_iff {f : X → Y} (hf : Isometry f) (C : Set X) : IsCover ε (f '' s) (f '' C) ↔ IsCover ε s C,2,"### Detailed Analysis and Proof Sketch

First, recall that an **isometry** `f : X → Y` is a function that preserves distances, i.e., for all `x₁, x₂ : X`, `dist (f x₁) (f x₂) = dist x₁ x₂`. The",1.68,unconstrained,### Detailed Analysis and Proof Sketch,parse_fail,"No terminal matches '#' in the current parser context, at line 1 col 1",<punct>,True,Analysis;Detailed;Proof;Sketch,False,multiline:2
166640,_root_,lemma _root_.Isometry.isCover_image_iff {f : X → Y} (hf : Isometry f) (C : Set X) : IsCover ε (f '' s) (f '' C) ↔ IsCover ε s C,3,"### Step 1: Understand the Theorem

The theorem states that for an isometry `f : X → Y` and a set `C : Set X`, the image of `C` under `f` is a `ε`-cover of `f '' s` if and only if `C`",1.67,unconstrained,### Step 1: Understand the Theorem,parse_fail,"No terminal matches '#' in the current parser context, at line 1 col 1",<punct>,True,Step;Theorem;Understand,False,multiline:2
166640,_root_,lemma _root_.Isometry.isCover_image_iff {f : X → Y} (hf : Isometry f) (C : Set X) : IsCover ε (f '' s) (f '' C) ↔ IsCover ε s C,4,"### Understanding the Problem

First, I need to understand the statement of the theorem. We have an isometry `f : X → Y` between metric spaces `X` and `Y` (although Lean's `Isometry` class does not require `X` and `Y` to be metric spaces, it",1.67,unconstrained,### Understanding the Problem,parse_fail,"No terminal matches '#' in the current parser context, at line 1 col 1",<punct>,True,Problem;Understanding,False,multiline:2
166640,_root_,lemma _root_.Isometry.isCover_image_iff {f : X → Y} (hf : Isometry f) (C : Set X) : IsCover ε (f '' s) (f '' C) ↔ IsCover ε s C,5,"### Lean 4 Proof with `have` Statements

```lean
theorem _root_.Isometry.isCover_image_iff {f : X → Y} (hf : Isometry f) (C : Set X) : IsCover ε (f '' s) (f '' C) ↔ IsCover ε s C",1.68,unconstrained,### Lean 4 Proof with `have` Statements,parse_fail,"No terminal matches '#' in the current parser context, at line 1 col 1",<punct>,True,Lean;Proof;Statements,False,multiline:3
166640,_root_,lemma _root_.Isometry.isCover_image_iff {f : X → Y} (hf : Isometry f) (C : Set X) : IsCover ε (f '' s) (f '' C) ↔ IsCover ε s C,6,"### Step 1: Understand the Problem

First, let's understand what the theorem is saying. We have:
1. `f : X → Y` is an isometry (`hf : Isometry f`).
2. `C : Set X` is a set of points in `X`.
3. `",1.68,unconstrained,### Step 1: Understand the Problem,parse_fail,"No terminal matches '#' in the current parser context, at line 1 col 1",<punct>,True,Problem;Step;Understand,False,multiline:5
166640,_root_,lemma _root_.Isometry.isCover_image_iff {f : X → Y} (hf : Isometry f) (C : Set X) : IsCover ε (f '' s) (f '' C) ↔ IsCover ε s C,7,"### Detailed Proof and Analysis

First, we need to understand the theorem:
```lean
lemma _root_.Isometry.isCover_image_iff {f : X → Y} (hf : Isometry f) (C : Set X) : IsCover ε (f '' s) (f '' C) ↔ Is",1.68,unconstrained,### Detailed Proof and Analysis,parse_fail,"No terminal matches '#' in the current parser context, at line 1 col 1",<punct>,True,Analysis;Detailed;Proof,False,multiline:4
95638,rightInvSeq_concat,theorem rightInvSeq_concat (ω : List B) (i : B) : ris (ω.concat i) = (List.map (MulAut.conj (s i)) (ris ω)).concat (s i),0,"### Understanding the Problem

First, we need to understand the theorem statement and the definitions involved:
1. `ω : List B`: A list of elements of type `B`.
2. `i : B`: An element of type `B`.
3. `ris (ω.concat i)`: This is some function",1.68,unconstrained,### Understanding the Problem,parse_fail,"No terminal matches '#' in the current parser context, at line 1 col 1",<punct>,True,Problem;Understanding,False,multiline:5
95638,rightInvSeq_concat,theorem rightInvSeq_concat (ω : List B) (i : B) : ris (ω.concat i) = (List.map (MulAut.conj (s i)) (ris ω)).concat (s i),1,"### Understanding the Problem

First, I need to understand the theorem statement and the context in which it is placed. The Lean 4 code snippet provided is:

```lean
theorem rightInvSeq_concat (ω : List B) (i : B) : ris (ω.concat i) = (List.map (Mul",1.68,unconstrained,### Understanding the Problem,parse_fail,"No terminal matches '#' in the current parser context, at line 1 col 1",<punct>,True,Problem;Understanding,False,multiline:4
95638,rightInvSeq_concat,theorem rightInvSeq_concat (ω : List B) (i : B) : ris (ω.concat i) = (List.map (MulAut.conj (s i)) (ris ω)).concat (s i),2,"### Detailed Analysis and Proof

#### Understanding the Problem

First, we need to understand the components involved in the theorem:

1. **`ω`**: A list of elements of type `B`. Here, `B` is a type, but we don't have any assumptions about its structure. It could be any",1.67,unconstrained,### Detailed Analysis and Proof,parse_fail,"No terminal matches '#' in the current parser context, at line 1 col 1",<punct>,True,Analysis;Detailed;Proof,False,multiline:4
95638,rightInvSeq_concat,theorem rightInvSeq_concat (ω : List B) (i : B) : ris (ω.concat i) = (List.map (MulAut.conj (s i)) (ris ω)).concat (s i),3,"### Step 1: Understand the Problem

First, I need to understand what the theorem is stating and what the components mean.

1. **Variables and Types**:
   - `ω : List B` is a list of elements of type `B`.
   - `i : B` is an element of type",1.68,unconstrained,### Step 1: Understand the Problem,parse_fail,"No terminal matches '#' in the current parser context, at line 1 col 1",<punct>,True,Problem;Step;Understand,False,multiline:5
95638,rightInvSeq_concat,theorem rightInvSeq_concat (ω : List B) (i : B) : ris (ω.concat i) = (List.map (MulAut.conj (s i)) (ris ω)).concat (s i),4,"### Understanding the Problem

First, let's understand what the theorem is saying. The theorem is about `rightInvSeq`, which is a function defined on lists of some type `B`. The statement involves the concatenation of lists and the application of a ""conjugation"" operation `MulAut.conj` to",1.69,unconstrained,### Understanding the Problem,parse_fail,"No terminal matches '#' in the current parser context, at line 1 col 1",<punct>,True,Problem;Understanding,False,multiline:2
95638,rightInvSeq_concat,theorem rightInvSeq_concat (ω : List B) (i : B) : ris (ω.concat i) = (List.map (MulAut.conj (s i)) (ris ω)).concat (s i),5,"### Step-by-Step Abstract Plan

**Problem Analysis:**
The theorem states that for any list of elements `ω : List B` and any element `i : B`, the right inverse sequence of the concatenation of `ω` with `i` is equal to the concatenation of the right inverse sequence of",1.68,unconstrained,### Step-by-Step Abstract Plan,parse_fail,"No terminal matches '#' in the current parser context, at line 1 col 1",<punct>,True,Abstract;Plan;Step,False,multiline:3
95638,rightInvSeq_concat,theorem rightInvSeq_concat (ω : List B) (i : B) : ris (ω.concat i) = (List.map (MulAut.conj (s i)) (ris ω)).concat (s i),6,"### Detailed Analysis and Proof

#### Understanding the Problem
First, we need to understand the statement:
```lean
theorem rightInvSeq_concat (ω : List B) (i : B) : ris (ω.concat i) = (List.map (MulAut.conj (s i)) (ris ω)).",1.68,unconstrained,### Detailed Analysis and Proof,parse_fail,"No terminal matches '#' in the current parser context, at line 1 col 1",<punct>,True,Analysis;Detailed;Proof,False,multiline:5
95638,rightInvSeq_concat,theorem rightInvSeq_concat (ω : List B) (i : B) : ris (ω.concat i) = (List.map (MulAut.conj (s i)) (ris ω)).concat (s i),7,"### Step 1: Understand the Problem
First, we need to understand the statement we're trying to prove. The theorem states that for any list `ω` of elements of type `B` and any element `i : B`, the `ris` of the concatenation of `ω` with `i`",1.68,unconstrained,### Step 1: Understand the Problem,parse_fail,"No terminal matches '#' in the current parser context, at line 1 col 1",<punct>,True,Problem;Step;Understand,False,multiline:2
42638,closure_subset_closedAbsConvexHull,theorem closure_subset_closedAbsConvexHull {s : Set E} : closure s ⊆ closedAbsConvexHull 𝕜 s,0,"### Step 1: Understand the Problem

First, we need to understand what the theorem is stating. The theorem is about the closure of a set `s` in a normed vector space `E` (where `𝕜` is the scalar field, either `ℝ` or `ℂ`). The statement is:

",1.68,unconstrained,### Step 1: Understand the Problem,parse_fail,"No terminal matches '#' in the current parser context, at line 1 col 1",<punct>,True,Problem;Step;Understand,False,multiline:2
42638,closure_subset_closedAbsConvexHull,theorem closure_subset_closedAbsConvexHull {s : Set E} : closure s ⊆ closedAbsConvexHull 𝕜 s,1,"### Step 1: Understand the Problem
First, we need to understand the statement:
`closure s ⊆ closedAbsConvexHull 𝕜 s`

This means that every element in the closure of `s` is also in the closed absolute convex hull of `s`.

### Step 2: Recall",1.68,unconstrained,### Step 1: Understand the Problem,parse_fail,"No terminal matches '#' in the current parser context, at line 1 col 1",<punct>,True,Problem;Step;Understand,False,multiline:5
42638,closure_subset_closedAbsConvexHull,theorem closure_subset_closedAbsConvexHull {s : Set E} : closure s ⊆ closedAbsConvexHull 𝕜 s,2,"### Step 1: Understand the Theorem and the Goal
The theorem states that the closure of a set `s` is a subset of the closed absolute convex hull of `s`. In Lean, `closedAbsConvexHull 𝕜 s` is the set of all points in the space `E",1.68,unconstrained,### Step 1: Understand the Theorem and the Goal,parse_fail,"No terminal matches '#' in the current parser context, at line 1 col 1",<punct>,True,Goal;Step;Theorem;Understand,False,multiline:2
42638,closure_subset_closedAbsConvexHull,theorem closure_subset_closedAbsConvexHull {s : Set E} : closure s ⊆ closedAbsConvexHull 𝕜 s,3,"### Lean 4 Proof with `have` Statements

```lean
theorem closure_subset_closedAbsConvexHull {s : Set E} : closure s ⊆ closedAbsConvexHull 𝕜 s
by
  have h_main : closure s ⊆ closedAbsConvexHull",1.67,unconstrained,### Lean 4 Proof with `have` Statements,parse_fail,"No terminal matches '#' in the current parser context, at line 1 col 1",<punct>,True,Lean;Proof;Statements,False,multiline:5
42638,closure_subset_closedAbsConvexHull,theorem closure_subset_closedAbsConvexHull {s : Set E} : closure s ⊆ closedAbsConvexHull 𝕜 s,4,"### Lean 4 Proof with `have` Statements

```lean4
theorem closure_subset_closedAbsConvexHull {s : Set E} : closure s ⊆ closedAbsConvexHull 𝕜 s := by
  have h_main : closure s ⊆ closedAbsConvexHull",1.67,unconstrained,### Lean 4 Proof with `have` Statements,parse_fail,"No terminal matches '#' in the current parser context, at line 1 col 1",<punct>,True,Lean;Proof;Statements,False,multiline:4
42638,closure_subset_closedAbsConvexHull,theorem closure_subset_closedAbsConvexHull {s : Set E} : closure s ⊆ closedAbsConvexHull 𝕜 s,5,"### Proof and Analysis

First, let's understand the problem and the definitions involved:
1. **Closure of a Set (`closure s`)**: The smallest closed set containing `s`. In Lean, `closure s` is defined as the intersection of all closed sets containing `s`.
2. **Closed Absolute Conv",1.67,unconstrained,### Proof and Analysis,parse_fail,"No terminal matches '#' in the current parser context, at line 1 col 1",<punct>,True,Analysis;Proof,False,multiline:4
42638,closure_subset_closedAbsConvexHull,theorem closure_subset_closedAbsConvexHull {s : Set E} : closure s ⊆ closedAbsConvexHull 𝕜 s,6,"### Proof Sketch and Abstract Plan

**Problem Analysis:**
The theorem states that the closure of a set `s` is a subset of the closed absolute convex hull of `s`. 

**Key Observations:**
1. The closed absolute convex hull of `s` is a closed set (by definition).
2",1.67,unconstrained,### Proof Sketch and Abstract Plan,parse_fail,"No terminal matches '#' in the current parser context, at line 1 col 1",<punct>,True,Abstract;Plan;Proof;Sketch,False,multiline:6
42638,closure_subset_closedAbsConvexHull,theorem closure_subset_closedAbsConvexHull {s : Set E} : closure s ⊆ closedAbsConvexHull 𝕜 s,7,"### Lean 4 Proof with `have` Statements

```lean
theorem closure_subset_closedAbsConvexHull {s : Set E} : closure s ⊆ closedAbsConvexHull 𝕜 s
by
  have h_main : closure s ⊆ closedAbsConvexHull",1.67,unconstrained,### Lean 4 Proof with `have` Statements,parse_fail,"No terminal matches '#' in the current parser context, at line 1 col 1",<punct>,True,Lean;Proof;Statements,False,multiline:5
97040,mk'_eq_iff_eq_mul,theorem mk'_eq_iff_eq_mul {x} {y : S} {z} : f.mk' x y = z ↔ f x = z * f y,0,"### Understanding the Problem

First, let's understand what the theorem is stating. The theorem is about a function `f` with specific properties. The theorem is:

**Theorem**: For any `x`, `y : S`, and `z`, the statement `f.mk' x y = z` is equivalent",1.68,unconstrained,### Understanding the Problem,parse_fail,"No terminal matches '#' in the current parser context, at line 1 col 1",<punct>,True,Problem;Understanding,False,multiline:3
97040,mk'_eq_iff_eq_mul,theorem mk'_eq_iff_eq_mul {x} {y : S} {z} : f.mk' x y = z ↔ f x = z * f y,1,"### Understanding the Problem

First, I need to understand what the statement is saying. The theorem is about a function `f` from some unspecified type to some unspecified codomain, but with `y` of type `S` (which is not the same as the unspecified type). The statement involves `f.mk'",1.67,unconstrained,### Understanding the Problem,parse_fail,"No terminal matches '#' in the current parser context, at line 1 col 1",<punct>,True,Problem;Understanding,False,multiline:2
97040,mk'_eq_iff_eq_mul,theorem mk'_eq_iff_eq_mul {x} {y : S} {z} : f.mk' x y = z ↔ f x = z * f y,2,"### Analysis and Proof

First, let's understand the problem. The theorem states that for elements `x`, `y`, `z` of some type, the expression `f.mk' x y` is equal to `z` if and only if `f x` is equal to `z * f y`.",1.67,unconstrained,### Analysis and Proof,parse_fail,"No terminal matches '#' in the current parser context, at line 1 col 1",<punct>,True,Analysis;Proof,False,multiline:2
97040,mk'_eq_iff_eq_mul,theorem mk'_eq_iff_eq_mul {x} {y : S} {z} : f.mk' x y = z ↔ f x = z * f y,3,"### Detailed Analysis and Proof

First, let's understand the problem:

We are given:
1. `x : ℕ` (a natural number)
2. `y : S` (where `S` is some type, but not specified)
3. `z : ℕ` (a natural number)
4.",1.67,unconstrained,### Detailed Analysis and Proof,parse_fail,"No terminal matches '#' in the current parser context, at line 1 col 1",<punct>,True,Analysis;Detailed;Proof,False,multiline:7
97040,mk'_eq_iff_eq_mul,theorem mk'_eq_iff_eq_mul {x} {y : S} {z} : f.mk' x y = z ↔ f x = z * f y,4,"### Step 1: Understand the Problem

First, we need to understand what the theorem is saying. The theorem is about the equality of two expressions involving `f`, `x`, `y`, and `z`. Specifically, it states that `f.mk' x y = z` if and only if `f",1.68,unconstrained,### Step 1: Understand the Problem,parse_fail,"No terminal matches '#' in the current parser context, at line 1 col 1",<punct>,True,Problem;Step;Understand,False,multiline:2
97040,mk'_eq_iff_eq_mul,theorem mk'_eq_iff_eq_mul {x} {y : S} {z} : f.mk' x y = z ↔ f x = z * f y,5,"### Understanding the Problem

First, I need to understand what the theorem is stating. The theorem is:

```lean
theorem mk'_eq_iff_eq_mul {x} {y : S} {z} : f.mk' x y = z ↔ f x = z * f y
```

Here, `",1.69,unconstrained,### Understanding the Problem,parse_fail,"No terminal matches '#' in the current parser context, at line 1 col 1",<punct>,True,Problem;Understanding,False,multiline:6
97040,mk'_eq_iff_eq_mul,theorem mk'_eq_iff_eq_mul {x} {y : S} {z} : f.mk' x y = z ↔ f x = z * f y,6,"### Understanding the Problem

The given Lean 4 theorem is:

```lean
theorem mk'_eq_iff_eq_mul {x} {y : S} {z} : f.mk' x y = z ↔ f x = z * f y
```

However, there are several issues here:

1. **",1.74,unconstrained,### Understanding the Problem,parse_fail,"No terminal matches '#' in the current parser context, at line 1 col 1",<punct>,True,Problem;Understanding,False,multiline:7
97040,mk'_eq_iff_eq_mul,theorem mk'_eq_iff_eq_mul {x} {y : S} {z} : f.mk' x y = z ↔ f x = z * f y,7,"### Understanding the Problem

First, I need to understand what the theorem is stating and what the definitions involved are. The theorem is:

```lean
theorem mk'_eq_iff_eq_mul {x} {y : S} {z} : f.mk' x y = z ↔ f x = z * f y",1.7,unconstrained,### Understanding the Problem,parse_fail,"No terminal matches '#' in the current parser context, at line 1 col 1",<punct>,True,Problem;Understanding,False,multiline:4
93132,_root_,protected lemma _root_.ModelWithCorners.isImmersionAt {n : ℕ} {x : H} : IsImmersionAt I (modelWithCornersSelf 𝕜 E) n I x,0,"### Detailed Analysis and Proof Sketch

First, let's understand the theorem statement:
```lean
protected lemma _root_.ModelWithCorners.isImmersionAt {n : ℕ} {x : H} : IsImmersionAt I (modelWithCornersSelf 𝕜 E) n I x
``",1.69,unconstrained,### Detailed Analysis and Proof Sketch,parse_fail,"No terminal matches '#' in the current parser context, at line 1 col 1",<punct>,True,Analysis;Detailed;Proof;Sketch,False,multiline:5
93132,_root_,protected lemma _root_.ModelWithCorners.isImmersionAt {n : ℕ} {x : H} : IsImmersionAt I (modelWithCornersSelf 𝕜 E) n I x,1,"### Detailed Proof and Analysis

First, we need to understand the problem. We are to prove that the identity function `I` is an immersion at `n` for `modelWithCornersSelf 𝕜 E` at `x`. 

1. **Understanding the Context**:
   - `modelWithC",1.68,unconstrained,### Detailed Proof and Analysis,parse_fail,"No terminal matches '#' in the current parser context, at line 1 col 1",<punct>,True,Analysis;Detailed;Proof,False,multiline:4
93132,_root_,protected lemma _root_.ModelWithCorners.isImmersionAt {n : ℕ} {x : H} : IsImmersionAt I (modelWithCornersSelf 𝕜 E) n I x,2,"### Understanding the Problem

The theorem statement is:
```lean
protected lemma _root_.ModelWithCorners.isImmersionAt {n : ℕ} {x : H} : IsImmersionAt I (modelWithCornersSelf 𝕜 E) n I x
by
```

First, I",1.71,unconstrained,### Understanding the Problem,parse_fail,"No terminal matches '#' in the current parser context, at line 1 col 1",<punct>,True,Problem;Understanding,False,multiline:7
93132,_root_,protected lemma _root_.ModelWithCorners.isImmersionAt {n : ℕ} {x : H} : IsImmersionAt I (modelWithCornersSelf 𝕜 E) n I x,3,"### Lean 4 Proof Step

```lean
  have h₁ : IsImmersionAt I (modelWithCornersSelf 𝕜 E) n I x := by
    sorry
  sorry
``` 

The `have` statement introduces a hypothesis `h₁` that directly addresses the goal. The",1.72,unconstrained,### Lean 4 Proof Step,parse_fail,"No terminal matches '#' in the current parser context, at line 1 col 1",<punct>,True,Lean;Proof;Step,False,multiline:7
93132,_root_,protected lemma _root_.ModelWithCorners.isImmersionAt {n : ℕ} {x : H} : IsImmersionAt I (modelWithCornersSelf 𝕜 E) n I x,4,"### Lean 4 Proof Step

```lean
  have h₁ : IsImmersionAt I (modelWithCornersSelf 𝕜 E) n I x := by sorry
```

### Complete Lean 4 Proof

```lean
theorem _root_.ModelWithCorners.isImmersionAt {n",1.69,unconstrained,### Lean 4 Proof Step,parse_fail,"No terminal matches '#' in the current parser context, at line 1 col 1",<punct>,True,Lean;Proof;Step,False,multiline:7
93132,_root_,protected lemma _root_.ModelWithCorners.isImmersionAt {n : ℕ} {x : H} : IsImmersionAt I (modelWithCornersSelf 𝕜 E) n I x,5,"### Step 1: Understand the Theorem
The theorem is a placeholder with a `sorry`:
```lean
protected lemma _root_.ModelWithCorners.isImmersionAt {n : ℕ} {x : H} : IsImmersionAt I (modelWithCornersSelf 𝕜 E)",1.68,unconstrained,### Step 1: Understand the Theorem,parse_fail,"No terminal matches '#' in the current parser context, at line 1 col 1",<punct>,True,Step;Theorem;Understand,False,multiline:4
93132,_root_,protected lemma _root_.ModelWithCorners.isImmersionAt {n : ℕ} {x : H} : IsImmersionAt I (modelWithCornersSelf 𝕜 E) n I x,6,"### Step 1: Understand the Problem

First, I need to understand the statement I'm trying to prove. The Lean theorem statement is:

```lean
protected lemma _root_.ModelWithCorners.isImmersionAt {n : ℕ} {x : H} : IsImmersionAt I (modelWith",1.67,unconstrained,### Step 1: Understand the Problem,parse_fail,"No terminal matches '#' in the current parser context, at line 1 col 1",<punct>,True,Problem;Step;Understand,False,multiline:4
93132,_root_,protected lemma _root_.ModelWithCorners.isImmersionAt {n : ℕ} {x : H} : IsImmersionAt I (modelWithCornersSelf 𝕜 E) n I x,7,"### Detailed Analysis and Proof

**Problem Analysis:**
The theorem `IsImmersionAt I (modelWithCornersSelf 𝕜 E) n I x` is being claimed to be true for any `n : ℕ`, `x : H`, and `I : Type`. However, this is not generally",1.67,unconstrained,### Detailed Analysis and Proof,parse_fail,"No terminal matches '#' in the current parser context, at line 1 col 1",<punct>,True,Analysis;Detailed;Proof,False,multiline:3
54921,isIso_iff,"lemma isIso_iff {X Y : C} (f : X ⟶ Y) : IsIso f ↔ ∀ i, IsIso ((F i).map f)",0,"### Lean 4 Proof with `have` Statements

```lean
theorem lean_workbook_plus_24104 (n : ℕ) :
  (let p := 2 ^ 30 - 1
  let q := 2 ^ 20 - 1
  let r :=",1.68,unconstrained,### Lean 4 Proof with `have` Statements,parse_fail,"No terminal matches '#' in the current parser context, at line 1 col 1",<punct>,True,Lean;Proof;Statements,False,multiline:6
54921,isIso_iff,"lemma isIso_iff {X Y : C} (f : X ⟶ Y) : IsIso f ↔ ∀ i, IsIso ((F i).map f)",1,"### Detailed Proof and Analysis

First, let's understand the problem:
We have a theorem statement in Lean 4 that relates the concept of an isomorphism (`IsIso`) between two objects `X` and `Y` in a category `C` to a condition involving the image of `f` under a",1.67,unconstrained,### Detailed Proof and Analysis,parse_fail,"No terminal matches '#' in the current parser context, at line 1 col 1",<punct>,True,Analysis;Detailed;Proof,False,multiline:3
54921,isIso_iff,"lemma isIso_iff {X Y : C} (f : X ⟶ Y) : IsIso f ↔ ∀ i, IsIso ((F i).map f)",2,"### Analysis of the Problem

First, we need to understand the statement:

```lean
lemma isIso_iff {X Y : C} (f : X ⟶ Y) : IsIso f ↔ ∀ i, IsIso ((F i).map f)
```

However, there are some issues with the statement",1.68,unconstrained,### Analysis of the Problem,parse_fail,"No terminal matches '#' in the current parser context, at line 1 col 1",<punct>,True,Analysis;Problem,False,multiline:6
54921,isIso_iff,"lemma isIso_iff {X Y : C} (f : X ⟶ Y) : IsIso f ↔ ∀ i, IsIso ((F i).map f)",3,"### Detailed Proof and Analysis

**Problem Analysis:**
The statement to prove is:
`IsIso f ↔ ∀ i, IsIso ((F i).map f)`

Here, `C` is a category (implicitly, since `X` and `Y` are objects of `C`), `f :",1.68,unconstrained,### Detailed Proof and Analysis,parse_fail,"No terminal matches '#' in the current parser context, at line 1 col 1",<punct>,True,Analysis;Detailed;Proof,False,multiline:5
54921,isIso_iff,"lemma isIso_iff {X Y : C} (f : X ⟶ Y) : IsIso f ↔ ∀ i, IsIso ((F i).map f)",4,"### Analysis and Proof Sketch

First, let's understand the statement we're trying to prove:

**Theorem**: For a given object `X` in a category `C` and a morphism `f : X ⟶ Y` in `C`, the following are equivalent:
1. `f` is an",1.68,unconstrained,### Analysis and Proof Sketch,parse_fail,"No terminal matches '#' in the current parser context, at line 1 col 1",<punct>,True,Analysis;Proof;Sketch,False,multiline:4
54921,isIso_iff,"lemma isIso_iff {X Y : C} (f : X ⟶ Y) : IsIso f ↔ ∀ i, IsIso ((F i).map f)",5,"### Step-by-Step Abstract Plan

First, we need to understand the theorem statement:
- We have two objects `X` and `Y` in a category `C`.
- We have a function `f : X → Y`.
- The theorem states that `f` is an isomorphism if and only",1.68,unconstrained,### Step-by-Step Abstract Plan,parse_fail,"No terminal matches '#' in the current parser context, at line 1 col 1",<punct>,True,Abstract;Plan;Step,False,multiline:5
54921,isIso_iff,"lemma isIso_iff {X Y : C} (f : X ⟶ Y) : IsIso f ↔ ∀ i, IsIso ((F i).map f)",6,"### Understanding the Problem

First, let's understand what the theorem is saying. The theorem is about proving that a function `f : X → Y` is an isomorphism in a category `C` if and only if for every index `i`, the map `F i` applied to `f` is",1.68,unconstrained,### Understanding the Problem,parse_fail,"No terminal matches '#' in the current parser context, at line 1 col 1",<punct>,True,Problem;Understanding,False,multiline:2
54921,isIso_iff,"lemma isIso_iff {X Y : C} (f : X ⟶ Y) : IsIso f ↔ ∀ i, IsIso ((F i).map f)",7,"### Detailed Analysis and Proof Sketch

First, let's understand the statement we need to prove:

**Theorem**: For a function `f : X → Y` in a category `C`, `f` is an isomorphism (`IsIso f`) if and only if for every `i`, `F i",1.69,unconstrained,### Detailed Analysis and Proof Sketch,parse_fail,"No terminal matches '#' in the current parser context, at line 1 col 1",<punct>,True,Analysis;Detailed;Proof;Sketch,False,multiline:3
69986,comp,theorem comp₂ {f : γ → σ} {g : α → β → γ} (hf : Computable f) (hg : Computable₂ g) : Computable₂ fun a b => f (g a b),0,"### Abstract Plan

1. **Understand the Goal**: Prove that the function `fun a b => f (g a b)` is `Computable₂` given that `f` is `Computable` and `g` is `Computable₂`.
2. **Recall Definitions**:
   -",1.69,unconstrained,### Abstract Plan,parse_fail,"No terminal matches '#' in the current parser context, at line 1 col 1",<punct>,True,Abstract;Plan,False,multiline:4
69986,comp,theorem comp₂ {f : γ → σ} {g : α → β → γ} (hf : Computable f) (hg : Computable₂ g) : Computable₂ fun a b => f (g a b),1,"### Step 1: Understand the Problem

We need to prove that the function `fun a b => f (g a b)` is computable in the sense of `Computable₂`, given that `f` is computable and `g` is `Computable₂`. 

Here, `f : γ",1.68,unconstrained,### Step 1: Understand the Problem,parse_fail,"No terminal matches '#' in the current parser context, at line 1 col 1",<punct>,True,Problem;Step;Understand,False,multiline:3
69986,comp,theorem comp₂ {f : γ → σ} {g : α → β → γ} (hf : Computable f) (hg : Computable₂ g) : Computable₂ fun a b => f (g a b),2,"### Step 1: Understand the Problem

First, let's understand the statement of the theorem we are trying to prove.

**Theorem Statement**: If `f : γ → σ` is a computable function and `g : α → β → γ` is a computable binary function (i.e., `",1.67,unconstrained,### Step 1: Understand the Problem,parse_fail,"No terminal matches '#' in the current parser context, at line 1 col 1",<punct>,True,Problem;Step;Understand,False,multiline:3
69986,comp,theorem comp₂ {f : γ → σ} {g : α → β → γ} (hf : Computable f) (hg : Computable₂ g) : Computable₂ fun a b => f (g a b),3,"### Step-by-Step Abstract Plan

1. **Understand the Problem**: 
   - We have two functions: `f : γ → σ` and `g : α → β → γ`.
   - `f` is computable (i.e., there is a computable function `f' : γ",1.68,unconstrained,### Step-by-Step Abstract Plan,parse_fail,"No terminal matches '#' in the current parser context, at line 1 col 1",<punct>,True,Abstract;Plan;Step,False,multiline:4
69986,comp,theorem comp₂ {f : γ → σ} {g : α → β → γ} (hf : Computable f) (hg : Computable₂ g) : Computable₂ fun a b => f (g a b),4,"### Step 1: Understand the Problem
We are given:
1. `f : γ → σ` is computable.
2. `g : α → β → γ` is computable in the sense of `Computable₂` (i.e., for all `a : α` and `b :",1.68,unconstrained,### Step 1: Understand the Problem,parse_fail,"No terminal matches '#' in the current parser context, at line 1 col 1",<punct>,True,Problem;Step;Understand,False,multiline:4
69986,comp,theorem comp₂ {f : γ → σ} {g : α → β → γ} (hf : Computable f) (hg : Computable₂ g) : Computable₂ fun a b => f (g a b),5,"### Step 1: Understand the Problem
First, we need to understand what the theorem is stating and what its components mean.

1. **Variables and Functions**:
   - `f : γ → σ`: A function from `γ` to `σ`.
   - `g : α → β → γ`:",1.69,unconstrained,### Step 1: Understand the Problem,parse_fail,"No terminal matches '#' in the current parser context, at line 1 col 1",<punct>,True,Problem;Step;Understand,False,multiline:5
69986,comp,theorem comp₂ {f : γ → σ} {g : α → β → γ} (hf : Computable f) (hg : Computable₂ g) : Computable₂ fun a b => f (g a b),6,"### Step-by-Step Abstract Plan

1. **Understand the Goal**: We need to prove that `fun a b => f (g a b)` is computable under the assumptions that `f` is computable (`hf : Computable f`) and `g` is computable (`hg : Computable",1.72,unconstrained,### Step-by-Step Abstract Plan,parse_fail,"No terminal matches '#' in the current parser context, at line 1 col 1",<punct>,True,Abstract;Plan;Step,False,multiline:2
69986,comp,theorem comp₂ {f : γ → σ} {g : α → β → γ} (hf : Computable f) (hg : Computable₂ g) : Computable₂ fun a b => f (g a b),7,"### Step-by-Step Abstract Plan

**Problem Analysis:**
We need to prove that the function `fun a b => f (g a b)` is computable (given `hf : Computable f` and `hg : Computable₂ g`). 

**Understanding the Problem:**
1. `f :",1.7,unconstrained,### Step-by-Step Abstract Plan,parse_fail,"No terminal matches '#' in the current parser context, at line 1 col 1",<punct>,True,Abstract;Plan;Step,False,multiline:5
169878,Icc_mem_nhdsLE_of_mem,theorem Icc_mem_nhdsLE_of_mem (H : b ∈ Ioc a c) : Icc a c ∈ 𝓝[≤] b,0,"### Step 1: Understand the Problem

We are given that `b` is in the open interval `(a, c]` (`Ioc a c`), which means `a < b ≤ c`. We need to show that the closed interval `[a, c]` is a neighborhood of `b`",1.69,unconstrained,### Step 1: Understand the Problem,parse_fail,"No terminal matches '#' in the current parser context, at line 1 col 1",<punct>,True,Problem;Step;Understand,False,multiline:2
169878,Icc_mem_nhdsLE_of_mem,theorem Icc_mem_nhdsLE_of_mem (H : b ∈ Ioc a c) : Icc a c ∈ 𝓝[≤] b,1,"### Detailed Proof and Analysis

We are given the theorem:

**Theorem:** If `b ∈ Ioc a c`, then `Icc a c ∈ 𝓝[≤] b`.

First, let's understand the components:
1. `Ioc a c` is the interval `{x | a <",1.68,unconstrained,### Detailed Proof and Analysis,parse_fail,"No terminal matches '#' in the current parser context, at line 1 col 1",<punct>,True,Analysis;Detailed;Proof,False,multiline:5
169878,Icc_mem_nhdsLE_of_mem,theorem Icc_mem_nhdsLE_of_mem (H : b ∈ Ioc a c) : Icc a c ∈ 𝓝[≤] b,2,"### Lean 4 Proof with `have` Statements

```lean
theorem Icc_mem_nhdsLE_of_mem (H : b ∈ Ioc a c) : Icc a c ∈ 𝓝[≤] b
by
  have h₁ : a ≤ b := by sorry
  have h",1.67,unconstrained,### Lean 4 Proof with `have` Statements,parse_fail,"No terminal matches '#' in the current parser context, at line 1 col 1",<punct>,True,Lean;Proof;Statements,False,multiline:6
169878,Icc_mem_nhdsLE_of_mem,theorem Icc_mem_nhdsLE_of_mem (H : b ∈ Ioc a c) : Icc a c ∈ 𝓝[≤] b,3,"### Detailed Proof and Analysis

#### Understanding the Problem

We are given:
1. A point `b` is in the half-open interval `Ioc a c`, i.e., `a ≤ b` and `b < c`.
2. We must show that the closed interval `Icc a c` is",1.67,unconstrained,### Detailed Proof and Analysis,parse_fail,"No terminal matches '#' in the current parser context, at line 1 col 1",<punct>,True,Analysis;Detailed;Proof,False,multiline:5
169878,Icc_mem_nhdsLE_of_mem,theorem Icc_mem_nhdsLE_of_mem (H : b ∈ Ioc a c) : Icc a c ∈ 𝓝[≤] b,4,"### Lean 4 Proof with `have` Statements

```lean4
theorem Icc_mem_nhdsLE_of_mem (H : b ∈ Ioc a c) : Icc a c ∈ 𝓝[≤] b
by
  have h₁ : a ≤ b := by sorry
  have",1.68,unconstrained,### Lean 4 Proof with `have` Statements,parse_fail,"No terminal matches '#' in the current parser context, at line 1 col 1",<punct>,True,Lean;Proof;Statements,False,multiline:6
169878,Icc_mem_nhdsLE_of_mem,theorem Icc_mem_nhdsLE_of_mem (H : b ∈ Ioc a c) : Icc a c ∈ 𝓝[≤] b,5,"### Detailed Proof and Analysis

First, we need to understand the problem and the statement:

**Theorem Statement**: Given `b ∈ Ioc a c`, prove that `Icc a c ∈ 𝓝[≤] b`.

1. **Understand the Hypotheses and Goal**:
   - `",1.7,unconstrained,### Detailed Proof and Analysis,parse_fail,"No terminal matches '#' in the current parser context, at line 1 col 1",<punct>,True,Analysis;Detailed;Proof,False,multiline:5
169878,Icc_mem_nhdsLE_of_mem,theorem Icc_mem_nhdsLE_of_mem (H : b ∈ Ioc a c) : Icc a c ∈ 𝓝[≤] b,6,"### Detailed Proof and Analysis

**Problem:** Prove that if `b` is in the open interval `(a, c]` (i.e., `a < b ≤ c`), then the closed interval `[a, c]` is a neighborhood of `b` within the order topology (i.e.,",1.72,unconstrained,### Detailed Proof and Analysis,parse_fail,"No terminal matches '#' in the current parser context, at line 1 col 1",<punct>,True,Analysis;Detailed;Proof,False,multiline:2
169878,Icc_mem_nhdsLE_of_mem,theorem Icc_mem_nhdsLE_of_mem (H : b ∈ Ioc a c) : Icc a c ∈ 𝓝[≤] b,7,"### Detailed Proof and Analysis

First, let's understand the problem:

**Given:** `b ∈ Ioc a c`, which means `a < b ≤ c`.  
**Prove:** `Icc a c ∈ 𝓝[≤] b`.

**Clarifications:**
1. `Icc a",1.71,unconstrained,### Detailed Proof and Analysis,parse_fail,"No terminal matches '#' in the current parser context, at line 1 col 1",<punct>,True,Analysis;Detailed;Proof,False,multiline:6
18717,sup_eq_half_smul_add_add_abs_sub,lemma sup_eq_half_smul_add_add_abs_sub (x y : M) : x ⊔ y = (⅟2 : R) • (x + y + |y - x|),0,"### Detailed Analysis and Proof

We are to prove that for any two elements `x` and `y` in a lattice `M` (with `⊔` denoting the supremum, i.e., `max` in the case of real numbers), the following holds:

`x ⊔ y = (",1.7,unconstrained,### Detailed Analysis and Proof,parse_fail,"No terminal matches '#' in the current parser context, at line 1 col 1",<punct>,True,Analysis;Detailed;Proof,False,multiline:3
18717,sup_eq_half_smul_add_add_abs_sub,lemma sup_eq_half_smul_add_add_abs_sub (x y : M) : x ⊔ y = (⅟2 : R) • (x + y + |y - x|),1,"### Step 1: Understand the Problem

We are given a theorem statement in Lean 4 about the supremum of two elements `x` and `y` in a type `M`. The statement claims that the supremum of `x` and `y` is equal to `(1/2 : R)",1.7,unconstrained,### Step 1: Understand the Problem,parse_fail,"No terminal matches '#' in the current parser context, at line 1 col 1",<punct>,True,Problem;Step;Understand,False,multiline:2
18717,sup_eq_half_smul_add_add_abs_sub,lemma sup_eq_half_smul_add_add_abs_sub (x y : M) : x ⊔ y = (⅟2 : R) • (x + y + |y - x|),2,"### Detailed Proof and Analysis

First, let's understand the problem. We are working with a general `LinearOrder` typeclass `M` and a real number type `R` (though `R` is not explicitly used in the statement except as a scalar for `SMul`). The statement claims that for any",1.69,unconstrained,### Detailed Proof and Analysis,parse_fail,"No terminal matches '#' in the current parser context, at line 1 col 1",<punct>,True,Analysis;Detailed;Proof,False,multiline:2
18717,sup_eq_half_smul_add_add_abs_sub,lemma sup_eq_half_smul_add_add_abs_sub (x y : M) : x ⊔ y = (⅟2 : R) • (x + y + |y - x|),3,"### Analysis and Proof Sketch

**Problem:** Prove that for any two elements `x` and `y` in a lattice `M`, the supremum of `x` and `y` is equal to `(1/2) • (x + y + |y - x|)`.

**Observations",1.68,unconstrained,### Analysis and Proof Sketch,parse_fail,"No terminal matches '#' in the current parser context, at line 1 col 1",<punct>,True,Analysis;Proof;Sketch,False,multiline:3
18717,sup_eq_half_smul_add_add_abs_sub,lemma sup_eq_half_smul_add_add_abs_sub (x y : M) : x ⊔ y = (⅟2 : R) • (x + y + |y - x|),4,"### Understanding the Problem

First, let's understand what the theorem is stating. The theorem is about the supremum (least upper bound) of two elements `x` and `y` in a partially ordered set (poset) `M`. However, there are a few things to note:

1. The statement",1.67,unconstrained,### Understanding the Problem,parse_fail,"No terminal matches '#' in the current parser context, at line 1 col 1",<punct>,True,Problem;Understanding,False,multiline:3
18717,sup_eq_half_smul_add_add_abs_sub,lemma sup_eq_half_smul_add_add_abs_sub (x y : M) : x ⊔ y = (⅟2 : R) • (x + y + |y - x|),5,"### Detailed Proof and Analysis

First, we need to understand the statement:
```lean
x ⊔ y = (⅟2 : R) • (x + y + |y - x|)
```

Here, `⊔` is the supremum operation, and `•` is the scalar multiplication operation.",1.68,unconstrained,### Detailed Proof and Analysis,parse_fail,"No terminal matches '#' in the current parser context, at line 1 col 1",<punct>,True,Analysis;Detailed;Proof,False,multiline:6
18717,sup_eq_half_smul_add_add_abs_sub,lemma sup_eq_half_smul_add_add_abs_sub (x y : M) : x ⊔ y = (⅟2 : R) • (x + y + |y - x|),6,"### Detailed Proof and Analysis

We are given the statement:
```lean
lemma sup_eq_half_smul_add_add_abs_sub (x y : M) : x ⊔ y = (⅟2 : R) • (x + y + |y - x|)
by
```

First, note that the",1.68,unconstrained,### Detailed Proof and Analysis,parse_fail,"No terminal matches '#' in the current parser context, at line 1 col 1",<punct>,True,Analysis;Detailed;Proof,False,multiline:7
18717,sup_eq_half_smul_add_add_abs_sub,lemma sup_eq_half_smul_add_add_abs_sub (x y : M) : x ⊔ y = (⅟2 : R) • (x + y + |y - x|),7,"### Detailed Proof and Analysis

First, we need to understand the statement:  
**For any two elements `x` and `y` in a partially ordered set `M`, the supremum `x ⊔ y` is equal to `(1/2) • (x + y + |y - x|",1.68,unconstrained,### Detailed Proof and Analysis,parse_fail,"No terminal matches '#' in the current parser context, at line 1 col 1",<punct>,True,Analysis;Detailed;Proof,False,multiline:3
159680,ContinuousAt,theorem ContinuousAt.mul_const (hf : ContinuousAt f x) (b : M) : ContinuousAt (f · * b) x,0,"### Step-by-Step Abstract Plan

#### Understanding the Problem
First, we need to understand what the theorem is stating and what tools are available. The theorem `ContinuousAt.mul_const` states that if `f` is continuous at `x`, then the function `f · * b` (where `b`",1.68,unconstrained,### Step-by-Step Abstract Plan,parse_fail,"No terminal matches '#' in the current parser context, at line 1 col 1",<punct>,True,Abstract;Plan;Step,False,multiline:3
159680,ContinuousAt,theorem ContinuousAt.mul_const (hf : ContinuousAt f x) (b : M) : ContinuousAt (f · * b) x,1,"### Lean 4 Proof Sketch with `have` Statements

```lean4
theorem ContinuousAt.mul_const (hf : ContinuousAt f x) (b : M) : ContinuousAt (f · * b) x := by
  have h_main : ContinuousAt (f · * b) x := by sorry",1.69,unconstrained,### Lean 4 Proof Sketch with `have` Statements,parse_fail,"No terminal matches '#' in the current parser context, at line 1 col 1",<punct>,True,Lean;Proof;Sketch;Statements,False,multiline:4
159680,ContinuousAt,theorem ContinuousAt.mul_const (hf : ContinuousAt f x) (b : M) : ContinuousAt (f · * b) x,2,"### Step 1: Understand the Problem

The problem is to prove that if `f` is continuous at `x` and `b` is a constant (of some type `M`), then the function `f · * b` is continuous at `x`. 

However, the statement is not fully clear",1.68,unconstrained,### Step 1: Understand the Problem,parse_fail,"No terminal matches '#' in the current parser context, at line 1 col 1",<punct>,True,Problem;Step;Understand,False,multiline:3
159680,ContinuousAt,theorem ContinuousAt.mul_const (hf : ContinuousAt f x) (b : M) : ContinuousAt (f · * b) x,3,"### Lean 4 Proof with `have` Statements

```lean
theorem ContinuousAt.mul_const (hf : ContinuousAt f x) (b : M) : ContinuousAt (f · * b) x := by
  have h_main : ContinuousAt (f · * b) x := by sorry
 ",1.67,unconstrained,### Lean 4 Proof with `have` Statements,parse_fail,"No terminal matches '#' in the current parser context, at line 1 col 1",<punct>,True,Lean;Proof;Statements,False,multiline:4
159680,ContinuousAt,theorem ContinuousAt.mul_const (hf : ContinuousAt f x) (b : M) : ContinuousAt (f · * b) x,4,"### Abstract Plan

1. **Understand the Theorem**: The theorem states that if a function `f` is continuous at a point `x`, then the function `f · * b` (where `b` is a constant) is also continuous at `x`. Here, `f · * b`",1.68,unconstrained,### Abstract Plan,parse_fail,"No terminal matches '#' in the current parser context, at line 1 col 1",<punct>,True,Abstract;Plan,False,multiline:2
159680,ContinuousAt,theorem ContinuousAt.mul_const (hf : ContinuousAt f x) (b : M) : ContinuousAt (f · * b) x,5,"### Lean 4 Proof Step

```lean
by
  simpa [Pi.mul_apply, Pi.add_apply, Pi.sub_apply, Pi.one_apply, Pi.zero_apply, Pi.smul_apply] using hf.mul_const b
```

### Explanation

The theorem states that if `f` is continuous at `",1.69,unconstrained,### Lean 4 Proof Step,parse_fail,"No terminal matches '#' in the current parser context, at line 1 col 1",<punct>,True,Lean;Proof;Step,False,multiline:7
159680,ContinuousAt,theorem ContinuousAt.mul_const (hf : ContinuousAt f x) (b : M) : ContinuousAt (f · * b) x,6,"### Lean 4 Proof with `have` Statements

```lean
theorem ContinuousAt.mul_const (hf : ContinuousAt f x) (b : M) : ContinuousAt (f · * b) x
by
  have h : ContinuousAt (fun x => f x * b) x := by sorry",1.68,unconstrained,### Lean 4 Proof with `have` Statements,parse_fail,"No terminal matches '#' in the current parser context, at line 1 col 1",<punct>,True,Lean;Proof;Statements,False,multiline:5
159680,ContinuousAt,theorem ContinuousAt.mul_const (hf : ContinuousAt f x) (b : M) : ContinuousAt (f · * b) x,7,"### Step 1: Understand the Problem
The problem is to prove that the function `f · * b` is continuous at `x`, where `f` is a continuous function at `x` and `b` is a constant (here, `b` is a member of a type `M` that",1.68,unconstrained,### Step 1: Understand the Problem,parse_fail,"No terminal matches '#' in the current parser context, at line 1 col 1",<punct>,True,Problem;Step;Understand,False,multiline:2
166455,disjoint_nhdsSet_cobounded,theorem disjoint_nhdsSet_cobounded {s : Set α} (hs : IsCompact s) : Disjoint (𝓝ˢ s) (cobounded α),0,"### Detailed Proof and Analysis

**Problem Analysis:**
We need to prove that `𝓝ˢ s` and `cobounded α` are disjoint sets of sets. 

1. **Understanding the Components:**
   - `𝓝ˢ s` is the filter of neighborhoods of `s` in the space `",1.68,unconstrained,### Detailed Proof and Analysis,parse_fail,"No terminal matches '#' in the current parser context, at line 1 col 1",<punct>,True,Analysis;Detailed;Proof,False,multiline:5
166455,disjoint_nhdsSet_cobounded,theorem disjoint_nhdsSet_cobounded {s : Set α} (hs : IsCompact s) : Disjoint (𝓝ˢ s) (cobounded α),1,"### Step 1: Understand the Problem
We need to prove that the set of neighborhoods of a compact set `s` in a topological space is disjoint from the set of cobounded sets. 

### Step 2: Definitions and Key Properties
1. **Disjointness of Filters**: Two filters `F",1.67,unconstrained,### Step 1: Understand the Problem,parse_fail,"No terminal matches '#' in the current parser context, at line 1 col 1",<punct>,True,Problem;Step;Understand,False,multiline:4
166455,disjoint_nhdsSet_cobounded,theorem disjoint_nhdsSet_cobounded {s : Set α} (hs : IsCompact s) : Disjoint (𝓝ˢ s) (cobounded α),2,"### Lean 4 Proof Step

```lean
theorem disjoint_nhdsSet_cobounded {s : Set α} (hs : IsCompact s) : Disjoint (𝓝ˢ s) (cobounded α)
by
  have h : Disjoint (𝓝ˢ s) (cobounded α)",1.67,unconstrained,### Lean 4 Proof Step,parse_fail,"No terminal matches '#' in the current parser context, at line 1 col 1",<punct>,True,Lean;Proof;Step,False,multiline:5
166455,disjoint_nhdsSet_cobounded,theorem disjoint_nhdsSet_cobounded {s : Set α} (hs : IsCompact s) : Disjoint (𝓝ˢ s) (cobounded α),3,"### Step 1: Understand the Problem
We need to prove that the neighborhood filter of a compact set `s` is disjoint from the filter of all cofinite sets in a topological space `α`. 

In Lean, `𝓝ˢ s` is the filter of neighborhoods of `s` (the """,1.68,unconstrained,### Step 1: Understand the Problem,parse_fail,"No terminal matches '#' in the current parser context, at line 1 col 1",<punct>,True,Problem;Step;Understand,False,multiline:3
166455,disjoint_nhdsSet_cobounded,theorem disjoint_nhdsSet_cobounded {s : Set α} (hs : IsCompact s) : Disjoint (𝓝ˢ s) (cobounded α),4,"### Lean 4 Proof Step

```lean
theorem disjoint_nhdsSet_cobounded {s : Set α} (hs : IsCompact s) : Disjoint (𝓝ˢ s) (cobounded α)
by
  have h : Disjoint (𝓝ˢ s) (cobounded α)",1.69,unconstrained,### Lean 4 Proof Step,parse_fail,"No terminal matches '#' in the current parser context, at line 1 col 1",<punct>,True,Lean;Proof;Step,False,multiline:5
166455,disjoint_nhdsSet_cobounded,theorem disjoint_nhdsSet_cobounded {s : Set α} (hs : IsCompact s) : Disjoint (𝓝ˢ s) (cobounded α),5,"### Lean 4 Proof Sketch

Here is a sketch of the proof using `have` statements with `sorry` placeholders:

```lean4
theorem disjoint_nhdsSet_cobounded {s : Set α} (hs : IsCompact s) : Disjoint (𝓝ˢ s) (cobounded α)",1.68,unconstrained,### Lean 4 Proof Sketch,parse_fail,"No terminal matches '#' in the current parser context, at line 1 col 1",<punct>,True,Lean;Proof;Sketch,False,multiline:4
166455,disjoint_nhdsSet_cobounded,theorem disjoint_nhdsSet_cobounded {s : Set α} (hs : IsCompact s) : Disjoint (𝓝ˢ s) (cobounded α),6,"### Step 1: Understand the Problem
The problem is to prove that the neighborhood filter `𝓝ˢ s` (which is the same as `𝓝 s` since `s` is compact) is disjoint from the filter `cobounded α` (which is the filter of cofinite sets in `α",1.68,unconstrained,### Step 1: Understand the Problem,parse_fail,"No terminal matches '#' in the current parser context, at line 1 col 1",<punct>,True,Problem;Step;Understand,False,multiline:2
166455,disjoint_nhdsSet_cobounded,theorem disjoint_nhdsSet_cobounded {s : Set α} (hs : IsCompact s) : Disjoint (𝓝ˢ s) (cobounded α),7,"### Step 1: Understand the Problem
We need to prove that the neighborhood filter `𝓝ˢ s` of a compact set `s` is disjoint from the filter `cobounded α` (the set of all sets containing all but at most countably many points of `α`). 

However, the Lean",1.68,unconstrained,### Step 1: Understand the Problem,parse_fail,"No terminal matches '#' in the current parser context, at line 1 col 1",<punct>,True,Problem;Step;Understand,False,multiline:3
44862,explicitCokernel_hom_ext,theorem explicitCokernel_hom_ext {X Y Z : SemiNormedGrp.{u}} {f : X ⟶ Y} (e₁ e₂ : explicitCokernel f ⟶ Z) (h : explicitCokernelπ f ≫ e₁ = explicitCokernelπ f ≫ e₂) : e₁ = e₂,0,"### Step 1: Understand the Problem

We are given:
1. `X`, `Y`, `Z` are semi-normed groups (over a field `𝕜`, but this is implicit in the problem).
2. `f : X ⟶ Y` is a map between these groups.
3.",1.69,unconstrained,### Step 1: Understand the Problem,parse_fail,"No terminal matches '#' in the current parser context, at line 1 col 1",<punct>,True,Problem;Step;Understand,False,multiline:5
44862,explicitCokernel_hom_ext,theorem explicitCokernel_hom_ext {X Y Z : SemiNormedGrp.{u}} {f : X ⟶ Y} (e₁ e₂ : explicitCokernel f ⟶ Z) (h : explicitCokernelπ f ≫ e₁ = explicitCokernelπ f ≫ e₂) : e₁ = e₂,1,"### Lean 4 Proof

```lean4
theorem explicitCokernel_hom_ext {X Y Z : SemiNormedGrp.{u}} {f : X ⟶ Y} (e₁ e₂ : explicitCokernel f ⟶ Z) (h : explicitCokernelπ f ≫",1.68,unconstrained,### Lean 4 Proof,parse_fail,"No terminal matches '#' in the current parser context, at line 1 col 1",<punct>,True,Lean;Proof,False,multiline:3
44862,explicitCokernel_hom_ext,theorem explicitCokernel_hom_ext {X Y Z : SemiNormedGrp.{u}} {f : X ⟶ Y} (e₁ e₂ : explicitCokernel f ⟶ Z) (h : explicitCokernelπ f ≫ e₁ = explicitCokernelπ f ≫ e₂) : e₁ = e₂,2,"### Detailed Analysis and Proof Sketch

First, let's understand the statement and the Lean 4 context:

1. **Types and Definitions**:
   - `X`, `Y`, `Z` are `SemiNormedGrp`s (semi-normed groups) in some universe `{u}` (though",1.69,unconstrained,### Detailed Analysis and Proof Sketch,parse_fail,"No terminal matches '#' in the current parser context, at line 1 col 1",<punct>,True,Analysis;Detailed;Proof;Sketch,False,multiline:4
44862,explicitCokernel_hom_ext,theorem explicitCokernel_hom_ext {X Y Z : SemiNormedGrp.{u}} {f : X ⟶ Y} (e₁ e₂ : explicitCokernel f ⟶ Z) (h : explicitCokernelπ f ≫ e₁ = explicitCokernelπ f ≫ e₂) : e₁ = e₂,3,"### Detailed Analysis and Proof

First, let's understand the problem:
- We have two semi-normed groups `X`, `Y`, `Z` (with some `u` associated, but the exact nature of `u` is not critical here).
- We have a function `f : X ⟶",1.69,unconstrained,### Detailed Analysis and Proof,parse_fail,"No terminal matches '#' in the current parser context, at line 1 col 1",<punct>,True,Analysis;Detailed;Proof,False,multiline:4
44862,explicitCokernel_hom_ext,theorem explicitCokernel_hom_ext {X Y Z : SemiNormedGrp.{u}} {f : X ⟶ Y} (e₁ e₂ : explicitCokernel f ⟶ Z) (h : explicitCokernelπ f ≫ e₁ = explicitCokernelπ f ≫ e₂) : e₁ = e₂,4,"### Step-by-Step Abstract Plan

1. **Understand the Problem**:
   - We have a function `f : X → Y` where `X`, `Y`, `Z` are semi-normed groups (or similar structures).
   - We have two functions `e₁`, `e₂",1.68,unconstrained,### Step-by-Step Abstract Plan,parse_fail,"No terminal matches '#' in the current parser context, at line 1 col 1",<punct>,True,Abstract;Plan;Step,False,multiline:4
44862,explicitCokernel_hom_ext,theorem explicitCokernel_hom_ext {X Y Z : SemiNormedGrp.{u}} {f : X ⟶ Y} (e₁ e₂ : explicitCokernel f ⟶ Z) (h : explicitCokernelπ f ≫ e₁ = explicitCokernelπ f ≫ e₂) : e₁ = e₂,5,"### Step 1: Understand the Problem

First, we need to understand the statement of the theorem:
- We have three semi-normed groups `X`, `Y`, and `Z` (with some fixed universe `u`).
- We have a map `f : X → Y`.
- We have",1.68,unconstrained,### Step 1: Understand the Problem,parse_fail,"No terminal matches '#' in the current parser context, at line 1 col 1",<punct>,True,Problem;Step;Understand,False,multiline:5
44862,explicitCokernel_hom_ext,theorem explicitCokernel_hom_ext {X Y Z : SemiNormedGrp.{u}} {f : X ⟶ Y} (e₁ e₂ : explicitCokernel f ⟶ Z) (h : explicitCokernelπ f ≫ e₁ = explicitCokernelπ f ≫ e₂) : e₁ = e₂,6,"### Understanding the Problem

First, we need to understand the Lean 4 theorem statement:

```lean
theorem explicitCokernel_hom_ext {X Y Z : SemiNormedGrp.{u}} {f : X ⟶ Y} (e₁ e₂ : explicitCokernel f ⟶ Z)",1.68,unconstrained,### Understanding the Problem,parse_fail,"No terminal matches '#' in the current parser context, at line 1 col 1",<punct>,True,Problem;Understanding,False,multiline:4
44862,explicitCokernel_hom_ext,theorem explicitCokernel_hom_ext {X Y Z : SemiNormedGrp.{u}} {f : X ⟶ Y} (e₁ e₂ : explicitCokernel f ⟶ Z) (h : explicitCokernelπ f ≫ e₁ = explicitCokernelπ f ≫ e₂) : e₁ = e₂,7,"### Detailed Proof

**Problem Analysis:**
We are given a theorem about the explicit cokernel of a continuous linear map `f : X → Y` between semi-normed groups, where `X`, `Y`, `Z` are semi-normed groups (indexed by `u`, but we can",1.68,unconstrained,### Detailed Proof,parse_fail,"No terminal matches '#' in the current parser context, at line 1 col 1",<punct>,True,Detailed;Proof,False,multiline:3
